model,MSE,RMSE,MAE,R2
pipeline_synthetic,0.0011590263001763472,0.034044475325320366,0.020994127782333342,0.9619774476418342
