model,MSE,RMSE,MAE,R2
pipeline_optimized,0.0015083863575317213,0.038837949965616375,0.027702085448880406,0.9505164815959167
