model,MSE,RMSE,MAE,R2
pipeline_optimized,0.001120378229850029,0.033472051473580594,0.021380823913044644,0.9632453207498913
