Model,R2,RMSE,MAE,MSE
BPNN,-0.08584911093453962,0.115590361659709,0.09626570862234363,0.013361131708622324
KNN,-0.11792513111269187,0.11728520793348152,0.09599,0.013755819999999997
Linear Regression,-0.0029759580179815615,0.11109183588932448,0.09533558224230174,0.0123413960012606
Random Forest,-0.1315530821237736,0.1179979190705169,0.0957558069187757,0.013923508904972258
