model,type,R2,RMSE,MAE,MSE
Concentration-Dependent Adsorption Time,analytical,-2.8351994083939434,0.17730934132908485,0.15859457893464474,0.03143860252255392
Bonded-Layer Adsorption,analytical,-3.3982801683906647,0.18987994041697237,0.16690418720381336,0.03605439177275298
Landau-Levich Wet/Mobile Layer,analytical,-994.137240110245,2.856137629062626,1.599271133999859,8.157522156147479
Capillarity / Evaporation Regime,analytical,-1056.0361631673534,2.9436255539308562,1.6431564986737397,8.664931401754739
Combined Capillarity + Landau-Levich,analytical,-4449.501840612623,6.040072257560816,3.207352785145888,36.4824728765558
Bayesian Optimized RF,machine_learning,0.9811232787135902,0.012439442684566988,0.0062125439393321625,0.00015473973430262718
