cohort,protocol,fold,role,record_id,group_id
primary,grouped_cv,1,proper_train,hexane:2,hexane:0.02
primary,grouped_cv,1,proper_train,hexane:3,hexane:0.02
primary,grouped_cv,1,proper_train,hexane:4,hexane:0.02
primary,grouped_cv,1,proper_train,hexane:5,hexane:0.02
primary,grouped_cv,1,proper_train,hexane:6,hexane:0.02
primary,grouped_cv,1,proper_train,hexane:7,hexane:0.02
primary,grouped_cv,1,proper_train,hexane:20,hexane:0.09
primary,grouped_cv,1,proper_train,hexane:21,hexane:0.09
primary,grouped_cv,1,proper_train,hexane:22,hexane:0.09
primary,grouped_cv,1,proper_train,hexane:29,hexane:0.15
primary,grouped_cv,1,proper_train,hexane:30,hexane:0.15
primary,grouped_cv,1,proper_train,hexane:31,hexane:0.15
primary,grouped_cv,1,proper_train,hexane:38,hexane:1
primary,grouped_cv,1,proper_train,hexane:39,hexane:1
primary,grouped_cv,1,proper_train,hexane:40,hexane:1
primary,grouped_cv,1,proper_train,hexane:47,hexane:2.5
primary,grouped_cv,1,proper_train,hexane:48,hexane:2.5
primary,grouped_cv,1,proper_train,hexane:49,hexane:2.5
primary,grouped_cv,1,proper_train,hexane:53,hexane:5
primary,grouped_cv,1,proper_train,hexane:54,hexane:5
primary,grouped_cv,1,proper_train,hexane:55,hexane:5
primary,grouped_cv,1,proper_train,hexane:56,hexane:7
primary,grouped_cv,1,proper_train,hexane:57,hexane:7
primary,grouped_cv,1,proper_train,hexane:58,hexane:7
primary,grouped_cv,1,proper_train,toluene:20,toluene:0.005
primary,grouped_cv,1,proper_train,toluene:21,toluene:0.005
primary,grouped_cv,1,proper_train,toluene:22,toluene:0.005
primary,grouped_cv,1,proper_train,toluene:29,toluene:0.025
primary,grouped_cv,1,proper_train,toluene:30,toluene:0.025
primary,grouped_cv,1,proper_train,toluene:31,toluene:0.025
primary,grouped_cv,1,proper_train,toluene:32,toluene:0.05
primary,grouped_cv,1,proper_train,toluene:33,toluene:0.05
primary,grouped_cv,1,proper_train,toluene:34,toluene:0.05
primary,grouped_cv,1,proper_train,toluene:35,toluene:0.1
primary,grouped_cv,1,proper_train,toluene:36,toluene:0.1
primary,grouped_cv,1,proper_train,toluene:37,toluene:0.1
primary,grouped_cv,1,proper_train,toluene:45,toluene:40
primary,grouped_cv,1,proper_train,toluene:46,toluene:40
primary,grouped_cv,1,proper_train,ethyl_acetate:5,ethyl_acetate:0.15
primary,grouped_cv,1,proper_train,ethyl_acetate:6,ethyl_acetate:0.15
primary,grouped_cv,1,proper_train,ethyl_acetate:7,ethyl_acetate:0.15
primary,grouped_cv,1,proper_train,ethyl_acetate:8,ethyl_acetate:0.25
primary,grouped_cv,1,proper_train,ethyl_acetate:9,ethyl_acetate:0.25
primary,grouped_cv,1,proper_train,ethyl_acetate:10,ethyl_acetate:0.25
primary,grouped_cv,1,proper_train,ethyl_acetate:17,ethyl_acetate:0.25
primary,grouped_cv,1,proper_train,ethyl_acetate:18,ethyl_acetate:0.25
primary,grouped_cv,1,proper_train,ethyl_acetate:19,ethyl_acetate:0.25
primary,grouped_cv,1,proper_train,ethyl_acetate:20,ethyl_acetate:1
primary,grouped_cv,1,proper_train,ethyl_acetate:21,ethyl_acetate:1
primary,grouped_cv,1,proper_train,ethyl_acetate:22,ethyl_acetate:1
primary,grouped_cv,1,proper_train,ethyl_acetate:23,ethyl_acetate:2
primary,grouped_cv,1,proper_train,ethyl_acetate:24,ethyl_acetate:2
primary,grouped_cv,1,proper_train,ethyl_acetate:25,ethyl_acetate:2
primary,grouped_cv,1,proper_train,ethyl_acetate:26,ethyl_acetate:3
primary,grouped_cv,1,proper_train,ethyl_acetate:27,ethyl_acetate:3
primary,grouped_cv,1,proper_train,ethyl_acetate:28,ethyl_acetate:3
primary,grouped_cv,1,proper_train,ethyl_acetate:29,ethyl_acetate:5
primary,grouped_cv,1,proper_train,ethyl_acetate:30,ethyl_acetate:5
primary,grouped_cv,1,proper_train,ethyl_acetate:31,ethyl_acetate:5
primary,grouped_cv,1,calibration,hexane:8,hexane:0.05
primary,grouped_cv,1,calibration,hexane:9,hexane:0.05
primary,grouped_cv,1,calibration,hexane:10,hexane:0.05
primary,grouped_cv,1,calibration,hexane:11,hexane:0.05
primary,grouped_cv,1,calibration,hexane:12,hexane:0.05
primary,grouped_cv,1,calibration,hexane:13,hexane:0.05
primary,grouped_cv,1,calibration,hexane:14,hexane:0.07
primary,grouped_cv,1,calibration,hexane:15,hexane:0.07
primary,grouped_cv,1,calibration,hexane:16,hexane:0.07
primary,grouped_cv,1,calibration,hexane:17,hexane:0.07
primary,grouped_cv,1,calibration,hexane:18,hexane:0.07
primary,grouped_cv,1,calibration,hexane:19,hexane:0.07
primary,grouped_cv,1,calibration,hexane:32,hexane:0.25
primary,grouped_cv,1,calibration,hexane:33,hexane:0.25
primary,grouped_cv,1,calibration,hexane:34,hexane:0.25
primary,grouped_cv,1,calibration,hexane:35,hexane:0.5
primary,grouped_cv,1,calibration,hexane:36,hexane:0.5
primary,grouped_cv,1,calibration,hexane:37,hexane:0.5
primary,grouped_cv,1,calibration,hexane:44,hexane:2
primary,grouped_cv,1,calibration,hexane:45,hexane:2
primary,grouped_cv,1,calibration,hexane:46,hexane:2
primary,grouped_cv,1,calibration,hexane:59,hexane:10
primary,grouped_cv,1,calibration,toluene:23,toluene:0.01
primary,grouped_cv,1,calibration,toluene:24,toluene:0.01
primary,grouped_cv,1,calibration,toluene:25,toluene:0.01
primary,grouped_cv,1,calibration,toluene:26,toluene:0.015
primary,grouped_cv,1,calibration,toluene:27,toluene:0.015
primary,grouped_cv,1,calibration,toluene:28,toluene:0.015
primary,grouped_cv,1,calibration,toluene:38,toluene:0.25
primary,grouped_cv,1,calibration,toluene:39,toluene:0.25
primary,grouped_cv,1,calibration,toluene:40,toluene:0.25
primary,grouped_cv,1,calibration,toluene:41,toluene:10
primary,grouped_cv,1,calibration,toluene:42,toluene:10
primary,grouped_cv,1,calibration,toluene:43,toluene:10
primary,grouped_cv,1,calibration,ethyl_acetate:2,ethyl_acetate:0.1
primary,grouped_cv,1,calibration,ethyl_acetate:3,ethyl_acetate:0.1
primary,grouped_cv,1,calibration,ethyl_acetate:4,ethyl_acetate:0.1
primary,grouped_cv,1,calibration,ethyl_acetate:14,ethyl_acetate:0.1
primary,grouped_cv,1,calibration,ethyl_acetate:15,ethyl_acetate:0.1
primary,grouped_cv,1,calibration,ethyl_acetate:16,ethyl_acetate:0.1
primary,grouped_cv,1,test,hexane:23,hexane:0.1
primary,grouped_cv,1,test,hexane:24,hexane:0.1
primary,grouped_cv,1,test,hexane:25,hexane:0.1
primary,grouped_cv,1,test,hexane:26,hexane:0.1
primary,grouped_cv,1,test,hexane:27,hexane:0.1
primary,grouped_cv,1,test,hexane:28,hexane:0.1
primary,grouped_cv,1,test,hexane:41,hexane:1.5
primary,grouped_cv,1,test,hexane:42,hexane:1.5
primary,grouped_cv,1,test,hexane:43,hexane:1.5
primary,grouped_cv,1,test,hexane:50,hexane:3
primary,grouped_cv,1,test,hexane:51,hexane:3
primary,grouped_cv,1,test,hexane:52,hexane:3
primary,grouped_cv,1,test,toluene:17,toluene:0.0025
primary,grouped_cv,1,test,toluene:18,toluene:0.0025
primary,grouped_cv,1,test,toluene:19,toluene:0.0025
primary,grouped_cv,1,test,toluene:47,toluene:50
primary,grouped_cv,1,test,toluene:48,toluene:50
primary,grouped_cv,1,test,toluene:49,toluene:50
primary,grouped_cv,1,test,toluene:50,toluene:50
primary,grouped_cv,1,test,toluene:51,toluene:50
primary,grouped_cv,1,test,toluene:52,toluene:50
primary,grouped_cv,1,test,ethyl_acetate:11,ethyl_acetate:0.5
primary,grouped_cv,1,test,ethyl_acetate:12,ethyl_acetate:0.5
primary,grouped_cv,1,test,ethyl_acetate:13,ethyl_acetate:0.5
primary,grouped_cv,1,test,ethyl_acetate:32,ethyl_acetate:10
primary,grouped_cv,1,test,ethyl_acetate:33,ethyl_acetate:10
primary,grouped_cv,1,test,ethyl_acetate:34,ethyl_acetate:10
primary,grouped_cv,2,proper_train,hexane:2,hexane:0.02
primary,grouped_cv,2,proper_train,hexane:3,hexane:0.02
primary,grouped_cv,2,proper_train,hexane:4,hexane:0.02
primary,grouped_cv,2,proper_train,hexane:5,hexane:0.02
primary,grouped_cv,2,proper_train,hexane:6,hexane:0.02
primary,grouped_cv,2,proper_train,hexane:7,hexane:0.02
primary,grouped_cv,2,proper_train,hexane:20,hexane:0.09
primary,grouped_cv,2,proper_train,hexane:21,hexane:0.09
primary,grouped_cv,2,proper_train,hexane:22,hexane:0.09
primary,grouped_cv,2,proper_train,hexane:23,hexane:0.1
primary,grouped_cv,2,proper_train,hexane:24,hexane:0.1
primary,grouped_cv,2,proper_train,hexane:25,hexane:0.1
primary,grouped_cv,2,proper_train,hexane:26,hexane:0.1
primary,grouped_cv,2,proper_train,hexane:27,hexane:0.1
primary,grouped_cv,2,proper_train,hexane:28,hexane:0.1
primary,grouped_cv,2,proper_train,hexane:38,hexane:1
primary,grouped_cv,2,proper_train,hexane:39,hexane:1
primary,grouped_cv,2,proper_train,hexane:40,hexane:1
primary,grouped_cv,2,proper_train,hexane:47,hexane:2.5
primary,grouped_cv,2,proper_train,hexane:48,hexane:2.5
primary,grouped_cv,2,proper_train,hexane:49,hexane:2.5
primary,grouped_cv,2,proper_train,hexane:50,hexane:3
primary,grouped_cv,2,proper_train,hexane:51,hexane:3
primary,grouped_cv,2,proper_train,hexane:52,hexane:3
primary,grouped_cv,2,proper_train,hexane:53,hexane:5
primary,grouped_cv,2,proper_train,hexane:54,hexane:5
primary,grouped_cv,2,proper_train,hexane:55,hexane:5
primary,grouped_cv,2,proper_train,toluene:17,toluene:0.0025
primary,grouped_cv,2,proper_train,toluene:18,toluene:0.0025
primary,grouped_cv,2,proper_train,toluene:19,toluene:0.0025
primary,grouped_cv,2,proper_train,toluene:26,toluene:0.015
primary,grouped_cv,2,proper_train,toluene:27,toluene:0.015
primary,grouped_cv,2,proper_train,toluene:28,toluene:0.015
primary,grouped_cv,2,proper_train,toluene:32,toluene:0.05
primary,grouped_cv,2,proper_train,toluene:33,toluene:0.05
primary,grouped_cv,2,proper_train,toluene:34,toluene:0.05
primary,grouped_cv,2,proper_train,toluene:35,toluene:0.1
primary,grouped_cv,2,proper_train,toluene:36,toluene:0.1
primary,grouped_cv,2,proper_train,toluene:37,toluene:0.1
primary,grouped_cv,2,proper_train,toluene:47,toluene:50
primary,grouped_cv,2,proper_train,toluene:48,toluene:50
primary,grouped_cv,2,proper_train,toluene:49,toluene:50
primary,grouped_cv,2,proper_train,toluene:50,toluene:50
primary,grouped_cv,2,proper_train,toluene:51,toluene:50
primary,grouped_cv,2,proper_train,toluene:52,toluene:50
primary,grouped_cv,2,proper_train,ethyl_acetate:11,ethyl_acetate:0.5
primary,grouped_cv,2,proper_train,ethyl_acetate:12,ethyl_acetate:0.5
primary,grouped_cv,2,proper_train,ethyl_acetate:13,ethyl_acetate:0.5
primary,grouped_cv,2,proper_train,ethyl_acetate:20,ethyl_acetate:1
primary,grouped_cv,2,proper_train,ethyl_acetate:21,ethyl_acetate:1
primary,grouped_cv,2,proper_train,ethyl_acetate:22,ethyl_acetate:1
primary,grouped_cv,2,proper_train,ethyl_acetate:23,ethyl_acetate:2
primary,grouped_cv,2,proper_train,ethyl_acetate:24,ethyl_acetate:2
primary,grouped_cv,2,proper_train,ethyl_acetate:25,ethyl_acetate:2
primary,grouped_cv,2,proper_train,ethyl_acetate:26,ethyl_acetate:3
primary,grouped_cv,2,proper_train,ethyl_acetate:27,ethyl_acetate:3
primary,grouped_cv,2,proper_train,ethyl_acetate:28,ethyl_acetate:3
primary,grouped_cv,2,proper_train,ethyl_acetate:29,ethyl_acetate:5
primary,grouped_cv,2,proper_train,ethyl_acetate:30,ethyl_acetate:5
primary,grouped_cv,2,proper_train,ethyl_acetate:31,ethyl_acetate:5
primary,grouped_cv,2,proper_train,ethyl_acetate:32,ethyl_acetate:10
primary,grouped_cv,2,proper_train,ethyl_acetate:33,ethyl_acetate:10
primary,grouped_cv,2,proper_train,ethyl_acetate:34,ethyl_acetate:10
primary,grouped_cv,2,calibration,hexane:8,hexane:0.05
primary,grouped_cv,2,calibration,hexane:9,hexane:0.05
primary,grouped_cv,2,calibration,hexane:10,hexane:0.05
primary,grouped_cv,2,calibration,hexane:11,hexane:0.05
primary,grouped_cv,2,calibration,hexane:12,hexane:0.05
primary,grouped_cv,2,calibration,hexane:13,hexane:0.05
primary,grouped_cv,2,calibration,hexane:14,hexane:0.07
primary,grouped_cv,2,calibration,hexane:15,hexane:0.07
primary,grouped_cv,2,calibration,hexane:16,hexane:0.07
primary,grouped_cv,2,calibration,hexane:17,hexane:0.07
primary,grouped_cv,2,calibration,hexane:18,hexane:0.07
primary,grouped_cv,2,calibration,hexane:19,hexane:0.07
primary,grouped_cv,2,calibration,hexane:29,hexane:0.15
primary,grouped_cv,2,calibration,hexane:30,hexane:0.15
primary,grouped_cv,2,calibration,hexane:31,hexane:0.15
primary,grouped_cv,2,calibration,hexane:35,hexane:0.5
primary,grouped_cv,2,calibration,hexane:36,hexane:0.5
primary,grouped_cv,2,calibration,hexane:37,hexane:0.5
primary,grouped_cv,2,calibration,hexane:41,hexane:1.5
primary,grouped_cv,2,calibration,hexane:42,hexane:1.5
primary,grouped_cv,2,calibration,hexane:43,hexane:1.5
primary,grouped_cv,2,calibration,hexane:59,hexane:10
primary,grouped_cv,2,calibration,toluene:20,toluene:0.005
primary,grouped_cv,2,calibration,toluene:21,toluene:0.005
primary,grouped_cv,2,calibration,toluene:22,toluene:0.005
primary,grouped_cv,2,calibration,toluene:23,toluene:0.01
primary,grouped_cv,2,calibration,toluene:24,toluene:0.01
primary,grouped_cv,2,calibration,toluene:25,toluene:0.01
primary,grouped_cv,2,calibration,toluene:38,toluene:0.25
primary,grouped_cv,2,calibration,toluene:39,toluene:0.25
primary,grouped_cv,2,calibration,toluene:40,toluene:0.25
primary,grouped_cv,2,calibration,toluene:41,toluene:10
primary,grouped_cv,2,calibration,toluene:42,toluene:10
primary,grouped_cv,2,calibration,toluene:43,toluene:10
primary,grouped_cv,2,calibration,ethyl_acetate:5,ethyl_acetate:0.15
primary,grouped_cv,2,calibration,ethyl_acetate:6,ethyl_acetate:0.15
primary,grouped_cv,2,calibration,ethyl_acetate:7,ethyl_acetate:0.15
primary,grouped_cv,2,test,hexane:32,hexane:0.25
primary,grouped_cv,2,test,hexane:33,hexane:0.25
primary,grouped_cv,2,test,hexane:34,hexane:0.25
primary,grouped_cv,2,test,hexane:44,hexane:2
primary,grouped_cv,2,test,hexane:45,hexane:2
primary,grouped_cv,2,test,hexane:46,hexane:2
primary,grouped_cv,2,test,hexane:56,hexane:7
primary,grouped_cv,2,test,hexane:57,hexane:7
primary,grouped_cv,2,test,hexane:58,hexane:7
primary,grouped_cv,2,test,toluene:29,toluene:0.025
primary,grouped_cv,2,test,toluene:30,toluene:0.025
primary,grouped_cv,2,test,toluene:31,toluene:0.025
primary,grouped_cv,2,test,toluene:45,toluene:40
primary,grouped_cv,2,test,toluene:46,toluene:40
primary,grouped_cv,2,test,ethyl_acetate:2,ethyl_acetate:0.1
primary,grouped_cv,2,test,ethyl_acetate:3,ethyl_acetate:0.1
primary,grouped_cv,2,test,ethyl_acetate:4,ethyl_acetate:0.1
primary,grouped_cv,2,test,ethyl_acetate:8,ethyl_acetate:0.25
primary,grouped_cv,2,test,ethyl_acetate:9,ethyl_acetate:0.25
primary,grouped_cv,2,test,ethyl_acetate:10,ethyl_acetate:0.25
primary,grouped_cv,2,test,ethyl_acetate:14,ethyl_acetate:0.1
primary,grouped_cv,2,test,ethyl_acetate:15,ethyl_acetate:0.1
primary,grouped_cv,2,test,ethyl_acetate:16,ethyl_acetate:0.1
primary,grouped_cv,2,test,ethyl_acetate:17,ethyl_acetate:0.25
primary,grouped_cv,2,test,ethyl_acetate:18,ethyl_acetate:0.25
primary,grouped_cv,2,test,ethyl_acetate:19,ethyl_acetate:0.25
primary,grouped_cv,3,proper_train,hexane:2,hexane:0.02
primary,grouped_cv,3,proper_train,hexane:3,hexane:0.02
primary,grouped_cv,3,proper_train,hexane:4,hexane:0.02
primary,grouped_cv,3,proper_train,hexane:5,hexane:0.02
primary,grouped_cv,3,proper_train,hexane:6,hexane:0.02
primary,grouped_cv,3,proper_train,hexane:7,hexane:0.02
primary,grouped_cv,3,proper_train,hexane:23,hexane:0.1
primary,grouped_cv,3,proper_train,hexane:24,hexane:0.1
primary,grouped_cv,3,proper_train,hexane:25,hexane:0.1
primary,grouped_cv,3,proper_train,hexane:26,hexane:0.1
primary,grouped_cv,3,proper_train,hexane:27,hexane:0.1
primary,grouped_cv,3,proper_train,hexane:28,hexane:0.1
primary,grouped_cv,3,proper_train,hexane:38,hexane:1
primary,grouped_cv,3,proper_train,hexane:39,hexane:1
primary,grouped_cv,3,proper_train,hexane:40,hexane:1
primary,grouped_cv,3,proper_train,hexane:41,hexane:1.5
primary,grouped_cv,3,proper_train,hexane:42,hexane:1.5
primary,grouped_cv,3,proper_train,hexane:43,hexane:1.5
primary,grouped_cv,3,proper_train,hexane:44,hexane:2
primary,grouped_cv,3,proper_train,hexane:45,hexane:2
primary,grouped_cv,3,proper_train,hexane:46,hexane:2
primary,grouped_cv,3,proper_train,hexane:53,hexane:5
primary,grouped_cv,3,proper_train,hexane:54,hexane:5
primary,grouped_cv,3,proper_train,hexane:55,hexane:5
primary,grouped_cv,3,proper_train,hexane:56,hexane:7
primary,grouped_cv,3,proper_train,hexane:57,hexane:7
primary,grouped_cv,3,proper_train,hexane:58,hexane:7
primary,grouped_cv,3,proper_train,toluene:17,toluene:0.0025
primary,grouped_cv,3,proper_train,toluene:18,toluene:0.0025
primary,grouped_cv,3,proper_train,toluene:19,toluene:0.0025
primary,grouped_cv,3,proper_train,toluene:29,toluene:0.025
primary,grouped_cv,3,proper_train,toluene:30,toluene:0.025
primary,grouped_cv,3,proper_train,toluene:31,toluene:0.025
primary,grouped_cv,3,proper_train,toluene:32,toluene:0.05
primary,grouped_cv,3,proper_train,toluene:33,toluene:0.05
primary,grouped_cv,3,proper_train,toluene:34,toluene:0.05
primary,grouped_cv,3,proper_train,toluene:45,toluene:40
primary,grouped_cv,3,proper_train,toluene:46,toluene:40
primary,grouped_cv,3,proper_train,toluene:47,toluene:50
primary,grouped_cv,3,proper_train,toluene:48,toluene:50
primary,grouped_cv,3,proper_train,toluene:49,toluene:50
primary,grouped_cv,3,proper_train,toluene:50,toluene:50
primary,grouped_cv,3,proper_train,toluene:51,toluene:50
primary,grouped_cv,3,proper_train,toluene:52,toluene:50
primary,grouped_cv,3,proper_train,ethyl_acetate:5,ethyl_acetate:0.15
primary,grouped_cv,3,proper_train,ethyl_acetate:6,ethyl_acetate:0.15
primary,grouped_cv,3,proper_train,ethyl_acetate:7,ethyl_acetate:0.15
primary,grouped_cv,3,proper_train,ethyl_acetate:8,ethyl_acetate:0.25
primary,grouped_cv,3,proper_train,ethyl_acetate:9,ethyl_acetate:0.25
primary,grouped_cv,3,proper_train,ethyl_acetate:10,ethyl_acetate:0.25
primary,grouped_cv,3,proper_train,ethyl_acetate:11,ethyl_acetate:0.5
primary,grouped_cv,3,proper_train,ethyl_acetate:12,ethyl_acetate:0.5
primary,grouped_cv,3,proper_train,ethyl_acetate:13,ethyl_acetate:0.5
primary,grouped_cv,3,proper_train,ethyl_acetate:17,ethyl_acetate:0.25
primary,grouped_cv,3,proper_train,ethyl_acetate:18,ethyl_acetate:0.25
primary,grouped_cv,3,proper_train,ethyl_acetate:19,ethyl_acetate:0.25
primary,grouped_cv,3,proper_train,ethyl_acetate:23,ethyl_acetate:2
primary,grouped_cv,3,proper_train,ethyl_acetate:24,ethyl_acetate:2
primary,grouped_cv,3,proper_train,ethyl_acetate:25,ethyl_acetate:2
primary,grouped_cv,3,proper_train,ethyl_acetate:29,ethyl_acetate:5
primary,grouped_cv,3,proper_train,ethyl_acetate:30,ethyl_acetate:5
primary,grouped_cv,3,proper_train,ethyl_acetate:31,ethyl_acetate:5
primary,grouped_cv,3,proper_train,ethyl_acetate:32,ethyl_acetate:10
primary,grouped_cv,3,proper_train,ethyl_acetate:33,ethyl_acetate:10
primary,grouped_cv,3,proper_train,ethyl_acetate:34,ethyl_acetate:10
primary,grouped_cv,3,calibration,hexane:14,hexane:0.07
primary,grouped_cv,3,calibration,hexane:15,hexane:0.07
primary,grouped_cv,3,calibration,hexane:16,hexane:0.07
primary,grouped_cv,3,calibration,hexane:17,hexane:0.07
primary,grouped_cv,3,calibration,hexane:18,hexane:0.07
primary,grouped_cv,3,calibration,hexane:19,hexane:0.07
primary,grouped_cv,3,calibration,hexane:20,hexane:0.09
primary,grouped_cv,3,calibration,hexane:21,hexane:0.09
primary,grouped_cv,3,calibration,hexane:22,hexane:0.09
primary,grouped_cv,3,calibration,hexane:29,hexane:0.15
primary,grouped_cv,3,calibration,hexane:30,hexane:0.15
primary,grouped_cv,3,calibration,hexane:31,hexane:0.15
primary,grouped_cv,3,calibration,hexane:32,hexane:0.25
primary,grouped_cv,3,calibration,hexane:33,hexane:0.25
primary,grouped_cv,3,calibration,hexane:34,hexane:0.25
primary,grouped_cv,3,calibration,hexane:35,hexane:0.5
primary,grouped_cv,3,calibration,hexane:36,hexane:0.5
primary,grouped_cv,3,calibration,hexane:37,hexane:0.5
primary,grouped_cv,3,calibration,hexane:50,hexane:3
primary,grouped_cv,3,calibration,hexane:51,hexane:3
primary,grouped_cv,3,calibration,hexane:52,hexane:3
primary,grouped_cv,3,calibration,toluene:20,toluene:0.005
primary,grouped_cv,3,calibration,toluene:21,toluene:0.005
primary,grouped_cv,3,calibration,toluene:22,toluene:0.005
primary,grouped_cv,3,calibration,toluene:23,toluene:0.01
primary,grouped_cv,3,calibration,toluene:24,toluene:0.01
primary,grouped_cv,3,calibration,toluene:25,toluene:0.01
primary,grouped_cv,3,calibration,toluene:38,toluene:0.25
primary,grouped_cv,3,calibration,toluene:39,toluene:0.25
primary,grouped_cv,3,calibration,toluene:40,toluene:0.25
primary,grouped_cv,3,calibration,ethyl_acetate:2,ethyl_acetate:0.1
primary,grouped_cv,3,calibration,ethyl_acetate:3,ethyl_acetate:0.1
primary,grouped_cv,3,calibration,ethyl_acetate:4,ethyl_acetate:0.1
primary,grouped_cv,3,calibration,ethyl_acetate:14,ethyl_acetate:0.1
primary,grouped_cv,3,calibration,ethyl_acetate:15,ethyl_acetate:0.1
primary,grouped_cv,3,calibration,ethyl_acetate:16,ethyl_acetate:0.1
primary,grouped_cv,3,test,hexane:8,hexane:0.05
primary,grouped_cv,3,test,hexane:9,hexane:0.05
primary,grouped_cv,3,test,hexane:10,hexane:0.05
primary,grouped_cv,3,test,hexane:11,hexane:0.05
primary,grouped_cv,3,test,hexane:12,hexane:0.05
primary,grouped_cv,3,test,hexane:13,hexane:0.05
primary,grouped_cv,3,test,hexane:47,hexane:2.5
primary,grouped_cv,3,test,hexane:48,hexane:2.5
primary,grouped_cv,3,test,hexane:49,hexane:2.5
primary,grouped_cv,3,test,hexane:59,hexane:10
primary,grouped_cv,3,test,toluene:26,toluene:0.015
primary,grouped_cv,3,test,toluene:27,toluene:0.015
primary,grouped_cv,3,test,toluene:28,toluene:0.015
primary,grouped_cv,3,test,toluene:35,toluene:0.1
primary,grouped_cv,3,test,toluene:36,toluene:0.1
primary,grouped_cv,3,test,toluene:37,toluene:0.1
primary,grouped_cv,3,test,toluene:41,toluene:10
primary,grouped_cv,3,test,toluene:42,toluene:10
primary,grouped_cv,3,test,toluene:43,toluene:10
primary,grouped_cv,3,test,ethyl_acetate:20,ethyl_acetate:1
primary,grouped_cv,3,test,ethyl_acetate:21,ethyl_acetate:1
primary,grouped_cv,3,test,ethyl_acetate:22,ethyl_acetate:1
primary,grouped_cv,3,test,ethyl_acetate:26,ethyl_acetate:3
primary,grouped_cv,3,test,ethyl_acetate:27,ethyl_acetate:3
primary,grouped_cv,3,test,ethyl_acetate:28,ethyl_acetate:3
primary,grouped_cv,4,proper_train,hexane:2,hexane:0.02
primary,grouped_cv,4,proper_train,hexane:3,hexane:0.02
primary,grouped_cv,4,proper_train,hexane:4,hexane:0.02
primary,grouped_cv,4,proper_train,hexane:5,hexane:0.02
primary,grouped_cv,4,proper_train,hexane:6,hexane:0.02
primary,grouped_cv,4,proper_train,hexane:7,hexane:0.02
primary,grouped_cv,4,proper_train,hexane:29,hexane:0.15
primary,grouped_cv,4,proper_train,hexane:30,hexane:0.15
primary,grouped_cv,4,proper_train,hexane:31,hexane:0.15
primary,grouped_cv,4,proper_train,hexane:32,hexane:0.25
primary,grouped_cv,4,proper_train,hexane:33,hexane:0.25
primary,grouped_cv,4,proper_train,hexane:34,hexane:0.25
primary,grouped_cv,4,proper_train,hexane:50,hexane:3
primary,grouped_cv,4,proper_train,hexane:51,hexane:3
primary,grouped_cv,4,proper_train,hexane:52,hexane:3
primary,grouped_cv,4,proper_train,hexane:53,hexane:5
primary,grouped_cv,4,proper_train,hexane:54,hexane:5
primary,grouped_cv,4,proper_train,hexane:55,hexane:5
primary,grouped_cv,4,proper_train,hexane:56,hexane:7
primary,grouped_cv,4,proper_train,hexane:57,hexane:7
primary,grouped_cv,4,proper_train,hexane:58,hexane:7
primary,grouped_cv,4,proper_train,hexane:59,hexane:10
primary,grouped_cv,4,proper_train,toluene:17,toluene:0.0025
primary,grouped_cv,4,proper_train,toluene:18,toluene:0.0025
primary,grouped_cv,4,proper_train,toluene:19,toluene:0.0025
primary,grouped_cv,4,proper_train,toluene:29,toluene:0.025
primary,grouped_cv,4,proper_train,toluene:30,toluene:0.025
primary,grouped_cv,4,proper_train,toluene:31,toluene:0.025
primary,grouped_cv,4,proper_train,toluene:35,toluene:0.1
primary,grouped_cv,4,proper_train,toluene:36,toluene:0.1
primary,grouped_cv,4,proper_train,toluene:37,toluene:0.1
primary,grouped_cv,4,proper_train,toluene:38,toluene:0.25
primary,grouped_cv,4,proper_train,toluene:39,toluene:0.25
primary,grouped_cv,4,proper_train,toluene:40,toluene:0.25
primary,grouped_cv,4,proper_train,toluene:47,toluene:50
primary,grouped_cv,4,proper_train,toluene:48,toluene:50
primary,grouped_cv,4,proper_train,toluene:49,toluene:50
primary,grouped_cv,4,proper_train,toluene:50,toluene:50
primary,grouped_cv,4,proper_train,toluene:51,toluene:50
primary,grouped_cv,4,proper_train,toluene:52,toluene:50
primary,grouped_cv,4,proper_train,ethyl_acetate:5,ethyl_acetate:0.15
primary,grouped_cv,4,proper_train,ethyl_acetate:6,ethyl_acetate:0.15
primary,grouped_cv,4,proper_train,ethyl_acetate:7,ethyl_acetate:0.15
primary,grouped_cv,4,proper_train,ethyl_acetate:8,ethyl_acetate:0.25
primary,grouped_cv,4,proper_train,ethyl_acetate:9,ethyl_acetate:0.25
primary,grouped_cv,4,proper_train,ethyl_acetate:10,ethyl_acetate:0.25
primary,grouped_cv,4,proper_train,ethyl_acetate:11,ethyl_acetate:0.5
primary,grouped_cv,4,proper_train,ethyl_acetate:12,ethyl_acetate:0.5
primary,grouped_cv,4,proper_train,ethyl_acetate:13,ethyl_acetate:0.5
primary,grouped_cv,4,proper_train,ethyl_acetate:17,ethyl_acetate:0.25
primary,grouped_cv,4,proper_train,ethyl_acetate:18,ethyl_acetate:0.25
primary,grouped_cv,4,proper_train,ethyl_acetate:19,ethyl_acetate:0.25
primary,grouped_cv,4,proper_train,ethyl_acetate:20,ethyl_acetate:1
primary,grouped_cv,4,proper_train,ethyl_acetate:21,ethyl_acetate:1
primary,grouped_cv,4,proper_train,ethyl_acetate:22,ethyl_acetate:1
primary,grouped_cv,4,proper_train,ethyl_acetate:26,ethyl_acetate:3
primary,grouped_cv,4,proper_train,ethyl_acetate:27,ethyl_acetate:3
primary,grouped_cv,4,proper_train,ethyl_acetate:28,ethyl_acetate:3
primary,grouped_cv,4,proper_train,ethyl_acetate:32,ethyl_acetate:10
primary,grouped_cv,4,proper_train,ethyl_acetate:33,ethyl_acetate:10
primary,grouped_cv,4,proper_train,ethyl_acetate:34,ethyl_acetate:10
primary,grouped_cv,4,calibration,hexane:8,hexane:0.05
primary,grouped_cv,4,calibration,hexane:9,hexane:0.05
primary,grouped_cv,4,calibration,hexane:10,hexane:0.05
primary,grouped_cv,4,calibration,hexane:11,hexane:0.05
primary,grouped_cv,4,calibration,hexane:12,hexane:0.05
primary,grouped_cv,4,calibration,hexane:13,hexane:0.05
primary,grouped_cv,4,calibration,hexane:23,hexane:0.1
primary,grouped_cv,4,calibration,hexane:24,hexane:0.1
primary,grouped_cv,4,calibration,hexane:25,hexane:0.1
primary,grouped_cv,4,calibration,hexane:26,hexane:0.1
primary,grouped_cv,4,calibration,hexane:27,hexane:0.1
primary,grouped_cv,4,calibration,hexane:28,hexane:0.1
primary,grouped_cv,4,calibration,hexane:38,hexane:1
primary,grouped_cv,4,calibration,hexane:39,hexane:1
primary,grouped_cv,4,calibration,hexane:40,hexane:1
primary,grouped_cv,4,calibration,hexane:41,hexane:1.5
primary,grouped_cv,4,calibration,hexane:42,hexane:1.5
primary,grouped_cv,4,calibration,hexane:43,hexane:1.5
primary,grouped_cv,4,calibration,hexane:44,hexane:2
primary,grouped_cv,4,calibration,hexane:45,hexane:2
primary,grouped_cv,4,calibration,hexane:46,hexane:2
primary,grouped_cv,4,calibration,hexane:47,hexane:2.5
primary,grouped_cv,4,calibration,hexane:48,hexane:2.5
primary,grouped_cv,4,calibration,hexane:49,hexane:2.5
primary,grouped_cv,4,calibration,toluene:20,toluene:0.005
primary,grouped_cv,4,calibration,toluene:21,toluene:0.005
primary,grouped_cv,4,calibration,toluene:22,toluene:0.005
primary,grouped_cv,4,calibration,toluene:26,toluene:0.015
primary,grouped_cv,4,calibration,toluene:27,toluene:0.015
primary,grouped_cv,4,calibration,toluene:28,toluene:0.015
primary,grouped_cv,4,calibration,toluene:41,toluene:10
primary,grouped_cv,4,calibration,toluene:42,toluene:10
primary,grouped_cv,4,calibration,toluene:43,toluene:10
primary,grouped_cv,4,calibration,toluene:45,toluene:40
primary,grouped_cv,4,calibration,toluene:46,toluene:40
primary,grouped_cv,4,calibration,ethyl_acetate:2,ethyl_acetate:0.1
primary,grouped_cv,4,calibration,ethyl_acetate:3,ethyl_acetate:0.1
primary,grouped_cv,4,calibration,ethyl_acetate:4,ethyl_acetate:0.1
primary,grouped_cv,4,calibration,ethyl_acetate:14,ethyl_acetate:0.1
primary,grouped_cv,4,calibration,ethyl_acetate:15,ethyl_acetate:0.1
primary,grouped_cv,4,calibration,ethyl_acetate:16,ethyl_acetate:0.1
primary,grouped_cv,4,test,hexane:14,hexane:0.07
primary,grouped_cv,4,test,hexane:15,hexane:0.07
primary,grouped_cv,4,test,hexane:16,hexane:0.07
primary,grouped_cv,4,test,hexane:17,hexane:0.07
primary,grouped_cv,4,test,hexane:18,hexane:0.07
primary,grouped_cv,4,test,hexane:19,hexane:0.07
primary,grouped_cv,4,test,hexane:20,hexane:0.09
primary,grouped_cv,4,test,hexane:21,hexane:0.09
primary,grouped_cv,4,test,hexane:22,hexane:0.09
primary,grouped_cv,4,test,hexane:35,hexane:0.5
primary,grouped_cv,4,test,hexane:36,hexane:0.5
primary,grouped_cv,4,test,hexane:37,hexane:0.5
primary,grouped_cv,4,test,toluene:23,toluene:0.01
primary,grouped_cv,4,test,toluene:24,toluene:0.01
primary,grouped_cv,4,test,toluene:25,toluene:0.01
primary,grouped_cv,4,test,toluene:32,toluene:0.05
primary,grouped_cv,4,test,toluene:33,toluene:0.05
primary,grouped_cv,4,test,toluene:34,toluene:0.05
primary,grouped_cv,4,test,ethyl_acetate:23,ethyl_acetate:2
primary,grouped_cv,4,test,ethyl_acetate:24,ethyl_acetate:2
primary,grouped_cv,4,test,ethyl_acetate:25,ethyl_acetate:2
primary,grouped_cv,4,test,ethyl_acetate:29,ethyl_acetate:5
primary,grouped_cv,4,test,ethyl_acetate:30,ethyl_acetate:5
primary,grouped_cv,4,test,ethyl_acetate:31,ethyl_acetate:5
primary,grouped_cv,5,proper_train,hexane:20,hexane:0.09
primary,grouped_cv,5,proper_train,hexane:21,hexane:0.09
primary,grouped_cv,5,proper_train,hexane:22,hexane:0.09
primary,grouped_cv,5,proper_train,hexane:23,hexane:0.1
primary,grouped_cv,5,proper_train,hexane:24,hexane:0.1
primary,grouped_cv,5,proper_train,hexane:25,hexane:0.1
primary,grouped_cv,5,proper_train,hexane:26,hexane:0.1
primary,grouped_cv,5,proper_train,hexane:27,hexane:0.1
primary,grouped_cv,5,proper_train,hexane:28,hexane:0.1
primary,grouped_cv,5,proper_train,hexane:41,hexane:1.5
primary,grouped_cv,5,proper_train,hexane:42,hexane:1.5
primary,grouped_cv,5,proper_train,hexane:43,hexane:1.5
primary,grouped_cv,5,proper_train,hexane:47,hexane:2.5
primary,grouped_cv,5,proper_train,hexane:48,hexane:2.5
primary,grouped_cv,5,proper_train,hexane:49,hexane:2.5
primary,grouped_cv,5,proper_train,hexane:50,hexane:3
primary,grouped_cv,5,proper_train,hexane:51,hexane:3
primary,grouped_cv,5,proper_train,hexane:52,hexane:3
primary,grouped_cv,5,proper_train,hexane:56,hexane:7
primary,grouped_cv,5,proper_train,hexane:57,hexane:7
primary,grouped_cv,5,proper_train,hexane:58,hexane:7
primary,grouped_cv,5,proper_train,toluene:17,toluene:0.0025
primary,grouped_cv,5,proper_train,toluene:18,toluene:0.0025
primary,grouped_cv,5,proper_train,toluene:19,toluene:0.0025
primary,grouped_cv,5,proper_train,toluene:29,toluene:0.025
primary,grouped_cv,5,proper_train,toluene:30,toluene:0.025
primary,grouped_cv,5,proper_train,toluene:31,toluene:0.025
primary,grouped_cv,5,proper_train,toluene:32,toluene:0.05
primary,grouped_cv,5,proper_train,toluene:33,toluene:0.05
primary,grouped_cv,5,proper_train,toluene:34,toluene:0.05
primary,grouped_cv,5,proper_train,toluene:35,toluene:0.1
primary,grouped_cv,5,proper_train,toluene:36,toluene:0.1
primary,grouped_cv,5,proper_train,toluene:37,toluene:0.1
primary,grouped_cv,5,proper_train,toluene:47,toluene:50
primary,grouped_cv,5,proper_train,toluene:48,toluene:50
primary,grouped_cv,5,proper_train,toluene:49,toluene:50
primary,grouped_cv,5,proper_train,toluene:50,toluene:50
primary,grouped_cv,5,proper_train,toluene:51,toluene:50
primary,grouped_cv,5,proper_train,toluene:52,toluene:50
primary,grouped_cv,5,proper_train,ethyl_acetate:8,ethyl_acetate:0.25
primary,grouped_cv,5,proper_train,ethyl_acetate:9,ethyl_acetate:0.25
primary,grouped_cv,5,proper_train,ethyl_acetate:10,ethyl_acetate:0.25
primary,grouped_cv,5,proper_train,ethyl_acetate:11,ethyl_acetate:0.5
primary,grouped_cv,5,proper_train,ethyl_acetate:12,ethyl_acetate:0.5
primary,grouped_cv,5,proper_train,ethyl_acetate:13,ethyl_acetate:0.5
primary,grouped_cv,5,proper_train,ethyl_acetate:17,ethyl_acetate:0.25
primary,grouped_cv,5,proper_train,ethyl_acetate:18,ethyl_acetate:0.25
primary,grouped_cv,5,proper_train,ethyl_acetate:19,ethyl_acetate:0.25
primary,grouped_cv,5,proper_train,ethyl_acetate:20,ethyl_acetate:1
primary,grouped_cv,5,proper_train,ethyl_acetate:21,ethyl_acetate:1
primary,grouped_cv,5,proper_train,ethyl_acetate:22,ethyl_acetate:1
primary,grouped_cv,5,proper_train,ethyl_acetate:23,ethyl_acetate:2
primary,grouped_cv,5,proper_train,ethyl_acetate:24,ethyl_acetate:2
primary,grouped_cv,5,proper_train,ethyl_acetate:25,ethyl_acetate:2
primary,grouped_cv,5,proper_train,ethyl_acetate:26,ethyl_acetate:3
primary,grouped_cv,5,proper_train,ethyl_acetate:27,ethyl_acetate:3
primary,grouped_cv,5,proper_train,ethyl_acetate:28,ethyl_acetate:3
primary,grouped_cv,5,proper_train,ethyl_acetate:29,ethyl_acetate:5
primary,grouped_cv,5,proper_train,ethyl_acetate:30,ethyl_acetate:5
primary,grouped_cv,5,proper_train,ethyl_acetate:31,ethyl_acetate:5
primary,grouped_cv,5,proper_train,ethyl_acetate:32,ethyl_acetate:10
primary,grouped_cv,5,proper_train,ethyl_acetate:33,ethyl_acetate:10
primary,grouped_cv,5,proper_train,ethyl_acetate:34,ethyl_acetate:10
primary,grouped_cv,5,calibration,hexane:8,hexane:0.05
primary,grouped_cv,5,calibration,hexane:9,hexane:0.05
primary,grouped_cv,5,calibration,hexane:10,hexane:0.05
primary,grouped_cv,5,calibration,hexane:11,hexane:0.05
primary,grouped_cv,5,calibration,hexane:12,hexane:0.05
primary,grouped_cv,5,calibration,hexane:13,hexane:0.05
primary,grouped_cv,5,calibration,hexane:14,hexane:0.07
primary,grouped_cv,5,calibration,hexane:15,hexane:0.07
primary,grouped_cv,5,calibration,hexane:16,hexane:0.07
primary,grouped_cv,5,calibration,hexane:17,hexane:0.07
primary,grouped_cv,5,calibration,hexane:18,hexane:0.07
primary,grouped_cv,5,calibration,hexane:19,hexane:0.07
primary,grouped_cv,5,calibration,hexane:32,hexane:0.25
primary,grouped_cv,5,calibration,hexane:33,hexane:0.25
primary,grouped_cv,5,calibration,hexane:34,hexane:0.25
primary,grouped_cv,5,calibration,hexane:35,hexane:0.5
primary,grouped_cv,5,calibration,hexane:36,hexane:0.5
primary,grouped_cv,5,calibration,hexane:37,hexane:0.5
primary,grouped_cv,5,calibration,hexane:44,hexane:2
primary,grouped_cv,5,calibration,hexane:45,hexane:2
primary,grouped_cv,5,calibration,hexane:46,hexane:2
primary,grouped_cv,5,calibration,hexane:59,hexane:10
primary,grouped_cv,5,calibration,toluene:23,toluene:0.01
primary,grouped_cv,5,calibration,toluene:24,toluene:0.01
primary,grouped_cv,5,calibration,toluene:25,toluene:0.01
primary,grouped_cv,5,calibration,toluene:26,toluene:0.015
primary,grouped_cv,5,calibration,toluene:27,toluene:0.015
primary,grouped_cv,5,calibration,toluene:28,toluene:0.015
primary,grouped_cv,5,calibration,toluene:41,toluene:10
primary,grouped_cv,5,calibration,toluene:42,toluene:10
primary,grouped_cv,5,calibration,toluene:43,toluene:10
primary,grouped_cv,5,calibration,toluene:45,toluene:40
primary,grouped_cv,5,calibration,toluene:46,toluene:40
primary,grouped_cv,5,calibration,ethyl_acetate:2,ethyl_acetate:0.1
primary,grouped_cv,5,calibration,ethyl_acetate:3,ethyl_acetate:0.1
primary,grouped_cv,5,calibration,ethyl_acetate:4,ethyl_acetate:0.1
primary,grouped_cv,5,calibration,ethyl_acetate:14,ethyl_acetate:0.1
primary,grouped_cv,5,calibration,ethyl_acetate:15,ethyl_acetate:0.1
primary,grouped_cv,5,calibration,ethyl_acetate:16,ethyl_acetate:0.1
primary,grouped_cv,5,test,hexane:2,hexane:0.02
primary,grouped_cv,5,test,hexane:3,hexane:0.02
primary,grouped_cv,5,test,hexane:4,hexane:0.02
primary,grouped_cv,5,test,hexane:5,hexane:0.02
primary,grouped_cv,5,test,hexane:6,hexane:0.02
primary,grouped_cv,5,test,hexane:7,hexane:0.02
primary,grouped_cv,5,test,hexane:29,hexane:0.15
primary,grouped_cv,5,test,hexane:30,hexane:0.15
primary,grouped_cv,5,test,hexane:31,hexane:0.15
primary,grouped_cv,5,test,hexane:38,hexane:1
primary,grouped_cv,5,test,hexane:39,hexane:1
primary,grouped_cv,5,test,hexane:40,hexane:1
primary,grouped_cv,5,test,hexane:53,hexane:5
primary,grouped_cv,5,test,hexane:54,hexane:5
primary,grouped_cv,5,test,hexane:55,hexane:5
primary,grouped_cv,5,test,toluene:20,toluene:0.005
primary,grouped_cv,5,test,toluene:21,toluene:0.005
primary,grouped_cv,5,test,toluene:22,toluene:0.005
primary,grouped_cv,5,test,toluene:38,toluene:0.25
primary,grouped_cv,5,test,toluene:39,toluene:0.25
primary,grouped_cv,5,test,toluene:40,toluene:0.25
primary,grouped_cv,5,test,ethyl_acetate:5,ethyl_acetate:0.15
primary,grouped_cv,5,test,ethyl_acetate:6,ethyl_acetate:0.15
primary,grouped_cv,5,test,ethyl_acetate:7,ethyl_acetate:0.15
primary,leave_one_solvent_out,ethyl_acetate,proper_train,hexane:8,hexane:0.05
primary,leave_one_solvent_out,ethyl_acetate,proper_train,hexane:9,hexane:0.05
primary,leave_one_solvent_out,ethyl_acetate,proper_train,hexane:10,hexane:0.05
primary,leave_one_solvent_out,ethyl_acetate,proper_train,hexane:11,hexane:0.05
primary,leave_one_solvent_out,ethyl_acetate,proper_train,hexane:12,hexane:0.05
primary,leave_one_solvent_out,ethyl_acetate,proper_train,hexane:13,hexane:0.05
primary,leave_one_solvent_out,ethyl_acetate,proper_train,hexane:14,hexane:0.07
primary,leave_one_solvent_out,ethyl_acetate,proper_train,hexane:15,hexane:0.07
primary,leave_one_solvent_out,ethyl_acetate,proper_train,hexane:16,hexane:0.07
primary,leave_one_solvent_out,ethyl_acetate,proper_train,hexane:17,hexane:0.07
primary,leave_one_solvent_out,ethyl_acetate,proper_train,hexane:18,hexane:0.07
primary,leave_one_solvent_out,ethyl_acetate,proper_train,hexane:19,hexane:0.07
primary,leave_one_solvent_out,ethyl_acetate,proper_train,hexane:20,hexane:0.09
primary,leave_one_solvent_out,ethyl_acetate,proper_train,hexane:21,hexane:0.09
primary,leave_one_solvent_out,ethyl_acetate,proper_train,hexane:22,hexane:0.09
primary,leave_one_solvent_out,ethyl_acetate,proper_train,hexane:23,hexane:0.1
primary,leave_one_solvent_out,ethyl_acetate,proper_train,hexane:24,hexane:0.1
primary,leave_one_solvent_out,ethyl_acetate,proper_train,hexane:25,hexane:0.1
primary,leave_one_solvent_out,ethyl_acetate,proper_train,hexane:26,hexane:0.1
primary,leave_one_solvent_out,ethyl_acetate,proper_train,hexane:27,hexane:0.1
primary,leave_one_solvent_out,ethyl_acetate,proper_train,hexane:28,hexane:0.1
primary,leave_one_solvent_out,ethyl_acetate,proper_train,hexane:29,hexane:0.15
primary,leave_one_solvent_out,ethyl_acetate,proper_train,hexane:30,hexane:0.15
primary,leave_one_solvent_out,ethyl_acetate,proper_train,hexane:31,hexane:0.15
primary,leave_one_solvent_out,ethyl_acetate,proper_train,hexane:32,hexane:0.25
primary,leave_one_solvent_out,ethyl_acetate,proper_train,hexane:33,hexane:0.25
primary,leave_one_solvent_out,ethyl_acetate,proper_train,hexane:34,hexane:0.25
primary,leave_one_solvent_out,ethyl_acetate,proper_train,hexane:35,hexane:0.5
primary,leave_one_solvent_out,ethyl_acetate,proper_train,hexane:36,hexane:0.5
primary,leave_one_solvent_out,ethyl_acetate,proper_train,hexane:37,hexane:0.5
primary,leave_one_solvent_out,ethyl_acetate,proper_train,hexane:53,hexane:5
primary,leave_one_solvent_out,ethyl_acetate,proper_train,hexane:54,hexane:5
primary,leave_one_solvent_out,ethyl_acetate,proper_train,hexane:55,hexane:5
primary,leave_one_solvent_out,ethyl_acetate,proper_train,hexane:56,hexane:7
primary,leave_one_solvent_out,ethyl_acetate,proper_train,hexane:57,hexane:7
primary,leave_one_solvent_out,ethyl_acetate,proper_train,hexane:58,hexane:7
primary,leave_one_solvent_out,ethyl_acetate,proper_train,hexane:59,hexane:10
primary,leave_one_solvent_out,ethyl_acetate,proper_train,toluene:23,toluene:0.01
primary,leave_one_solvent_out,ethyl_acetate,proper_train,toluene:24,toluene:0.01
primary,leave_one_solvent_out,ethyl_acetate,proper_train,toluene:25,toluene:0.01
primary,leave_one_solvent_out,ethyl_acetate,proper_train,toluene:26,toluene:0.015
primary,leave_one_solvent_out,ethyl_acetate,proper_train,toluene:27,toluene:0.015
primary,leave_one_solvent_out,ethyl_acetate,proper_train,toluene:28,toluene:0.015
primary,leave_one_solvent_out,ethyl_acetate,proper_train,toluene:29,toluene:0.025
primary,leave_one_solvent_out,ethyl_acetate,proper_train,toluene:30,toluene:0.025
primary,leave_one_solvent_out,ethyl_acetate,proper_train,toluene:31,toluene:0.025
primary,leave_one_solvent_out,ethyl_acetate,proper_train,toluene:35,toluene:0.1
primary,leave_one_solvent_out,ethyl_acetate,proper_train,toluene:36,toluene:0.1
primary,leave_one_solvent_out,ethyl_acetate,proper_train,toluene:37,toluene:0.1
primary,leave_one_solvent_out,ethyl_acetate,proper_train,toluene:38,toluene:0.25
primary,leave_one_solvent_out,ethyl_acetate,proper_train,toluene:39,toluene:0.25
primary,leave_one_solvent_out,ethyl_acetate,proper_train,toluene:40,toluene:0.25
primary,leave_one_solvent_out,ethyl_acetate,proper_train,toluene:45,toluene:40
primary,leave_one_solvent_out,ethyl_acetate,proper_train,toluene:46,toluene:40
primary,leave_one_solvent_out,ethyl_acetate,proper_train,toluene:47,toluene:50
primary,leave_one_solvent_out,ethyl_acetate,proper_train,toluene:48,toluene:50
primary,leave_one_solvent_out,ethyl_acetate,proper_train,toluene:49,toluene:50
primary,leave_one_solvent_out,ethyl_acetate,proper_train,toluene:50,toluene:50
primary,leave_one_solvent_out,ethyl_acetate,proper_train,toluene:51,toluene:50
primary,leave_one_solvent_out,ethyl_acetate,proper_train,toluene:52,toluene:50
primary,leave_one_solvent_out,ethyl_acetate,calibration,hexane:2,hexane:0.02
primary,leave_one_solvent_out,ethyl_acetate,calibration,hexane:3,hexane:0.02
primary,leave_one_solvent_out,ethyl_acetate,calibration,hexane:4,hexane:0.02
primary,leave_one_solvent_out,ethyl_acetate,calibration,hexane:5,hexane:0.02
primary,leave_one_solvent_out,ethyl_acetate,calibration,hexane:6,hexane:0.02
primary,leave_one_solvent_out,ethyl_acetate,calibration,hexane:7,hexane:0.02
primary,leave_one_solvent_out,ethyl_acetate,calibration,hexane:38,hexane:1
primary,leave_one_solvent_out,ethyl_acetate,calibration,hexane:39,hexane:1
primary,leave_one_solvent_out,ethyl_acetate,calibration,hexane:40,hexane:1
primary,leave_one_solvent_out,ethyl_acetate,calibration,hexane:41,hexane:1.5
primary,leave_one_solvent_out,ethyl_acetate,calibration,hexane:42,hexane:1.5
primary,leave_one_solvent_out,ethyl_acetate,calibration,hexane:43,hexane:1.5
primary,leave_one_solvent_out,ethyl_acetate,calibration,hexane:44,hexane:2
primary,leave_one_solvent_out,ethyl_acetate,calibration,hexane:45,hexane:2
primary,leave_one_solvent_out,ethyl_acetate,calibration,hexane:46,hexane:2
primary,leave_one_solvent_out,ethyl_acetate,calibration,hexane:47,hexane:2.5
primary,leave_one_solvent_out,ethyl_acetate,calibration,hexane:48,hexane:2.5
primary,leave_one_solvent_out,ethyl_acetate,calibration,hexane:49,hexane:2.5
primary,leave_one_solvent_out,ethyl_acetate,calibration,hexane:50,hexane:3
primary,leave_one_solvent_out,ethyl_acetate,calibration,hexane:51,hexane:3
primary,leave_one_solvent_out,ethyl_acetate,calibration,hexane:52,hexane:3
primary,leave_one_solvent_out,ethyl_acetate,calibration,toluene:17,toluene:0.0025
primary,leave_one_solvent_out,ethyl_acetate,calibration,toluene:18,toluene:0.0025
primary,leave_one_solvent_out,ethyl_acetate,calibration,toluene:19,toluene:0.0025
primary,leave_one_solvent_out,ethyl_acetate,calibration,toluene:20,toluene:0.005
primary,leave_one_solvent_out,ethyl_acetate,calibration,toluene:21,toluene:0.005
primary,leave_one_solvent_out,ethyl_acetate,calibration,toluene:22,toluene:0.005
primary,leave_one_solvent_out,ethyl_acetate,calibration,toluene:32,toluene:0.05
primary,leave_one_solvent_out,ethyl_acetate,calibration,toluene:33,toluene:0.05
primary,leave_one_solvent_out,ethyl_acetate,calibration,toluene:34,toluene:0.05
primary,leave_one_solvent_out,ethyl_acetate,calibration,toluene:41,toluene:10
primary,leave_one_solvent_out,ethyl_acetate,calibration,toluene:42,toluene:10
primary,leave_one_solvent_out,ethyl_acetate,calibration,toluene:43,toluene:10
primary,leave_one_solvent_out,ethyl_acetate,test,ethyl_acetate:2,ethyl_acetate:0.1
primary,leave_one_solvent_out,ethyl_acetate,test,ethyl_acetate:3,ethyl_acetate:0.1
primary,leave_one_solvent_out,ethyl_acetate,test,ethyl_acetate:4,ethyl_acetate:0.1
primary,leave_one_solvent_out,ethyl_acetate,test,ethyl_acetate:5,ethyl_acetate:0.15
primary,leave_one_solvent_out,ethyl_acetate,test,ethyl_acetate:6,ethyl_acetate:0.15
primary,leave_one_solvent_out,ethyl_acetate,test,ethyl_acetate:7,ethyl_acetate:0.15
primary,leave_one_solvent_out,ethyl_acetate,test,ethyl_acetate:8,ethyl_acetate:0.25
primary,leave_one_solvent_out,ethyl_acetate,test,ethyl_acetate:9,ethyl_acetate:0.25
primary,leave_one_solvent_out,ethyl_acetate,test,ethyl_acetate:10,ethyl_acetate:0.25
primary,leave_one_solvent_out,ethyl_acetate,test,ethyl_acetate:11,ethyl_acetate:0.5
primary,leave_one_solvent_out,ethyl_acetate,test,ethyl_acetate:12,ethyl_acetate:0.5
primary,leave_one_solvent_out,ethyl_acetate,test,ethyl_acetate:13,ethyl_acetate:0.5
primary,leave_one_solvent_out,ethyl_acetate,test,ethyl_acetate:14,ethyl_acetate:0.1
primary,leave_one_solvent_out,ethyl_acetate,test,ethyl_acetate:15,ethyl_acetate:0.1
primary,leave_one_solvent_out,ethyl_acetate,test,ethyl_acetate:16,ethyl_acetate:0.1
primary,leave_one_solvent_out,ethyl_acetate,test,ethyl_acetate:17,ethyl_acetate:0.25
primary,leave_one_solvent_out,ethyl_acetate,test,ethyl_acetate:18,ethyl_acetate:0.25
primary,leave_one_solvent_out,ethyl_acetate,test,ethyl_acetate:19,ethyl_acetate:0.25
primary,leave_one_solvent_out,ethyl_acetate,test,ethyl_acetate:20,ethyl_acetate:1
primary,leave_one_solvent_out,ethyl_acetate,test,ethyl_acetate:21,ethyl_acetate:1
primary,leave_one_solvent_out,ethyl_acetate,test,ethyl_acetate:22,ethyl_acetate:1
primary,leave_one_solvent_out,ethyl_acetate,test,ethyl_acetate:23,ethyl_acetate:2
primary,leave_one_solvent_out,ethyl_acetate,test,ethyl_acetate:24,ethyl_acetate:2
primary,leave_one_solvent_out,ethyl_acetate,test,ethyl_acetate:25,ethyl_acetate:2
primary,leave_one_solvent_out,ethyl_acetate,test,ethyl_acetate:26,ethyl_acetate:3
primary,leave_one_solvent_out,ethyl_acetate,test,ethyl_acetate:27,ethyl_acetate:3
primary,leave_one_solvent_out,ethyl_acetate,test,ethyl_acetate:28,ethyl_acetate:3
primary,leave_one_solvent_out,ethyl_acetate,test,ethyl_acetate:29,ethyl_acetate:5
primary,leave_one_solvent_out,ethyl_acetate,test,ethyl_acetate:30,ethyl_acetate:5
primary,leave_one_solvent_out,ethyl_acetate,test,ethyl_acetate:31,ethyl_acetate:5
primary,leave_one_solvent_out,ethyl_acetate,test,ethyl_acetate:32,ethyl_acetate:10
primary,leave_one_solvent_out,ethyl_acetate,test,ethyl_acetate:33,ethyl_acetate:10
primary,leave_one_solvent_out,ethyl_acetate,test,ethyl_acetate:34,ethyl_acetate:10
primary,leave_one_solvent_out,hexane,proper_train,toluene:17,toluene:0.0025
primary,leave_one_solvent_out,hexane,proper_train,toluene:18,toluene:0.0025
primary,leave_one_solvent_out,hexane,proper_train,toluene:19,toluene:0.0025
primary,leave_one_solvent_out,hexane,proper_train,toluene:20,toluene:0.005
primary,leave_one_solvent_out,hexane,proper_train,toluene:21,toluene:0.005
primary,leave_one_solvent_out,hexane,proper_train,toluene:22,toluene:0.005
primary,leave_one_solvent_out,hexane,proper_train,toluene:26,toluene:0.015
primary,leave_one_solvent_out,hexane,proper_train,toluene:27,toluene:0.015
primary,leave_one_solvent_out,hexane,proper_train,toluene:28,toluene:0.015
primary,leave_one_solvent_out,hexane,proper_train,toluene:29,toluene:0.025
primary,leave_one_solvent_out,hexane,proper_train,toluene:30,toluene:0.025
primary,leave_one_solvent_out,hexane,proper_train,toluene:31,toluene:0.025
primary,leave_one_solvent_out,hexane,proper_train,toluene:32,toluene:0.05
primary,leave_one_solvent_out,hexane,proper_train,toluene:33,toluene:0.05
primary,leave_one_solvent_out,hexane,proper_train,toluene:34,toluene:0.05
primary,leave_one_solvent_out,hexane,proper_train,toluene:38,toluene:0.25
primary,leave_one_solvent_out,hexane,proper_train,toluene:39,toluene:0.25
primary,leave_one_solvent_out,hexane,proper_train,toluene:40,toluene:0.25
primary,leave_one_solvent_out,hexane,proper_train,toluene:45,toluene:40
primary,leave_one_solvent_out,hexane,proper_train,toluene:46,toluene:40
primary,leave_one_solvent_out,hexane,proper_train,toluene:47,toluene:50
primary,leave_one_solvent_out,hexane,proper_train,toluene:48,toluene:50
primary,leave_one_solvent_out,hexane,proper_train,toluene:49,toluene:50
primary,leave_one_solvent_out,hexane,proper_train,toluene:50,toluene:50
primary,leave_one_solvent_out,hexane,proper_train,toluene:51,toluene:50
primary,leave_one_solvent_out,hexane,proper_train,toluene:52,toluene:50
primary,leave_one_solvent_out,hexane,proper_train,ethyl_acetate:8,ethyl_acetate:0.25
primary,leave_one_solvent_out,hexane,proper_train,ethyl_acetate:9,ethyl_acetate:0.25
primary,leave_one_solvent_out,hexane,proper_train,ethyl_acetate:10,ethyl_acetate:0.25
primary,leave_one_solvent_out,hexane,proper_train,ethyl_acetate:11,ethyl_acetate:0.5
primary,leave_one_solvent_out,hexane,proper_train,ethyl_acetate:12,ethyl_acetate:0.5
primary,leave_one_solvent_out,hexane,proper_train,ethyl_acetate:13,ethyl_acetate:0.5
primary,leave_one_solvent_out,hexane,proper_train,ethyl_acetate:17,ethyl_acetate:0.25
primary,leave_one_solvent_out,hexane,proper_train,ethyl_acetate:18,ethyl_acetate:0.25
primary,leave_one_solvent_out,hexane,proper_train,ethyl_acetate:19,ethyl_acetate:0.25
primary,leave_one_solvent_out,hexane,proper_train,ethyl_acetate:20,ethyl_acetate:1
primary,leave_one_solvent_out,hexane,proper_train,ethyl_acetate:21,ethyl_acetate:1
primary,leave_one_solvent_out,hexane,proper_train,ethyl_acetate:22,ethyl_acetate:1
primary,leave_one_solvent_out,hexane,proper_train,ethyl_acetate:23,ethyl_acetate:2
primary,leave_one_solvent_out,hexane,proper_train,ethyl_acetate:24,ethyl_acetate:2
primary,leave_one_solvent_out,hexane,proper_train,ethyl_acetate:25,ethyl_acetate:2
primary,leave_one_solvent_out,hexane,proper_train,ethyl_acetate:26,ethyl_acetate:3
primary,leave_one_solvent_out,hexane,proper_train,ethyl_acetate:27,ethyl_acetate:3
primary,leave_one_solvent_out,hexane,proper_train,ethyl_acetate:28,ethyl_acetate:3
primary,leave_one_solvent_out,hexane,calibration,toluene:23,toluene:0.01
primary,leave_one_solvent_out,hexane,calibration,toluene:24,toluene:0.01
primary,leave_one_solvent_out,hexane,calibration,toluene:25,toluene:0.01
primary,leave_one_solvent_out,hexane,calibration,toluene:35,toluene:0.1
primary,leave_one_solvent_out,hexane,calibration,toluene:36,toluene:0.1
primary,leave_one_solvent_out,hexane,calibration,toluene:37,toluene:0.1
primary,leave_one_solvent_out,hexane,calibration,toluene:41,toluene:10
primary,leave_one_solvent_out,hexane,calibration,toluene:42,toluene:10
primary,leave_one_solvent_out,hexane,calibration,toluene:43,toluene:10
primary,leave_one_solvent_out,hexane,calibration,ethyl_acetate:2,ethyl_acetate:0.1
primary,leave_one_solvent_out,hexane,calibration,ethyl_acetate:3,ethyl_acetate:0.1
primary,leave_one_solvent_out,hexane,calibration,ethyl_acetate:4,ethyl_acetate:0.1
primary,leave_one_solvent_out,hexane,calibration,ethyl_acetate:5,ethyl_acetate:0.15
primary,leave_one_solvent_out,hexane,calibration,ethyl_acetate:6,ethyl_acetate:0.15
primary,leave_one_solvent_out,hexane,calibration,ethyl_acetate:7,ethyl_acetate:0.15
primary,leave_one_solvent_out,hexane,calibration,ethyl_acetate:14,ethyl_acetate:0.1
primary,leave_one_solvent_out,hexane,calibration,ethyl_acetate:15,ethyl_acetate:0.1
primary,leave_one_solvent_out,hexane,calibration,ethyl_acetate:16,ethyl_acetate:0.1
primary,leave_one_solvent_out,hexane,calibration,ethyl_acetate:29,ethyl_acetate:5
primary,leave_one_solvent_out,hexane,calibration,ethyl_acetate:30,ethyl_acetate:5
primary,leave_one_solvent_out,hexane,calibration,ethyl_acetate:31,ethyl_acetate:5
primary,leave_one_solvent_out,hexane,calibration,ethyl_acetate:32,ethyl_acetate:10
primary,leave_one_solvent_out,hexane,calibration,ethyl_acetate:33,ethyl_acetate:10
primary,leave_one_solvent_out,hexane,calibration,ethyl_acetate:34,ethyl_acetate:10
primary,leave_one_solvent_out,hexane,test,hexane:2,hexane:0.02
primary,leave_one_solvent_out,hexane,test,hexane:3,hexane:0.02
primary,leave_one_solvent_out,hexane,test,hexane:4,hexane:0.02
primary,leave_one_solvent_out,hexane,test,hexane:5,hexane:0.02
primary,leave_one_solvent_out,hexane,test,hexane:6,hexane:0.02
primary,leave_one_solvent_out,hexane,test,hexane:7,hexane:0.02
primary,leave_one_solvent_out,hexane,test,hexane:8,hexane:0.05
primary,leave_one_solvent_out,hexane,test,hexane:9,hexane:0.05
primary,leave_one_solvent_out,hexane,test,hexane:10,hexane:0.05
primary,leave_one_solvent_out,hexane,test,hexane:11,hexane:0.05
primary,leave_one_solvent_out,hexane,test,hexane:12,hexane:0.05
primary,leave_one_solvent_out,hexane,test,hexane:13,hexane:0.05
primary,leave_one_solvent_out,hexane,test,hexane:14,hexane:0.07
primary,leave_one_solvent_out,hexane,test,hexane:15,hexane:0.07
primary,leave_one_solvent_out,hexane,test,hexane:16,hexane:0.07
primary,leave_one_solvent_out,hexane,test,hexane:17,hexane:0.07
primary,leave_one_solvent_out,hexane,test,hexane:18,hexane:0.07
primary,leave_one_solvent_out,hexane,test,hexane:19,hexane:0.07
primary,leave_one_solvent_out,hexane,test,hexane:20,hexane:0.09
primary,leave_one_solvent_out,hexane,test,hexane:21,hexane:0.09
primary,leave_one_solvent_out,hexane,test,hexane:22,hexane:0.09
primary,leave_one_solvent_out,hexane,test,hexane:23,hexane:0.1
primary,leave_one_solvent_out,hexane,test,hexane:24,hexane:0.1
primary,leave_one_solvent_out,hexane,test,hexane:25,hexane:0.1
primary,leave_one_solvent_out,hexane,test,hexane:26,hexane:0.1
primary,leave_one_solvent_out,hexane,test,hexane:27,hexane:0.1
primary,leave_one_solvent_out,hexane,test,hexane:28,hexane:0.1
primary,leave_one_solvent_out,hexane,test,hexane:29,hexane:0.15
primary,leave_one_solvent_out,hexane,test,hexane:30,hexane:0.15
primary,leave_one_solvent_out,hexane,test,hexane:31,hexane:0.15
primary,leave_one_solvent_out,hexane,test,hexane:32,hexane:0.25
primary,leave_one_solvent_out,hexane,test,hexane:33,hexane:0.25
primary,leave_one_solvent_out,hexane,test,hexane:34,hexane:0.25
primary,leave_one_solvent_out,hexane,test,hexane:35,hexane:0.5
primary,leave_one_solvent_out,hexane,test,hexane:36,hexane:0.5
primary,leave_one_solvent_out,hexane,test,hexane:37,hexane:0.5
primary,leave_one_solvent_out,hexane,test,hexane:38,hexane:1
primary,leave_one_solvent_out,hexane,test,hexane:39,hexane:1
primary,leave_one_solvent_out,hexane,test,hexane:40,hexane:1
primary,leave_one_solvent_out,hexane,test,hexane:41,hexane:1.5
primary,leave_one_solvent_out,hexane,test,hexane:42,hexane:1.5
primary,leave_one_solvent_out,hexane,test,hexane:43,hexane:1.5
primary,leave_one_solvent_out,hexane,test,hexane:44,hexane:2
primary,leave_one_solvent_out,hexane,test,hexane:45,hexane:2
primary,leave_one_solvent_out,hexane,test,hexane:46,hexane:2
primary,leave_one_solvent_out,hexane,test,hexane:47,hexane:2.5
primary,leave_one_solvent_out,hexane,test,hexane:48,hexane:2.5
primary,leave_one_solvent_out,hexane,test,hexane:49,hexane:2.5
primary,leave_one_solvent_out,hexane,test,hexane:50,hexane:3
primary,leave_one_solvent_out,hexane,test,hexane:51,hexane:3
primary,leave_one_solvent_out,hexane,test,hexane:52,hexane:3
primary,leave_one_solvent_out,hexane,test,hexane:53,hexane:5
primary,leave_one_solvent_out,hexane,test,hexane:54,hexane:5
primary,leave_one_solvent_out,hexane,test,hexane:55,hexane:5
primary,leave_one_solvent_out,hexane,test,hexane:56,hexane:7
primary,leave_one_solvent_out,hexane,test,hexane:57,hexane:7
primary,leave_one_solvent_out,hexane,test,hexane:58,hexane:7
primary,leave_one_solvent_out,hexane,test,hexane:59,hexane:10
primary,leave_one_solvent_out,toluene,proper_train,hexane:8,hexane:0.05
primary,leave_one_solvent_out,toluene,proper_train,hexane:9,hexane:0.05
primary,leave_one_solvent_out,toluene,proper_train,hexane:10,hexane:0.05
primary,leave_one_solvent_out,toluene,proper_train,hexane:11,hexane:0.05
primary,leave_one_solvent_out,toluene,proper_train,hexane:12,hexane:0.05
primary,leave_one_solvent_out,toluene,proper_train,hexane:13,hexane:0.05
primary,leave_one_solvent_out,toluene,proper_train,hexane:20,hexane:0.09
primary,leave_one_solvent_out,toluene,proper_train,hexane:21,hexane:0.09
primary,leave_one_solvent_out,toluene,proper_train,hexane:22,hexane:0.09
primary,leave_one_solvent_out,toluene,proper_train,hexane:29,hexane:0.15
primary,leave_one_solvent_out,toluene,proper_train,hexane:30,hexane:0.15
primary,leave_one_solvent_out,toluene,proper_train,hexane:31,hexane:0.15
primary,leave_one_solvent_out,toluene,proper_train,hexane:32,hexane:0.25
primary,leave_one_solvent_out,toluene,proper_train,hexane:33,hexane:0.25
primary,leave_one_solvent_out,toluene,proper_train,hexane:34,hexane:0.25
primary,leave_one_solvent_out,toluene,proper_train,hexane:38,hexane:1
primary,leave_one_solvent_out,toluene,proper_train,hexane:39,hexane:1
primary,leave_one_solvent_out,toluene,proper_train,hexane:40,hexane:1
primary,leave_one_solvent_out,toluene,proper_train,hexane:41,hexane:1.5
primary,leave_one_solvent_out,toluene,proper_train,hexane:42,hexane:1.5
primary,leave_one_solvent_out,toluene,proper_train,hexane:43,hexane:1.5
primary,leave_one_solvent_out,toluene,proper_train,hexane:44,hexane:2
primary,leave_one_solvent_out,toluene,proper_train,hexane:45,hexane:2
primary,leave_one_solvent_out,toluene,proper_train,hexane:46,hexane:2
primary,leave_one_solvent_out,toluene,proper_train,hexane:47,hexane:2.5
primary,leave_one_solvent_out,toluene,proper_train,hexane:48,hexane:2.5
primary,leave_one_solvent_out,toluene,proper_train,hexane:49,hexane:2.5
primary,leave_one_solvent_out,toluene,proper_train,hexane:56,hexane:7
primary,leave_one_solvent_out,toluene,proper_train,hexane:57,hexane:7
primary,leave_one_solvent_out,toluene,proper_train,hexane:58,hexane:7
primary,leave_one_solvent_out,toluene,proper_train,hexane:59,hexane:10
primary,leave_one_solvent_out,toluene,proper_train,ethyl_acetate:8,ethyl_acetate:0.25
primary,leave_one_solvent_out,toluene,proper_train,ethyl_acetate:9,ethyl_acetate:0.25
primary,leave_one_solvent_out,toluene,proper_train,ethyl_acetate:10,ethyl_acetate:0.25
primary,leave_one_solvent_out,toluene,proper_train,ethyl_acetate:11,ethyl_acetate:0.5
primary,leave_one_solvent_out,toluene,proper_train,ethyl_acetate:12,ethyl_acetate:0.5
primary,leave_one_solvent_out,toluene,proper_train,ethyl_acetate:13,ethyl_acetate:0.5
primary,leave_one_solvent_out,toluene,proper_train,ethyl_acetate:17,ethyl_acetate:0.25
primary,leave_one_solvent_out,toluene,proper_train,ethyl_acetate:18,ethyl_acetate:0.25
primary,leave_one_solvent_out,toluene,proper_train,ethyl_acetate:19,ethyl_acetate:0.25
primary,leave_one_solvent_out,toluene,proper_train,ethyl_acetate:20,ethyl_acetate:1
primary,leave_one_solvent_out,toluene,proper_train,ethyl_acetate:21,ethyl_acetate:1
primary,leave_one_solvent_out,toluene,proper_train,ethyl_acetate:22,ethyl_acetate:1
primary,leave_one_solvent_out,toluene,proper_train,ethyl_acetate:23,ethyl_acetate:2
primary,leave_one_solvent_out,toluene,proper_train,ethyl_acetate:24,ethyl_acetate:2
primary,leave_one_solvent_out,toluene,proper_train,ethyl_acetate:25,ethyl_acetate:2
primary,leave_one_solvent_out,toluene,proper_train,ethyl_acetate:26,ethyl_acetate:3
primary,leave_one_solvent_out,toluene,proper_train,ethyl_acetate:27,ethyl_acetate:3
primary,leave_one_solvent_out,toluene,proper_train,ethyl_acetate:28,ethyl_acetate:3
primary,leave_one_solvent_out,toluene,proper_train,ethyl_acetate:32,ethyl_acetate:10
primary,leave_one_solvent_out,toluene,proper_train,ethyl_acetate:33,ethyl_acetate:10
primary,leave_one_solvent_out,toluene,proper_train,ethyl_acetate:34,ethyl_acetate:10
primary,leave_one_solvent_out,toluene,calibration,hexane:2,hexane:0.02
primary,leave_one_solvent_out,toluene,calibration,hexane:3,hexane:0.02
primary,leave_one_solvent_out,toluene,calibration,hexane:4,hexane:0.02
primary,leave_one_solvent_out,toluene,calibration,hexane:5,hexane:0.02
primary,leave_one_solvent_out,toluene,calibration,hexane:6,hexane:0.02
primary,leave_one_solvent_out,toluene,calibration,hexane:7,hexane:0.02
primary,leave_one_solvent_out,toluene,calibration,hexane:14,hexane:0.07
primary,leave_one_solvent_out,toluene,calibration,hexane:15,hexane:0.07
primary,leave_one_solvent_out,toluene,calibration,hexane:16,hexane:0.07
primary,leave_one_solvent_out,toluene,calibration,hexane:17,hexane:0.07
primary,leave_one_solvent_out,toluene,calibration,hexane:18,hexane:0.07
primary,leave_one_solvent_out,toluene,calibration,hexane:19,hexane:0.07
primary,leave_one_solvent_out,toluene,calibration,hexane:23,hexane:0.1
primary,leave_one_solvent_out,toluene,calibration,hexane:24,hexane:0.1
primary,leave_one_solvent_out,toluene,calibration,hexane:25,hexane:0.1
primary,leave_one_solvent_out,toluene,calibration,hexane:26,hexane:0.1
primary,leave_one_solvent_out,toluene,calibration,hexane:27,hexane:0.1
primary,leave_one_solvent_out,toluene,calibration,hexane:28,hexane:0.1
primary,leave_one_solvent_out,toluene,calibration,hexane:35,hexane:0.5
primary,leave_one_solvent_out,toluene,calibration,hexane:36,hexane:0.5
primary,leave_one_solvent_out,toluene,calibration,hexane:37,hexane:0.5
primary,leave_one_solvent_out,toluene,calibration,hexane:50,hexane:3
primary,leave_one_solvent_out,toluene,calibration,hexane:51,hexane:3
primary,leave_one_solvent_out,toluene,calibration,hexane:52,hexane:3
primary,leave_one_solvent_out,toluene,calibration,hexane:53,hexane:5
primary,leave_one_solvent_out,toluene,calibration,hexane:54,hexane:5
primary,leave_one_solvent_out,toluene,calibration,hexane:55,hexane:5
primary,leave_one_solvent_out,toluene,calibration,ethyl_acetate:2,ethyl_acetate:0.1
primary,leave_one_solvent_out,toluene,calibration,ethyl_acetate:3,ethyl_acetate:0.1
primary,leave_one_solvent_out,toluene,calibration,ethyl_acetate:4,ethyl_acetate:0.1
primary,leave_one_solvent_out,toluene,calibration,ethyl_acetate:5,ethyl_acetate:0.15
primary,leave_one_solvent_out,toluene,calibration,ethyl_acetate:6,ethyl_acetate:0.15
primary,leave_one_solvent_out,toluene,calibration,ethyl_acetate:7,ethyl_acetate:0.15
primary,leave_one_solvent_out,toluene,calibration,ethyl_acetate:14,ethyl_acetate:0.1
primary,leave_one_solvent_out,toluene,calibration,ethyl_acetate:15,ethyl_acetate:0.1
primary,leave_one_solvent_out,toluene,calibration,ethyl_acetate:16,ethyl_acetate:0.1
primary,leave_one_solvent_out,toluene,calibration,ethyl_acetate:29,ethyl_acetate:5
primary,leave_one_solvent_out,toluene,calibration,ethyl_acetate:30,ethyl_acetate:5
primary,leave_one_solvent_out,toluene,calibration,ethyl_acetate:31,ethyl_acetate:5
primary,leave_one_solvent_out,toluene,test,toluene:17,toluene:0.0025
primary,leave_one_solvent_out,toluene,test,toluene:18,toluene:0.0025
primary,leave_one_solvent_out,toluene,test,toluene:19,toluene:0.0025
primary,leave_one_solvent_out,toluene,test,toluene:20,toluene:0.005
primary,leave_one_solvent_out,toluene,test,toluene:21,toluene:0.005
primary,leave_one_solvent_out,toluene,test,toluene:22,toluene:0.005
primary,leave_one_solvent_out,toluene,test,toluene:23,toluene:0.01
primary,leave_one_solvent_out,toluene,test,toluene:24,toluene:0.01
primary,leave_one_solvent_out,toluene,test,toluene:25,toluene:0.01
primary,leave_one_solvent_out,toluene,test,toluene:26,toluene:0.015
primary,leave_one_solvent_out,toluene,test,toluene:27,toluene:0.015
primary,leave_one_solvent_out,toluene,test,toluene:28,toluene:0.015
primary,leave_one_solvent_out,toluene,test,toluene:29,toluene:0.025
primary,leave_one_solvent_out,toluene,test,toluene:30,toluene:0.025
primary,leave_one_solvent_out,toluene,test,toluene:31,toluene:0.025
primary,leave_one_solvent_out,toluene,test,toluene:32,toluene:0.05
primary,leave_one_solvent_out,toluene,test,toluene:33,toluene:0.05
primary,leave_one_solvent_out,toluene,test,toluene:34,toluene:0.05
primary,leave_one_solvent_out,toluene,test,toluene:35,toluene:0.1
primary,leave_one_solvent_out,toluene,test,toluene:36,toluene:0.1
primary,leave_one_solvent_out,toluene,test,toluene:37,toluene:0.1
primary,leave_one_solvent_out,toluene,test,toluene:38,toluene:0.25
primary,leave_one_solvent_out,toluene,test,toluene:39,toluene:0.25
primary,leave_one_solvent_out,toluene,test,toluene:40,toluene:0.25
primary,leave_one_solvent_out,toluene,test,toluene:41,toluene:10
primary,leave_one_solvent_out,toluene,test,toluene:42,toluene:10
primary,leave_one_solvent_out,toluene,test,toluene:43,toluene:10
primary,leave_one_solvent_out,toluene,test,toluene:45,toluene:40
primary,leave_one_solvent_out,toluene,test,toluene:46,toluene:40
primary,leave_one_solvent_out,toluene,test,toluene:47,toluene:50
primary,leave_one_solvent_out,toluene,test,toluene:48,toluene:50
primary,leave_one_solvent_out,toluene,test,toluene:49,toluene:50
primary,leave_one_solvent_out,toluene,test,toluene:50,toluene:50
primary,leave_one_solvent_out,toluene,test,toluene:51,toluene:50
primary,leave_one_solvent_out,toluene,test,toluene:52,toluene:50
primary,ood_low_concentration,low,proper_train,hexane:23,hexane:0.1
primary,ood_low_concentration,low,proper_train,hexane:24,hexane:0.1
primary,ood_low_concentration,low,proper_train,hexane:25,hexane:0.1
primary,ood_low_concentration,low,proper_train,hexane:26,hexane:0.1
primary,ood_low_concentration,low,proper_train,hexane:27,hexane:0.1
primary,ood_low_concentration,low,proper_train,hexane:28,hexane:0.1
primary,ood_low_concentration,low,proper_train,hexane:35,hexane:0.5
primary,ood_low_concentration,low,proper_train,hexane:36,hexane:0.5
primary,ood_low_concentration,low,proper_train,hexane:37,hexane:0.5
primary,ood_low_concentration,low,proper_train,hexane:44,hexane:2
primary,ood_low_concentration,low,proper_train,hexane:45,hexane:2
primary,ood_low_concentration,low,proper_train,hexane:46,hexane:2
primary,ood_low_concentration,low,proper_train,hexane:47,hexane:2.5
primary,ood_low_concentration,low,proper_train,hexane:48,hexane:2.5
primary,ood_low_concentration,low,proper_train,hexane:49,hexane:2.5
primary,ood_low_concentration,low,proper_train,hexane:56,hexane:7
primary,ood_low_concentration,low,proper_train,hexane:57,hexane:7
primary,ood_low_concentration,low,proper_train,hexane:58,hexane:7
primary,ood_low_concentration,low,proper_train,toluene:26,toluene:0.015
primary,ood_low_concentration,low,proper_train,toluene:27,toluene:0.015
primary,ood_low_concentration,low,proper_train,toluene:28,toluene:0.015
primary,ood_low_concentration,low,proper_train,toluene:29,toluene:0.025
primary,ood_low_concentration,low,proper_train,toluene:30,toluene:0.025
primary,ood_low_concentration,low,proper_train,toluene:31,toluene:0.025
primary,ood_low_concentration,low,proper_train,toluene:35,toluene:0.1
primary,ood_low_concentration,low,proper_train,toluene:36,toluene:0.1
primary,ood_low_concentration,low,proper_train,toluene:37,toluene:0.1
primary,ood_low_concentration,low,proper_train,toluene:38,toluene:0.25
primary,ood_low_concentration,low,proper_train,toluene:39,toluene:0.25
primary,ood_low_concentration,low,proper_train,toluene:40,toluene:0.25
primary,ood_low_concentration,low,proper_train,toluene:45,toluene:40
primary,ood_low_concentration,low,proper_train,toluene:46,toluene:40
primary,ood_low_concentration,low,proper_train,toluene:47,toluene:50
primary,ood_low_concentration,low,proper_train,toluene:48,toluene:50
primary,ood_low_concentration,low,proper_train,toluene:49,toluene:50
primary,ood_low_concentration,low,proper_train,toluene:50,toluene:50
primary,ood_low_concentration,low,proper_train,toluene:51,toluene:50
primary,ood_low_concentration,low,proper_train,toluene:52,toluene:50
primary,ood_low_concentration,low,proper_train,ethyl_acetate:11,ethyl_acetate:0.5
primary,ood_low_concentration,low,proper_train,ethyl_acetate:12,ethyl_acetate:0.5
primary,ood_low_concentration,low,proper_train,ethyl_acetate:13,ethyl_acetate:0.5
primary,ood_low_concentration,low,proper_train,ethyl_acetate:20,ethyl_acetate:1
primary,ood_low_concentration,low,proper_train,ethyl_acetate:21,ethyl_acetate:1
primary,ood_low_concentration,low,proper_train,ethyl_acetate:22,ethyl_acetate:1
primary,ood_low_concentration,low,proper_train,ethyl_acetate:23,ethyl_acetate:2
primary,ood_low_concentration,low,proper_train,ethyl_acetate:24,ethyl_acetate:2
primary,ood_low_concentration,low,proper_train,ethyl_acetate:25,ethyl_acetate:2
primary,ood_low_concentration,low,proper_train,ethyl_acetate:26,ethyl_acetate:3
primary,ood_low_concentration,low,proper_train,ethyl_acetate:27,ethyl_acetate:3
primary,ood_low_concentration,low,proper_train,ethyl_acetate:28,ethyl_acetate:3
primary,ood_low_concentration,low,proper_train,ethyl_acetate:29,ethyl_acetate:5
primary,ood_low_concentration,low,proper_train,ethyl_acetate:30,ethyl_acetate:5
primary,ood_low_concentration,low,proper_train,ethyl_acetate:31,ethyl_acetate:5
primary,ood_low_concentration,low,proper_train,ethyl_acetate:32,ethyl_acetate:10
primary,ood_low_concentration,low,proper_train,ethyl_acetate:33,ethyl_acetate:10
primary,ood_low_concentration,low,proper_train,ethyl_acetate:34,ethyl_acetate:10
primary,ood_low_concentration,low,calibration,hexane:29,hexane:0.15
primary,ood_low_concentration,low,calibration,hexane:30,hexane:0.15
primary,ood_low_concentration,low,calibration,hexane:31,hexane:0.15
primary,ood_low_concentration,low,calibration,hexane:32,hexane:0.25
primary,ood_low_concentration,low,calibration,hexane:33,hexane:0.25
primary,ood_low_concentration,low,calibration,hexane:34,hexane:0.25
primary,ood_low_concentration,low,calibration,hexane:38,hexane:1
primary,ood_low_concentration,low,calibration,hexane:39,hexane:1
primary,ood_low_concentration,low,calibration,hexane:40,hexane:1
primary,ood_low_concentration,low,calibration,hexane:41,hexane:1.5
primary,ood_low_concentration,low,calibration,hexane:42,hexane:1.5
primary,ood_low_concentration,low,calibration,hexane:43,hexane:1.5
primary,ood_low_concentration,low,calibration,hexane:50,hexane:3
primary,ood_low_concentration,low,calibration,hexane:51,hexane:3
primary,ood_low_concentration,low,calibration,hexane:52,hexane:3
primary,ood_low_concentration,low,calibration,hexane:53,hexane:5
primary,ood_low_concentration,low,calibration,hexane:54,hexane:5
primary,ood_low_concentration,low,calibration,hexane:55,hexane:5
primary,ood_low_concentration,low,calibration,hexane:59,hexane:10
primary,ood_low_concentration,low,calibration,toluene:32,toluene:0.05
primary,ood_low_concentration,low,calibration,toluene:33,toluene:0.05
primary,ood_low_concentration,low,calibration,toluene:34,toluene:0.05
primary,ood_low_concentration,low,calibration,toluene:41,toluene:10
primary,ood_low_concentration,low,calibration,toluene:42,toluene:10
primary,ood_low_concentration,low,calibration,toluene:43,toluene:10
primary,ood_low_concentration,low,calibration,ethyl_acetate:8,ethyl_acetate:0.25
primary,ood_low_concentration,low,calibration,ethyl_acetate:9,ethyl_acetate:0.25
primary,ood_low_concentration,low,calibration,ethyl_acetate:10,ethyl_acetate:0.25
primary,ood_low_concentration,low,calibration,ethyl_acetate:17,ethyl_acetate:0.25
primary,ood_low_concentration,low,calibration,ethyl_acetate:18,ethyl_acetate:0.25
primary,ood_low_concentration,low,calibration,ethyl_acetate:19,ethyl_acetate:0.25
primary,ood_low_concentration,low,test,hexane:2,hexane:0.02
primary,ood_low_concentration,low,test,hexane:3,hexane:0.02
primary,ood_low_concentration,low,test,hexane:4,hexane:0.02
primary,ood_low_concentration,low,test,hexane:5,hexane:0.02
primary,ood_low_concentration,low,test,hexane:6,hexane:0.02
primary,ood_low_concentration,low,test,hexane:7,hexane:0.02
primary,ood_low_concentration,low,test,hexane:8,hexane:0.05
primary,ood_low_concentration,low,test,hexane:9,hexane:0.05
primary,ood_low_concentration,low,test,hexane:10,hexane:0.05
primary,ood_low_concentration,low,test,hexane:11,hexane:0.05
primary,ood_low_concentration,low,test,hexane:12,hexane:0.05
primary,ood_low_concentration,low,test,hexane:13,hexane:0.05
primary,ood_low_concentration,low,test,hexane:14,hexane:0.07
primary,ood_low_concentration,low,test,hexane:15,hexane:0.07
primary,ood_low_concentration,low,test,hexane:16,hexane:0.07
primary,ood_low_concentration,low,test,hexane:17,hexane:0.07
primary,ood_low_concentration,low,test,hexane:18,hexane:0.07
primary,ood_low_concentration,low,test,hexane:19,hexane:0.07
primary,ood_low_concentration,low,test,hexane:20,hexane:0.09
primary,ood_low_concentration,low,test,hexane:21,hexane:0.09
primary,ood_low_concentration,low,test,hexane:22,hexane:0.09
primary,ood_low_concentration,low,test,toluene:17,toluene:0.0025
primary,ood_low_concentration,low,test,toluene:18,toluene:0.0025
primary,ood_low_concentration,low,test,toluene:19,toluene:0.0025
primary,ood_low_concentration,low,test,toluene:20,toluene:0.005
primary,ood_low_concentration,low,test,toluene:21,toluene:0.005
primary,ood_low_concentration,low,test,toluene:22,toluene:0.005
primary,ood_low_concentration,low,test,toluene:23,toluene:0.01
primary,ood_low_concentration,low,test,toluene:24,toluene:0.01
primary,ood_low_concentration,low,test,toluene:25,toluene:0.01
primary,ood_low_concentration,low,test,ethyl_acetate:2,ethyl_acetate:0.1
primary,ood_low_concentration,low,test,ethyl_acetate:3,ethyl_acetate:0.1
primary,ood_low_concentration,low,test,ethyl_acetate:4,ethyl_acetate:0.1
primary,ood_low_concentration,low,test,ethyl_acetate:5,ethyl_acetate:0.15
primary,ood_low_concentration,low,test,ethyl_acetate:6,ethyl_acetate:0.15
primary,ood_low_concentration,low,test,ethyl_acetate:7,ethyl_acetate:0.15
primary,ood_low_concentration,low,test,ethyl_acetate:14,ethyl_acetate:0.1
primary,ood_low_concentration,low,test,ethyl_acetate:15,ethyl_acetate:0.1
primary,ood_low_concentration,low,test,ethyl_acetate:16,ethyl_acetate:0.1
primary,ood_high_concentration,high,proper_train,hexane:2,hexane:0.02
primary,ood_high_concentration,high,proper_train,hexane:3,hexane:0.02
primary,ood_high_concentration,high,proper_train,hexane:4,hexane:0.02
primary,ood_high_concentration,high,proper_train,hexane:5,hexane:0.02
primary,ood_high_concentration,high,proper_train,hexane:6,hexane:0.02
primary,ood_high_concentration,high,proper_train,hexane:7,hexane:0.02
primary,ood_high_concentration,high,proper_train,hexane:20,hexane:0.09
primary,ood_high_concentration,high,proper_train,hexane:21,hexane:0.09
primary,ood_high_concentration,high,proper_train,hexane:22,hexane:0.09
primary,ood_high_concentration,high,proper_train,hexane:35,hexane:0.5
primary,ood_high_concentration,high,proper_train,hexane:36,hexane:0.5
primary,ood_high_concentration,high,proper_train,hexane:37,hexane:0.5
primary,ood_high_concentration,high,proper_train,hexane:38,hexane:1
primary,ood_high_concentration,high,proper_train,hexane:39,hexane:1
primary,ood_high_concentration,high,proper_train,hexane:40,hexane:1
primary,ood_high_concentration,high,proper_train,hexane:47,hexane:2.5
primary,ood_high_concentration,high,proper_train,hexane:48,hexane:2.5
primary,ood_high_concentration,high,proper_train,hexane:49,hexane:2.5
primary,ood_high_concentration,high,proper_train,toluene:17,toluene:0.0025
primary,ood_high_concentration,high,proper_train,toluene:18,toluene:0.0025
primary,ood_high_concentration,high,proper_train,toluene:19,toluene:0.0025
primary,ood_high_concentration,high,proper_train,toluene:20,toluene:0.005
primary,ood_high_concentration,high,proper_train,toluene:21,toluene:0.005
primary,ood_high_concentration,high,proper_train,toluene:22,toluene:0.005
primary,ood_high_concentration,high,proper_train,toluene:26,toluene:0.015
primary,ood_high_concentration,high,proper_train,toluene:27,toluene:0.015
primary,ood_high_concentration,high,proper_train,toluene:28,toluene:0.015
primary,ood_high_concentration,high,proper_train,toluene:29,toluene:0.025
primary,ood_high_concentration,high,proper_train,toluene:30,toluene:0.025
primary,ood_high_concentration,high,proper_train,toluene:31,toluene:0.025
primary,ood_high_concentration,high,proper_train,toluene:35,toluene:0.1
primary,ood_high_concentration,high,proper_train,toluene:36,toluene:0.1
primary,ood_high_concentration,high,proper_train,toluene:37,toluene:0.1
primary,ood_high_concentration,high,proper_train,toluene:38,toluene:0.25
primary,ood_high_concentration,high,proper_train,toluene:39,toluene:0.25
primary,ood_high_concentration,high,proper_train,toluene:40,toluene:0.25
primary,ood_high_concentration,high,proper_train,ethyl_acetate:5,ethyl_acetate:0.15
primary,ood_high_concentration,high,proper_train,ethyl_acetate:6,ethyl_acetate:0.15
primary,ood_high_concentration,high,proper_train,ethyl_acetate:7,ethyl_acetate:0.15
primary,ood_high_concentration,high,proper_train,ethyl_acetate:8,ethyl_acetate:0.25
primary,ood_high_concentration,high,proper_train,ethyl_acetate:9,ethyl_acetate:0.25
primary,ood_high_concentration,high,proper_train,ethyl_acetate:10,ethyl_acetate:0.25
primary,ood_high_concentration,high,proper_train,ethyl_acetate:11,ethyl_acetate:0.5
primary,ood_high_concentration,high,proper_train,ethyl_acetate:12,ethyl_acetate:0.5
primary,ood_high_concentration,high,proper_train,ethyl_acetate:13,ethyl_acetate:0.5
primary,ood_high_concentration,high,proper_train,ethyl_acetate:17,ethyl_acetate:0.25
primary,ood_high_concentration,high,proper_train,ethyl_acetate:18,ethyl_acetate:0.25
primary,ood_high_concentration,high,proper_train,ethyl_acetate:19,ethyl_acetate:0.25
primary,ood_high_concentration,high,proper_train,ethyl_acetate:20,ethyl_acetate:1
primary,ood_high_concentration,high,proper_train,ethyl_acetate:21,ethyl_acetate:1
primary,ood_high_concentration,high,proper_train,ethyl_acetate:22,ethyl_acetate:1
primary,ood_high_concentration,high,proper_train,ethyl_acetate:23,ethyl_acetate:2
primary,ood_high_concentration,high,proper_train,ethyl_acetate:24,ethyl_acetate:2
primary,ood_high_concentration,high,proper_train,ethyl_acetate:25,ethyl_acetate:2
primary,ood_high_concentration,high,proper_train,ethyl_acetate:26,ethyl_acetate:3
primary,ood_high_concentration,high,proper_train,ethyl_acetate:27,ethyl_acetate:3
primary,ood_high_concentration,high,proper_train,ethyl_acetate:28,ethyl_acetate:3
primary,ood_high_concentration,high,calibration,hexane:8,hexane:0.05
primary,ood_high_concentration,high,calibration,hexane:9,hexane:0.05
primary,ood_high_concentration,high,calibration,hexane:10,hexane:0.05
primary,ood_high_concentration,high,calibration,hexane:11,hexane:0.05
primary,ood_high_concentration,high,calibration,hexane:12,hexane:0.05
primary,ood_high_concentration,high,calibration,hexane:13,hexane:0.05
primary,ood_high_concentration,high,calibration,hexane:14,hexane:0.07
primary,ood_high_concentration,high,calibration,hexane:15,hexane:0.07
primary,ood_high_concentration,high,calibration,hexane:16,hexane:0.07
primary,ood_high_concentration,high,calibration,hexane:17,hexane:0.07
primary,ood_high_concentration,high,calibration,hexane:18,hexane:0.07
primary,ood_high_concentration,high,calibration,hexane:19,hexane:0.07
primary,ood_high_concentration,high,calibration,hexane:23,hexane:0.1
primary,ood_high_concentration,high,calibration,hexane:24,hexane:0.1
primary,ood_high_concentration,high,calibration,hexane:25,hexane:0.1
primary,ood_high_concentration,high,calibration,hexane:26,hexane:0.1
primary,ood_high_concentration,high,calibration,hexane:27,hexane:0.1
primary,ood_high_concentration,high,calibration,hexane:28,hexane:0.1
primary,ood_high_concentration,high,calibration,hexane:29,hexane:0.15
primary,ood_high_concentration,high,calibration,hexane:30,hexane:0.15
primary,ood_high_concentration,high,calibration,hexane:31,hexane:0.15
primary,ood_high_concentration,high,calibration,hexane:32,hexane:0.25
primary,ood_high_concentration,high,calibration,hexane:33,hexane:0.25
primary,ood_high_concentration,high,calibration,hexane:34,hexane:0.25
primary,ood_high_concentration,high,calibration,hexane:41,hexane:1.5
primary,ood_high_concentration,high,calibration,hexane:42,hexane:1.5
primary,ood_high_concentration,high,calibration,hexane:43,hexane:1.5
primary,ood_high_concentration,high,calibration,hexane:44,hexane:2
primary,ood_high_concentration,high,calibration,hexane:45,hexane:2
primary,ood_high_concentration,high,calibration,hexane:46,hexane:2
primary,ood_high_concentration,high,calibration,toluene:23,toluene:0.01
primary,ood_high_concentration,high,calibration,toluene:24,toluene:0.01
primary,ood_high_concentration,high,calibration,toluene:25,toluene:0.01
primary,ood_high_concentration,high,calibration,toluene:32,toluene:0.05
primary,ood_high_concentration,high,calibration,toluene:33,toluene:0.05
primary,ood_high_concentration,high,calibration,toluene:34,toluene:0.05
primary,ood_high_concentration,high,calibration,ethyl_acetate:2,ethyl_acetate:0.1
primary,ood_high_concentration,high,calibration,ethyl_acetate:3,ethyl_acetate:0.1
primary,ood_high_concentration,high,calibration,ethyl_acetate:4,ethyl_acetate:0.1
primary,ood_high_concentration,high,calibration,ethyl_acetate:14,ethyl_acetate:0.1
primary,ood_high_concentration,high,calibration,ethyl_acetate:15,ethyl_acetate:0.1
primary,ood_high_concentration,high,calibration,ethyl_acetate:16,ethyl_acetate:0.1
primary,ood_high_concentration,high,test,hexane:50,hexane:3
primary,ood_high_concentration,high,test,hexane:51,hexane:3
primary,ood_high_concentration,high,test,hexane:52,hexane:3
primary,ood_high_concentration,high,test,hexane:53,hexane:5
primary,ood_high_concentration,high,test,hexane:54,hexane:5
primary,ood_high_concentration,high,test,hexane:55,hexane:5
primary,ood_high_concentration,high,test,hexane:56,hexane:7
primary,ood_high_concentration,high,test,hexane:57,hexane:7
primary,ood_high_concentration,high,test,hexane:58,hexane:7
primary,ood_high_concentration,high,test,hexane:59,hexane:10
primary,ood_high_concentration,high,test,toluene:41,toluene:10
primary,ood_high_concentration,high,test,toluene:42,toluene:10
primary,ood_high_concentration,high,test,toluene:43,toluene:10
primary,ood_high_concentration,high,test,toluene:45,toluene:40
primary,ood_high_concentration,high,test,toluene:46,toluene:40
primary,ood_high_concentration,high,test,toluene:47,toluene:50
primary,ood_high_concentration,high,test,toluene:48,toluene:50
primary,ood_high_concentration,high,test,toluene:49,toluene:50
primary,ood_high_concentration,high,test,toluene:50,toluene:50
primary,ood_high_concentration,high,test,toluene:51,toluene:50
primary,ood_high_concentration,high,test,toluene:52,toluene:50
primary,ood_high_concentration,high,test,ethyl_acetate:29,ethyl_acetate:5
primary,ood_high_concentration,high,test,ethyl_acetate:30,ethyl_acetate:5
primary,ood_high_concentration,high,test,ethyl_acetate:31,ethyl_acetate:5
primary,ood_high_concentration,high,test,ethyl_acetate:32,ethyl_acetate:10
primary,ood_high_concentration,high,test,ethyl_acetate:33,ethyl_acetate:10
primary,ood_high_concentration,high,test,ethyl_acetate:34,ethyl_acetate:10
including_summaries_sensitivity,grouped_cv,1,proper_train,hexane:14,hexane:0.07
including_summaries_sensitivity,grouped_cv,1,proper_train,hexane:15,hexane:0.07
including_summaries_sensitivity,grouped_cv,1,proper_train,hexane:16,hexane:0.07
including_summaries_sensitivity,grouped_cv,1,proper_train,hexane:17,hexane:0.07
including_summaries_sensitivity,grouped_cv,1,proper_train,hexane:18,hexane:0.07
including_summaries_sensitivity,grouped_cv,1,proper_train,hexane:19,hexane:0.07
including_summaries_sensitivity,grouped_cv,1,proper_train,hexane:20,hexane:0.09
including_summaries_sensitivity,grouped_cv,1,proper_train,hexane:21,hexane:0.09
including_summaries_sensitivity,grouped_cv,1,proper_train,hexane:22,hexane:0.09
including_summaries_sensitivity,grouped_cv,1,proper_train,hexane:32,hexane:0.25
including_summaries_sensitivity,grouped_cv,1,proper_train,hexane:33,hexane:0.25
including_summaries_sensitivity,grouped_cv,1,proper_train,hexane:34,hexane:0.25
including_summaries_sensitivity,grouped_cv,1,proper_train,hexane:38,hexane:1
including_summaries_sensitivity,grouped_cv,1,proper_train,hexane:39,hexane:1
including_summaries_sensitivity,grouped_cv,1,proper_train,hexane:40,hexane:1
including_summaries_sensitivity,grouped_cv,1,proper_train,hexane:44,hexane:2
including_summaries_sensitivity,grouped_cv,1,proper_train,hexane:45,hexane:2
including_summaries_sensitivity,grouped_cv,1,proper_train,hexane:46,hexane:2
including_summaries_sensitivity,grouped_cv,1,proper_train,hexane:53,hexane:5
including_summaries_sensitivity,grouped_cv,1,proper_train,hexane:54,hexane:5
including_summaries_sensitivity,grouped_cv,1,proper_train,hexane:55,hexane:5
including_summaries_sensitivity,grouped_cv,1,proper_train,hexane:56,hexane:7
including_summaries_sensitivity,grouped_cv,1,proper_train,hexane:57,hexane:7
including_summaries_sensitivity,grouped_cv,1,proper_train,hexane:58,hexane:7
including_summaries_sensitivity,grouped_cv,1,proper_train,toluene:4,toluene:0.01
including_summaries_sensitivity,grouped_cv,1,proper_train,toluene:5,toluene:0.015
including_summaries_sensitivity,grouped_cv,1,proper_train,toluene:6,toluene:0.025
including_summaries_sensitivity,grouped_cv,1,proper_train,toluene:9,toluene:0.25
including_summaries_sensitivity,grouped_cv,1,proper_train,toluene:11,toluene:0.9
including_summaries_sensitivity,grouped_cv,1,proper_train,toluene:14,toluene:10
including_summaries_sensitivity,grouped_cv,1,proper_train,toluene:15,toluene:40
including_summaries_sensitivity,grouped_cv,1,proper_train,toluene:23,toluene:0.01
including_summaries_sensitivity,grouped_cv,1,proper_train,toluene:24,toluene:0.01
including_summaries_sensitivity,grouped_cv,1,proper_train,toluene:25,toluene:0.01
including_summaries_sensitivity,grouped_cv,1,proper_train,toluene:26,toluene:0.015
including_summaries_sensitivity,grouped_cv,1,proper_train,toluene:27,toluene:0.015
including_summaries_sensitivity,grouped_cv,1,proper_train,toluene:28,toluene:0.015
including_summaries_sensitivity,grouped_cv,1,proper_train,toluene:29,toluene:0.025
including_summaries_sensitivity,grouped_cv,1,proper_train,toluene:30,toluene:0.025
including_summaries_sensitivity,grouped_cv,1,proper_train,toluene:31,toluene:0.025
including_summaries_sensitivity,grouped_cv,1,proper_train,toluene:38,toluene:0.25
including_summaries_sensitivity,grouped_cv,1,proper_train,toluene:39,toluene:0.25
including_summaries_sensitivity,grouped_cv,1,proper_train,toluene:40,toluene:0.25
including_summaries_sensitivity,grouped_cv,1,proper_train,toluene:41,toluene:10
including_summaries_sensitivity,grouped_cv,1,proper_train,toluene:42,toluene:10
including_summaries_sensitivity,grouped_cv,1,proper_train,toluene:43,toluene:10
including_summaries_sensitivity,grouped_cv,1,proper_train,toluene:45,toluene:40
including_summaries_sensitivity,grouped_cv,1,proper_train,toluene:46,toluene:40
including_summaries_sensitivity,grouped_cv,1,proper_train,ethyl_acetate:5,ethyl_acetate:0.15
including_summaries_sensitivity,grouped_cv,1,proper_train,ethyl_acetate:6,ethyl_acetate:0.15
including_summaries_sensitivity,grouped_cv,1,proper_train,ethyl_acetate:7,ethyl_acetate:0.15
including_summaries_sensitivity,grouped_cv,1,proper_train,ethyl_acetate:8,ethyl_acetate:0.25
including_summaries_sensitivity,grouped_cv,1,proper_train,ethyl_acetate:9,ethyl_acetate:0.25
including_summaries_sensitivity,grouped_cv,1,proper_train,ethyl_acetate:10,ethyl_acetate:0.25
including_summaries_sensitivity,grouped_cv,1,proper_train,ethyl_acetate:11,ethyl_acetate:0.5
including_summaries_sensitivity,grouped_cv,1,proper_train,ethyl_acetate:12,ethyl_acetate:0.5
including_summaries_sensitivity,grouped_cv,1,proper_train,ethyl_acetate:13,ethyl_acetate:0.5
including_summaries_sensitivity,grouped_cv,1,proper_train,ethyl_acetate:17,ethyl_acetate:0.25
including_summaries_sensitivity,grouped_cv,1,proper_train,ethyl_acetate:18,ethyl_acetate:0.25
including_summaries_sensitivity,grouped_cv,1,proper_train,ethyl_acetate:19,ethyl_acetate:0.25
including_summaries_sensitivity,grouped_cv,1,proper_train,ethyl_acetate:23,ethyl_acetate:2
including_summaries_sensitivity,grouped_cv,1,proper_train,ethyl_acetate:24,ethyl_acetate:2
including_summaries_sensitivity,grouped_cv,1,proper_train,ethyl_acetate:25,ethyl_acetate:2
including_summaries_sensitivity,grouped_cv,1,proper_train,ethyl_acetate:29,ethyl_acetate:5
including_summaries_sensitivity,grouped_cv,1,proper_train,ethyl_acetate:30,ethyl_acetate:5
including_summaries_sensitivity,grouped_cv,1,proper_train,ethyl_acetate:31,ethyl_acetate:5
including_summaries_sensitivity,grouped_cv,1,proper_train,ethyl_acetate:32,ethyl_acetate:10
including_summaries_sensitivity,grouped_cv,1,proper_train,ethyl_acetate:33,ethyl_acetate:10
including_summaries_sensitivity,grouped_cv,1,proper_train,ethyl_acetate:34,ethyl_acetate:10
including_summaries_sensitivity,grouped_cv,1,calibration,hexane:2,hexane:0.02
including_summaries_sensitivity,grouped_cv,1,calibration,hexane:3,hexane:0.02
including_summaries_sensitivity,grouped_cv,1,calibration,hexane:4,hexane:0.02
including_summaries_sensitivity,grouped_cv,1,calibration,hexane:5,hexane:0.02
including_summaries_sensitivity,grouped_cv,1,calibration,hexane:6,hexane:0.02
including_summaries_sensitivity,grouped_cv,1,calibration,hexane:7,hexane:0.02
including_summaries_sensitivity,grouped_cv,1,calibration,hexane:8,hexane:0.05
including_summaries_sensitivity,grouped_cv,1,calibration,hexane:9,hexane:0.05
including_summaries_sensitivity,grouped_cv,1,calibration,hexane:10,hexane:0.05
including_summaries_sensitivity,grouped_cv,1,calibration,hexane:11,hexane:0.05
including_summaries_sensitivity,grouped_cv,1,calibration,hexane:12,hexane:0.05
including_summaries_sensitivity,grouped_cv,1,calibration,hexane:13,hexane:0.05
including_summaries_sensitivity,grouped_cv,1,calibration,hexane:23,hexane:0.1
including_summaries_sensitivity,grouped_cv,1,calibration,hexane:24,hexane:0.1
including_summaries_sensitivity,grouped_cv,1,calibration,hexane:25,hexane:0.1
including_summaries_sensitivity,grouped_cv,1,calibration,hexane:26,hexane:0.1
including_summaries_sensitivity,grouped_cv,1,calibration,hexane:27,hexane:0.1
including_summaries_sensitivity,grouped_cv,1,calibration,hexane:28,hexane:0.1
including_summaries_sensitivity,grouped_cv,1,calibration,hexane:41,hexane:1.5
including_summaries_sensitivity,grouped_cv,1,calibration,hexane:42,hexane:1.5
including_summaries_sensitivity,grouped_cv,1,calibration,hexane:43,hexane:1.5
including_summaries_sensitivity,grouped_cv,1,calibration,hexane:47,hexane:2.5
including_summaries_sensitivity,grouped_cv,1,calibration,hexane:48,hexane:2.5
including_summaries_sensitivity,grouped_cv,1,calibration,hexane:49,hexane:2.5
including_summaries_sensitivity,grouped_cv,1,calibration,toluene:7,toluene:0.05
including_summaries_sensitivity,grouped_cv,1,calibration,toluene:8,toluene:0.1
including_summaries_sensitivity,grouped_cv,1,calibration,toluene:12,toluene:1.5
including_summaries_sensitivity,grouped_cv,1,calibration,toluene:13,toluene:2
including_summaries_sensitivity,grouped_cv,1,calibration,toluene:32,toluene:0.05
including_summaries_sensitivity,grouped_cv,1,calibration,toluene:33,toluene:0.05
including_summaries_sensitivity,grouped_cv,1,calibration,toluene:34,toluene:0.05
including_summaries_sensitivity,grouped_cv,1,calibration,toluene:35,toluene:0.1
including_summaries_sensitivity,grouped_cv,1,calibration,toluene:36,toluene:0.1
including_summaries_sensitivity,grouped_cv,1,calibration,toluene:37,toluene:0.1
including_summaries_sensitivity,grouped_cv,1,calibration,ethyl_acetate:2,ethyl_acetate:0.1
including_summaries_sensitivity,grouped_cv,1,calibration,ethyl_acetate:3,ethyl_acetate:0.1
including_summaries_sensitivity,grouped_cv,1,calibration,ethyl_acetate:4,ethyl_acetate:0.1
including_summaries_sensitivity,grouped_cv,1,calibration,ethyl_acetate:14,ethyl_acetate:0.1
including_summaries_sensitivity,grouped_cv,1,calibration,ethyl_acetate:15,ethyl_acetate:0.1
including_summaries_sensitivity,grouped_cv,1,calibration,ethyl_acetate:16,ethyl_acetate:0.1
including_summaries_sensitivity,grouped_cv,1,calibration,ethyl_acetate:20,ethyl_acetate:1
including_summaries_sensitivity,grouped_cv,1,calibration,ethyl_acetate:21,ethyl_acetate:1
including_summaries_sensitivity,grouped_cv,1,calibration,ethyl_acetate:22,ethyl_acetate:1
including_summaries_sensitivity,grouped_cv,1,test,hexane:29,hexane:0.15
including_summaries_sensitivity,grouped_cv,1,test,hexane:30,hexane:0.15
including_summaries_sensitivity,grouped_cv,1,test,hexane:31,hexane:0.15
including_summaries_sensitivity,grouped_cv,1,test,hexane:35,hexane:0.5
including_summaries_sensitivity,grouped_cv,1,test,hexane:36,hexane:0.5
including_summaries_sensitivity,grouped_cv,1,test,hexane:37,hexane:0.5
including_summaries_sensitivity,grouped_cv,1,test,hexane:50,hexane:3
including_summaries_sensitivity,grouped_cv,1,test,hexane:51,hexane:3
including_summaries_sensitivity,grouped_cv,1,test,hexane:52,hexane:3
including_summaries_sensitivity,grouped_cv,1,test,hexane:59,hexane:10
including_summaries_sensitivity,grouped_cv,1,test,toluene:2,toluene:0.0025
including_summaries_sensitivity,grouped_cv,1,test,toluene:3,toluene:0.005
including_summaries_sensitivity,grouped_cv,1,test,toluene:10,toluene:0.5
including_summaries_sensitivity,grouped_cv,1,test,toluene:16,toluene:50
including_summaries_sensitivity,grouped_cv,1,test,toluene:17,toluene:0.0025
including_summaries_sensitivity,grouped_cv,1,test,toluene:18,toluene:0.0025
including_summaries_sensitivity,grouped_cv,1,test,toluene:19,toluene:0.0025
including_summaries_sensitivity,grouped_cv,1,test,toluene:20,toluene:0.005
including_summaries_sensitivity,grouped_cv,1,test,toluene:21,toluene:0.005
including_summaries_sensitivity,grouped_cv,1,test,toluene:22,toluene:0.005
including_summaries_sensitivity,grouped_cv,1,test,toluene:47,toluene:50
including_summaries_sensitivity,grouped_cv,1,test,toluene:48,toluene:50
including_summaries_sensitivity,grouped_cv,1,test,toluene:49,toluene:50
including_summaries_sensitivity,grouped_cv,1,test,toluene:50,toluene:50
including_summaries_sensitivity,grouped_cv,1,test,toluene:51,toluene:50
including_summaries_sensitivity,grouped_cv,1,test,toluene:52,toluene:50
including_summaries_sensitivity,grouped_cv,1,test,ethyl_acetate:26,ethyl_acetate:3
including_summaries_sensitivity,grouped_cv,1,test,ethyl_acetate:27,ethyl_acetate:3
including_summaries_sensitivity,grouped_cv,1,test,ethyl_acetate:28,ethyl_acetate:3
including_summaries_sensitivity,grouped_cv,2,proper_train,hexane:2,hexane:0.02
including_summaries_sensitivity,grouped_cv,2,proper_train,hexane:3,hexane:0.02
including_summaries_sensitivity,grouped_cv,2,proper_train,hexane:4,hexane:0.02
including_summaries_sensitivity,grouped_cv,2,proper_train,hexane:5,hexane:0.02
including_summaries_sensitivity,grouped_cv,2,proper_train,hexane:6,hexane:0.02
including_summaries_sensitivity,grouped_cv,2,proper_train,hexane:7,hexane:0.02
including_summaries_sensitivity,grouped_cv,2,proper_train,hexane:23,hexane:0.1
including_summaries_sensitivity,grouped_cv,2,proper_train,hexane:24,hexane:0.1
including_summaries_sensitivity,grouped_cv,2,proper_train,hexane:25,hexane:0.1
including_summaries_sensitivity,grouped_cv,2,proper_train,hexane:26,hexane:0.1
including_summaries_sensitivity,grouped_cv,2,proper_train,hexane:27,hexane:0.1
including_summaries_sensitivity,grouped_cv,2,proper_train,hexane:28,hexane:0.1
including_summaries_sensitivity,grouped_cv,2,proper_train,hexane:29,hexane:0.15
including_summaries_sensitivity,grouped_cv,2,proper_train,hexane:30,hexane:0.15
including_summaries_sensitivity,grouped_cv,2,proper_train,hexane:31,hexane:0.15
including_summaries_sensitivity,grouped_cv,2,proper_train,hexane:35,hexane:0.5
including_summaries_sensitivity,grouped_cv,2,proper_train,hexane:36,hexane:0.5
including_summaries_sensitivity,grouped_cv,2,proper_train,hexane:37,hexane:0.5
including_summaries_sensitivity,grouped_cv,2,proper_train,hexane:41,hexane:1.5
including_summaries_sensitivity,grouped_cv,2,proper_train,hexane:42,hexane:1.5
including_summaries_sensitivity,grouped_cv,2,proper_train,hexane:43,hexane:1.5
including_summaries_sensitivity,grouped_cv,2,proper_train,hexane:53,hexane:5
including_summaries_sensitivity,grouped_cv,2,proper_train,hexane:54,hexane:5
including_summaries_sensitivity,grouped_cv,2,proper_train,hexane:55,hexane:5
including_summaries_sensitivity,grouped_cv,2,proper_train,toluene:3,toluene:0.005
including_summaries_sensitivity,grouped_cv,2,proper_train,toluene:5,toluene:0.015
including_summaries_sensitivity,grouped_cv,2,proper_train,toluene:6,toluene:0.025
including_summaries_sensitivity,grouped_cv,2,proper_train,toluene:7,toluene:0.05
including_summaries_sensitivity,grouped_cv,2,proper_train,toluene:8,toluene:0.1
including_summaries_sensitivity,grouped_cv,2,proper_train,toluene:11,toluene:0.9
including_summaries_sensitivity,grouped_cv,2,proper_train,toluene:12,toluene:1.5
including_summaries_sensitivity,grouped_cv,2,proper_train,toluene:13,toluene:2
including_summaries_sensitivity,grouped_cv,2,proper_train,toluene:14,toluene:10
including_summaries_sensitivity,grouped_cv,2,proper_train,toluene:16,toluene:50
including_summaries_sensitivity,grouped_cv,2,proper_train,toluene:20,toluene:0.005
including_summaries_sensitivity,grouped_cv,2,proper_train,toluene:21,toluene:0.005
including_summaries_sensitivity,grouped_cv,2,proper_train,toluene:22,toluene:0.005
including_summaries_sensitivity,grouped_cv,2,proper_train,toluene:26,toluene:0.015
including_summaries_sensitivity,grouped_cv,2,proper_train,toluene:27,toluene:0.015
including_summaries_sensitivity,grouped_cv,2,proper_train,toluene:28,toluene:0.015
including_summaries_sensitivity,grouped_cv,2,proper_train,toluene:29,toluene:0.025
including_summaries_sensitivity,grouped_cv,2,proper_train,toluene:30,toluene:0.025
including_summaries_sensitivity,grouped_cv,2,proper_train,toluene:31,toluene:0.025
including_summaries_sensitivity,grouped_cv,2,proper_train,toluene:32,toluene:0.05
including_summaries_sensitivity,grouped_cv,2,proper_train,toluene:33,toluene:0.05
including_summaries_sensitivity,grouped_cv,2,proper_train,toluene:34,toluene:0.05
including_summaries_sensitivity,grouped_cv,2,proper_train,toluene:35,toluene:0.1
including_summaries_sensitivity,grouped_cv,2,proper_train,toluene:36,toluene:0.1
including_summaries_sensitivity,grouped_cv,2,proper_train,toluene:37,toluene:0.1
including_summaries_sensitivity,grouped_cv,2,proper_train,toluene:41,toluene:10
including_summaries_sensitivity,grouped_cv,2,proper_train,toluene:42,toluene:10
including_summaries_sensitivity,grouped_cv,2,proper_train,toluene:43,toluene:10
including_summaries_sensitivity,grouped_cv,2,proper_train,toluene:47,toluene:50
including_summaries_sensitivity,grouped_cv,2,proper_train,toluene:48,toluene:50
including_summaries_sensitivity,grouped_cv,2,proper_train,toluene:49,toluene:50
including_summaries_sensitivity,grouped_cv,2,proper_train,toluene:50,toluene:50
including_summaries_sensitivity,grouped_cv,2,proper_train,toluene:51,toluene:50
including_summaries_sensitivity,grouped_cv,2,proper_train,toluene:52,toluene:50
including_summaries_sensitivity,grouped_cv,2,proper_train,ethyl_acetate:8,ethyl_acetate:0.25
including_summaries_sensitivity,grouped_cv,2,proper_train,ethyl_acetate:9,ethyl_acetate:0.25
including_summaries_sensitivity,grouped_cv,2,proper_train,ethyl_acetate:10,ethyl_acetate:0.25
including_summaries_sensitivity,grouped_cv,2,proper_train,ethyl_acetate:11,ethyl_acetate:0.5
including_summaries_sensitivity,grouped_cv,2,proper_train,ethyl_acetate:12,ethyl_acetate:0.5
including_summaries_sensitivity,grouped_cv,2,proper_train,ethyl_acetate:13,ethyl_acetate:0.5
including_summaries_sensitivity,grouped_cv,2,proper_train,ethyl_acetate:17,ethyl_acetate:0.25
including_summaries_sensitivity,grouped_cv,2,proper_train,ethyl_acetate:18,ethyl_acetate:0.25
including_summaries_sensitivity,grouped_cv,2,proper_train,ethyl_acetate:19,ethyl_acetate:0.25
including_summaries_sensitivity,grouped_cv,2,proper_train,ethyl_acetate:20,ethyl_acetate:1
including_summaries_sensitivity,grouped_cv,2,proper_train,ethyl_acetate:21,ethyl_acetate:1
including_summaries_sensitivity,grouped_cv,2,proper_train,ethyl_acetate:22,ethyl_acetate:1
including_summaries_sensitivity,grouped_cv,2,proper_train,ethyl_acetate:26,ethyl_acetate:3
including_summaries_sensitivity,grouped_cv,2,proper_train,ethyl_acetate:27,ethyl_acetate:3
including_summaries_sensitivity,grouped_cv,2,proper_train,ethyl_acetate:28,ethyl_acetate:3
including_summaries_sensitivity,grouped_cv,2,proper_train,ethyl_acetate:29,ethyl_acetate:5
including_summaries_sensitivity,grouped_cv,2,proper_train,ethyl_acetate:30,ethyl_acetate:5
including_summaries_sensitivity,grouped_cv,2,proper_train,ethyl_acetate:31,ethyl_acetate:5
including_summaries_sensitivity,grouped_cv,2,calibration,hexane:8,hexane:0.05
including_summaries_sensitivity,grouped_cv,2,calibration,hexane:9,hexane:0.05
including_summaries_sensitivity,grouped_cv,2,calibration,hexane:10,hexane:0.05
including_summaries_sensitivity,grouped_cv,2,calibration,hexane:11,hexane:0.05
including_summaries_sensitivity,grouped_cv,2,calibration,hexane:12,hexane:0.05
including_summaries_sensitivity,grouped_cv,2,calibration,hexane:13,hexane:0.05
including_summaries_sensitivity,grouped_cv,2,calibration,hexane:20,hexane:0.09
including_summaries_sensitivity,grouped_cv,2,calibration,hexane:21,hexane:0.09
including_summaries_sensitivity,grouped_cv,2,calibration,hexane:22,hexane:0.09
including_summaries_sensitivity,grouped_cv,2,calibration,hexane:32,hexane:0.25
including_summaries_sensitivity,grouped_cv,2,calibration,hexane:33,hexane:0.25
including_summaries_sensitivity,grouped_cv,2,calibration,hexane:34,hexane:0.25
including_summaries_sensitivity,grouped_cv,2,calibration,hexane:47,hexane:2.5
including_summaries_sensitivity,grouped_cv,2,calibration,hexane:48,hexane:2.5
including_summaries_sensitivity,grouped_cv,2,calibration,hexane:49,hexane:2.5
including_summaries_sensitivity,grouped_cv,2,calibration,hexane:50,hexane:3
including_summaries_sensitivity,grouped_cv,2,calibration,hexane:51,hexane:3
including_summaries_sensitivity,grouped_cv,2,calibration,hexane:52,hexane:3
including_summaries_sensitivity,grouped_cv,2,calibration,hexane:59,hexane:10
including_summaries_sensitivity,grouped_cv,2,calibration,toluene:2,toluene:0.0025
including_summaries_sensitivity,grouped_cv,2,calibration,toluene:4,toluene:0.01
including_summaries_sensitivity,grouped_cv,2,calibration,toluene:10,toluene:0.5
including_summaries_sensitivity,grouped_cv,2,calibration,toluene:15,toluene:40
including_summaries_sensitivity,grouped_cv,2,calibration,toluene:17,toluene:0.0025
including_summaries_sensitivity,grouped_cv,2,calibration,toluene:18,toluene:0.0025
including_summaries_sensitivity,grouped_cv,2,calibration,toluene:19,toluene:0.0025
including_summaries_sensitivity,grouped_cv,2,calibration,toluene:23,toluene:0.01
including_summaries_sensitivity,grouped_cv,2,calibration,toluene:24,toluene:0.01
including_summaries_sensitivity,grouped_cv,2,calibration,toluene:25,toluene:0.01
including_summaries_sensitivity,grouped_cv,2,calibration,toluene:45,toluene:40
including_summaries_sensitivity,grouped_cv,2,calibration,toluene:46,toluene:40
including_summaries_sensitivity,grouped_cv,2,calibration,ethyl_acetate:5,ethyl_acetate:0.15
including_summaries_sensitivity,grouped_cv,2,calibration,ethyl_acetate:6,ethyl_acetate:0.15
including_summaries_sensitivity,grouped_cv,2,calibration,ethyl_acetate:7,ethyl_acetate:0.15
including_summaries_sensitivity,grouped_cv,2,calibration,ethyl_acetate:23,ethyl_acetate:2
including_summaries_sensitivity,grouped_cv,2,calibration,ethyl_acetate:24,ethyl_acetate:2
including_summaries_sensitivity,grouped_cv,2,calibration,ethyl_acetate:25,ethyl_acetate:2
including_summaries_sensitivity,grouped_cv,2,test,hexane:14,hexane:0.07
including_summaries_sensitivity,grouped_cv,2,test,hexane:15,hexane:0.07
including_summaries_sensitivity,grouped_cv,2,test,hexane:16,hexane:0.07
including_summaries_sensitivity,grouped_cv,2,test,hexane:17,hexane:0.07
including_summaries_sensitivity,grouped_cv,2,test,hexane:18,hexane:0.07
including_summaries_sensitivity,grouped_cv,2,test,hexane:19,hexane:0.07
including_summaries_sensitivity,grouped_cv,2,test,hexane:38,hexane:1
including_summaries_sensitivity,grouped_cv,2,test,hexane:39,hexane:1
including_summaries_sensitivity,grouped_cv,2,test,hexane:40,hexane:1
including_summaries_sensitivity,grouped_cv,2,test,hexane:44,hexane:2
including_summaries_sensitivity,grouped_cv,2,test,hexane:45,hexane:2
including_summaries_sensitivity,grouped_cv,2,test,hexane:46,hexane:2
including_summaries_sensitivity,grouped_cv,2,test,hexane:56,hexane:7
including_summaries_sensitivity,grouped_cv,2,test,hexane:57,hexane:7
including_summaries_sensitivity,grouped_cv,2,test,hexane:58,hexane:7
including_summaries_sensitivity,grouped_cv,2,test,toluene:9,toluene:0.25
including_summaries_sensitivity,grouped_cv,2,test,toluene:38,toluene:0.25
including_summaries_sensitivity,grouped_cv,2,test,toluene:39,toluene:0.25
including_summaries_sensitivity,grouped_cv,2,test,toluene:40,toluene:0.25
including_summaries_sensitivity,grouped_cv,2,test,ethyl_acetate:2,ethyl_acetate:0.1
including_summaries_sensitivity,grouped_cv,2,test,ethyl_acetate:3,ethyl_acetate:0.1
including_summaries_sensitivity,grouped_cv,2,test,ethyl_acetate:4,ethyl_acetate:0.1
including_summaries_sensitivity,grouped_cv,2,test,ethyl_acetate:14,ethyl_acetate:0.1
including_summaries_sensitivity,grouped_cv,2,test,ethyl_acetate:15,ethyl_acetate:0.1
including_summaries_sensitivity,grouped_cv,2,test,ethyl_acetate:16,ethyl_acetate:0.1
including_summaries_sensitivity,grouped_cv,2,test,ethyl_acetate:32,ethyl_acetate:10
including_summaries_sensitivity,grouped_cv,2,test,ethyl_acetate:33,ethyl_acetate:10
including_summaries_sensitivity,grouped_cv,2,test,ethyl_acetate:34,ethyl_acetate:10
including_summaries_sensitivity,grouped_cv,3,proper_train,hexane:2,hexane:0.02
including_summaries_sensitivity,grouped_cv,3,proper_train,hexane:3,hexane:0.02
including_summaries_sensitivity,grouped_cv,3,proper_train,hexane:4,hexane:0.02
including_summaries_sensitivity,grouped_cv,3,proper_train,hexane:5,hexane:0.02
including_summaries_sensitivity,grouped_cv,3,proper_train,hexane:6,hexane:0.02
including_summaries_sensitivity,grouped_cv,3,proper_train,hexane:7,hexane:0.02
including_summaries_sensitivity,grouped_cv,3,proper_train,hexane:29,hexane:0.15
including_summaries_sensitivity,grouped_cv,3,proper_train,hexane:30,hexane:0.15
including_summaries_sensitivity,grouped_cv,3,proper_train,hexane:31,hexane:0.15
including_summaries_sensitivity,grouped_cv,3,proper_train,hexane:32,hexane:0.25
including_summaries_sensitivity,grouped_cv,3,proper_train,hexane:33,hexane:0.25
including_summaries_sensitivity,grouped_cv,3,proper_train,hexane:34,hexane:0.25
including_summaries_sensitivity,grouped_cv,3,proper_train,hexane:38,hexane:1
including_summaries_sensitivity,grouped_cv,3,proper_train,hexane:39,hexane:1
including_summaries_sensitivity,grouped_cv,3,proper_train,hexane:40,hexane:1
including_summaries_sensitivity,grouped_cv,3,proper_train,hexane:56,hexane:7
including_summaries_sensitivity,grouped_cv,3,proper_train,hexane:57,hexane:7
including_summaries_sensitivity,grouped_cv,3,proper_train,hexane:58,hexane:7
including_summaries_sensitivity,grouped_cv,3,proper_train,hexane:59,hexane:10
including_summaries_sensitivity,grouped_cv,3,proper_train,toluene:3,toluene:0.005
including_summaries_sensitivity,grouped_cv,3,proper_train,toluene:5,toluene:0.015
including_summaries_sensitivity,grouped_cv,3,proper_train,toluene:6,toluene:0.025
including_summaries_sensitivity,grouped_cv,3,proper_train,toluene:7,toluene:0.05
including_summaries_sensitivity,grouped_cv,3,proper_train,toluene:9,toluene:0.25
including_summaries_sensitivity,grouped_cv,3,proper_train,toluene:11,toluene:0.9
including_summaries_sensitivity,grouped_cv,3,proper_train,toluene:12,toluene:1.5
including_summaries_sensitivity,grouped_cv,3,proper_train,toluene:13,toluene:2
including_summaries_sensitivity,grouped_cv,3,proper_train,toluene:14,toluene:10
including_summaries_sensitivity,grouped_cv,3,proper_train,toluene:16,toluene:50
including_summaries_sensitivity,grouped_cv,3,proper_train,toluene:20,toluene:0.005
including_summaries_sensitivity,grouped_cv,3,proper_train,toluene:21,toluene:0.005
including_summaries_sensitivity,grouped_cv,3,proper_train,toluene:22,toluene:0.005
including_summaries_sensitivity,grouped_cv,3,proper_train,toluene:26,toluene:0.015
including_summaries_sensitivity,grouped_cv,3,proper_train,toluene:27,toluene:0.015
including_summaries_sensitivity,grouped_cv,3,proper_train,toluene:28,toluene:0.015
including_summaries_sensitivity,grouped_cv,3,proper_train,toluene:29,toluene:0.025
including_summaries_sensitivity,grouped_cv,3,proper_train,toluene:30,toluene:0.025
including_summaries_sensitivity,grouped_cv,3,proper_train,toluene:31,toluene:0.025
including_summaries_sensitivity,grouped_cv,3,proper_train,toluene:32,toluene:0.05
including_summaries_sensitivity,grouped_cv,3,proper_train,toluene:33,toluene:0.05
including_summaries_sensitivity,grouped_cv,3,proper_train,toluene:34,toluene:0.05
including_summaries_sensitivity,grouped_cv,3,proper_train,toluene:38,toluene:0.25
including_summaries_sensitivity,grouped_cv,3,proper_train,toluene:39,toluene:0.25
including_summaries_sensitivity,grouped_cv,3,proper_train,toluene:40,toluene:0.25
including_summaries_sensitivity,grouped_cv,3,proper_train,toluene:41,toluene:10
including_summaries_sensitivity,grouped_cv,3,proper_train,toluene:42,toluene:10
including_summaries_sensitivity,grouped_cv,3,proper_train,toluene:43,toluene:10
including_summaries_sensitivity,grouped_cv,3,proper_train,toluene:47,toluene:50
including_summaries_sensitivity,grouped_cv,3,proper_train,toluene:48,toluene:50
including_summaries_sensitivity,grouped_cv,3,proper_train,toluene:49,toluene:50
including_summaries_sensitivity,grouped_cv,3,proper_train,toluene:50,toluene:50
including_summaries_sensitivity,grouped_cv,3,proper_train,toluene:51,toluene:50
including_summaries_sensitivity,grouped_cv,3,proper_train,toluene:52,toluene:50
including_summaries_sensitivity,grouped_cv,3,proper_train,ethyl_acetate:8,ethyl_acetate:0.25
including_summaries_sensitivity,grouped_cv,3,proper_train,ethyl_acetate:9,ethyl_acetate:0.25
including_summaries_sensitivity,grouped_cv,3,proper_train,ethyl_acetate:10,ethyl_acetate:0.25
including_summaries_sensitivity,grouped_cv,3,proper_train,ethyl_acetate:11,ethyl_acetate:0.5
including_summaries_sensitivity,grouped_cv,3,proper_train,ethyl_acetate:12,ethyl_acetate:0.5
including_summaries_sensitivity,grouped_cv,3,proper_train,ethyl_acetate:13,ethyl_acetate:0.5
including_summaries_sensitivity,grouped_cv,3,proper_train,ethyl_acetate:17,ethyl_acetate:0.25
including_summaries_sensitivity,grouped_cv,3,proper_train,ethyl_acetate:18,ethyl_acetate:0.25
including_summaries_sensitivity,grouped_cv,3,proper_train,ethyl_acetate:19,ethyl_acetate:0.25
including_summaries_sensitivity,grouped_cv,3,proper_train,ethyl_acetate:26,ethyl_acetate:3
including_summaries_sensitivity,grouped_cv,3,proper_train,ethyl_acetate:27,ethyl_acetate:3
including_summaries_sensitivity,grouped_cv,3,proper_train,ethyl_acetate:28,ethyl_acetate:3
including_summaries_sensitivity,grouped_cv,3,proper_train,ethyl_acetate:29,ethyl_acetate:5
including_summaries_sensitivity,grouped_cv,3,proper_train,ethyl_acetate:30,ethyl_acetate:5
including_summaries_sensitivity,grouped_cv,3,proper_train,ethyl_acetate:31,ethyl_acetate:5
including_summaries_sensitivity,grouped_cv,3,proper_train,ethyl_acetate:32,ethyl_acetate:10
including_summaries_sensitivity,grouped_cv,3,proper_train,ethyl_acetate:33,ethyl_acetate:10
including_summaries_sensitivity,grouped_cv,3,proper_train,ethyl_acetate:34,ethyl_acetate:10
including_summaries_sensitivity,grouped_cv,3,calibration,hexane:14,hexane:0.07
including_summaries_sensitivity,grouped_cv,3,calibration,hexane:15,hexane:0.07
including_summaries_sensitivity,grouped_cv,3,calibration,hexane:16,hexane:0.07
including_summaries_sensitivity,grouped_cv,3,calibration,hexane:17,hexane:0.07
including_summaries_sensitivity,grouped_cv,3,calibration,hexane:18,hexane:0.07
including_summaries_sensitivity,grouped_cv,3,calibration,hexane:19,hexane:0.07
including_summaries_sensitivity,grouped_cv,3,calibration,hexane:20,hexane:0.09
including_summaries_sensitivity,grouped_cv,3,calibration,hexane:21,hexane:0.09
including_summaries_sensitivity,grouped_cv,3,calibration,hexane:22,hexane:0.09
including_summaries_sensitivity,grouped_cv,3,calibration,hexane:35,hexane:0.5
including_summaries_sensitivity,grouped_cv,3,calibration,hexane:36,hexane:0.5
including_summaries_sensitivity,grouped_cv,3,calibration,hexane:37,hexane:0.5
including_summaries_sensitivity,grouped_cv,3,calibration,hexane:44,hexane:2
including_summaries_sensitivity,grouped_cv,3,calibration,hexane:45,hexane:2
including_summaries_sensitivity,grouped_cv,3,calibration,hexane:46,hexane:2
including_summaries_sensitivity,grouped_cv,3,calibration,hexane:50,hexane:3
including_summaries_sensitivity,grouped_cv,3,calibration,hexane:51,hexane:3
including_summaries_sensitivity,grouped_cv,3,calibration,hexane:52,hexane:3
including_summaries_sensitivity,grouped_cv,3,calibration,hexane:53,hexane:5
including_summaries_sensitivity,grouped_cv,3,calibration,hexane:54,hexane:5
including_summaries_sensitivity,grouped_cv,3,calibration,hexane:55,hexane:5
including_summaries_sensitivity,grouped_cv,3,calibration,toluene:2,toluene:0.0025
including_summaries_sensitivity,grouped_cv,3,calibration,toluene:4,toluene:0.01
including_summaries_sensitivity,grouped_cv,3,calibration,toluene:10,toluene:0.5
including_summaries_sensitivity,grouped_cv,3,calibration,toluene:15,toluene:40
including_summaries_sensitivity,grouped_cv,3,calibration,toluene:17,toluene:0.0025
including_summaries_sensitivity,grouped_cv,3,calibration,toluene:18,toluene:0.0025
including_summaries_sensitivity,grouped_cv,3,calibration,toluene:19,toluene:0.0025
including_summaries_sensitivity,grouped_cv,3,calibration,toluene:23,toluene:0.01
including_summaries_sensitivity,grouped_cv,3,calibration,toluene:24,toluene:0.01
including_summaries_sensitivity,grouped_cv,3,calibration,toluene:25,toluene:0.01
including_summaries_sensitivity,grouped_cv,3,calibration,toluene:45,toluene:40
including_summaries_sensitivity,grouped_cv,3,calibration,toluene:46,toluene:40
including_summaries_sensitivity,grouped_cv,3,calibration,ethyl_acetate:2,ethyl_acetate:0.1
including_summaries_sensitivity,grouped_cv,3,calibration,ethyl_acetate:3,ethyl_acetate:0.1
including_summaries_sensitivity,grouped_cv,3,calibration,ethyl_acetate:4,ethyl_acetate:0.1
including_summaries_sensitivity,grouped_cv,3,calibration,ethyl_acetate:14,ethyl_acetate:0.1
including_summaries_sensitivity,grouped_cv,3,calibration,ethyl_acetate:15,ethyl_acetate:0.1
including_summaries_sensitivity,grouped_cv,3,calibration,ethyl_acetate:16,ethyl_acetate:0.1
including_summaries_sensitivity,grouped_cv,3,calibration,ethyl_acetate:23,ethyl_acetate:2
including_summaries_sensitivity,grouped_cv,3,calibration,ethyl_acetate:24,ethyl_acetate:2
including_summaries_sensitivity,grouped_cv,3,calibration,ethyl_acetate:25,ethyl_acetate:2
including_summaries_sensitivity,grouped_cv,3,test,hexane:8,hexane:0.05
including_summaries_sensitivity,grouped_cv,3,test,hexane:9,hexane:0.05
including_summaries_sensitivity,grouped_cv,3,test,hexane:10,hexane:0.05
including_summaries_sensitivity,grouped_cv,3,test,hexane:11,hexane:0.05
including_summaries_sensitivity,grouped_cv,3,test,hexane:12,hexane:0.05
including_summaries_sensitivity,grouped_cv,3,test,hexane:13,hexane:0.05
including_summaries_sensitivity,grouped_cv,3,test,hexane:23,hexane:0.1
including_summaries_sensitivity,grouped_cv,3,test,hexane:24,hexane:0.1
including_summaries_sensitivity,grouped_cv,3,test,hexane:25,hexane:0.1
including_summaries_sensitivity,grouped_cv,3,test,hexane:26,hexane:0.1
including_summaries_sensitivity,grouped_cv,3,test,hexane:27,hexane:0.1
including_summaries_sensitivity,grouped_cv,3,test,hexane:28,hexane:0.1
including_summaries_sensitivity,grouped_cv,3,test,hexane:41,hexane:1.5
including_summaries_sensitivity,grouped_cv,3,test,hexane:42,hexane:1.5
including_summaries_sensitivity,grouped_cv,3,test,hexane:43,hexane:1.5
including_summaries_sensitivity,grouped_cv,3,test,hexane:47,hexane:2.5
including_summaries_sensitivity,grouped_cv,3,test,hexane:48,hexane:2.5
including_summaries_sensitivity,grouped_cv,3,test,hexane:49,hexane:2.5
including_summaries_sensitivity,grouped_cv,3,test,toluene:8,toluene:0.1
including_summaries_sensitivity,grouped_cv,3,test,toluene:35,toluene:0.1
including_summaries_sensitivity,grouped_cv,3,test,toluene:36,toluene:0.1
including_summaries_sensitivity,grouped_cv,3,test,toluene:37,toluene:0.1
including_summaries_sensitivity,grouped_cv,3,test,ethyl_acetate:5,ethyl_acetate:0.15
including_summaries_sensitivity,grouped_cv,3,test,ethyl_acetate:6,ethyl_acetate:0.15
including_summaries_sensitivity,grouped_cv,3,test,ethyl_acetate:7,ethyl_acetate:0.15
including_summaries_sensitivity,grouped_cv,3,test,ethyl_acetate:20,ethyl_acetate:1
including_summaries_sensitivity,grouped_cv,3,test,ethyl_acetate:21,ethyl_acetate:1
including_summaries_sensitivity,grouped_cv,3,test,ethyl_acetate:22,ethyl_acetate:1
including_summaries_sensitivity,grouped_cv,4,proper_train,hexane:8,hexane:0.05
including_summaries_sensitivity,grouped_cv,4,proper_train,hexane:9,hexane:0.05
including_summaries_sensitivity,grouped_cv,4,proper_train,hexane:10,hexane:0.05
including_summaries_sensitivity,grouped_cv,4,proper_train,hexane:11,hexane:0.05
including_summaries_sensitivity,grouped_cv,4,proper_train,hexane:12,hexane:0.05
including_summaries_sensitivity,grouped_cv,4,proper_train,hexane:13,hexane:0.05
including_summaries_sensitivity,grouped_cv,4,proper_train,hexane:23,hexane:0.1
including_summaries_sensitivity,grouped_cv,4,proper_train,hexane:24,hexane:0.1
including_summaries_sensitivity,grouped_cv,4,proper_train,hexane:25,hexane:0.1
including_summaries_sensitivity,grouped_cv,4,proper_train,hexane:26,hexane:0.1
including_summaries_sensitivity,grouped_cv,4,proper_train,hexane:27,hexane:0.1
including_summaries_sensitivity,grouped_cv,4,proper_train,hexane:28,hexane:0.1
including_summaries_sensitivity,grouped_cv,4,proper_train,hexane:29,hexane:0.15
including_summaries_sensitivity,grouped_cv,4,proper_train,hexane:30,hexane:0.15
including_summaries_sensitivity,grouped_cv,4,proper_train,hexane:31,hexane:0.15
including_summaries_sensitivity,grouped_cv,4,proper_train,hexane:35,hexane:0.5
including_summaries_sensitivity,grouped_cv,4,proper_train,hexane:36,hexane:0.5
including_summaries_sensitivity,grouped_cv,4,proper_train,hexane:37,hexane:0.5
including_summaries_sensitivity,grouped_cv,4,proper_train,hexane:38,hexane:1
including_summaries_sensitivity,grouped_cv,4,proper_train,hexane:39,hexane:1
including_summaries_sensitivity,grouped_cv,4,proper_train,hexane:40,hexane:1
including_summaries_sensitivity,grouped_cv,4,proper_train,hexane:47,hexane:2.5
including_summaries_sensitivity,grouped_cv,4,proper_train,hexane:48,hexane:2.5
including_summaries_sensitivity,grouped_cv,4,proper_train,hexane:49,hexane:2.5
including_summaries_sensitivity,grouped_cv,4,proper_train,hexane:50,hexane:3
including_summaries_sensitivity,grouped_cv,4,proper_train,hexane:51,hexane:3
including_summaries_sensitivity,grouped_cv,4,proper_train,hexane:52,hexane:3
including_summaries_sensitivity,grouped_cv,4,proper_train,hexane:56,hexane:7
including_summaries_sensitivity,grouped_cv,4,proper_train,hexane:57,hexane:7
including_summaries_sensitivity,grouped_cv,4,proper_train,hexane:58,hexane:7
including_summaries_sensitivity,grouped_cv,4,proper_train,toluene:2,toluene:0.0025
including_summaries_sensitivity,grouped_cv,4,proper_train,toluene:3,toluene:0.005
including_summaries_sensitivity,grouped_cv,4,proper_train,toluene:4,toluene:0.01
including_summaries_sensitivity,grouped_cv,4,proper_train,toluene:9,toluene:0.25
including_summaries_sensitivity,grouped_cv,4,proper_train,toluene:10,toluene:0.5
including_summaries_sensitivity,grouped_cv,4,proper_train,toluene:12,toluene:1.5
including_summaries_sensitivity,grouped_cv,4,proper_train,toluene:16,toluene:50
including_summaries_sensitivity,grouped_cv,4,proper_train,toluene:17,toluene:0.0025
including_summaries_sensitivity,grouped_cv,4,proper_train,toluene:18,toluene:0.0025
including_summaries_sensitivity,grouped_cv,4,proper_train,toluene:19,toluene:0.0025
including_summaries_sensitivity,grouped_cv,4,proper_train,toluene:20,toluene:0.005
including_summaries_sensitivity,grouped_cv,4,proper_train,toluene:21,toluene:0.005
including_summaries_sensitivity,grouped_cv,4,proper_train,toluene:22,toluene:0.005
including_summaries_sensitivity,grouped_cv,4,proper_train,toluene:23,toluene:0.01
including_summaries_sensitivity,grouped_cv,4,proper_train,toluene:24,toluene:0.01
including_summaries_sensitivity,grouped_cv,4,proper_train,toluene:25,toluene:0.01
including_summaries_sensitivity,grouped_cv,4,proper_train,toluene:38,toluene:0.25
including_summaries_sensitivity,grouped_cv,4,proper_train,toluene:39,toluene:0.25
including_summaries_sensitivity,grouped_cv,4,proper_train,toluene:40,toluene:0.25
including_summaries_sensitivity,grouped_cv,4,proper_train,toluene:47,toluene:50
including_summaries_sensitivity,grouped_cv,4,proper_train,toluene:48,toluene:50
including_summaries_sensitivity,grouped_cv,4,proper_train,toluene:49,toluene:50
including_summaries_sensitivity,grouped_cv,4,proper_train,toluene:50,toluene:50
including_summaries_sensitivity,grouped_cv,4,proper_train,toluene:51,toluene:50
including_summaries_sensitivity,grouped_cv,4,proper_train,toluene:52,toluene:50
including_summaries_sensitivity,grouped_cv,4,proper_train,ethyl_acetate:5,ethyl_acetate:0.15
including_summaries_sensitivity,grouped_cv,4,proper_train,ethyl_acetate:6,ethyl_acetate:0.15
including_summaries_sensitivity,grouped_cv,4,proper_train,ethyl_acetate:7,ethyl_acetate:0.15
including_summaries_sensitivity,grouped_cv,4,proper_train,ethyl_acetate:8,ethyl_acetate:0.25
including_summaries_sensitivity,grouped_cv,4,proper_train,ethyl_acetate:9,ethyl_acetate:0.25
including_summaries_sensitivity,grouped_cv,4,proper_train,ethyl_acetate:10,ethyl_acetate:0.25
including_summaries_sensitivity,grouped_cv,4,proper_train,ethyl_acetate:17,ethyl_acetate:0.25
including_summaries_sensitivity,grouped_cv,4,proper_train,ethyl_acetate:18,ethyl_acetate:0.25
including_summaries_sensitivity,grouped_cv,4,proper_train,ethyl_acetate:19,ethyl_acetate:0.25
including_summaries_sensitivity,grouped_cv,4,proper_train,ethyl_acetate:20,ethyl_acetate:1
including_summaries_sensitivity,grouped_cv,4,proper_train,ethyl_acetate:21,ethyl_acetate:1
including_summaries_sensitivity,grouped_cv,4,proper_train,ethyl_acetate:22,ethyl_acetate:1
including_summaries_sensitivity,grouped_cv,4,proper_train,ethyl_acetate:26,ethyl_acetate:3
including_summaries_sensitivity,grouped_cv,4,proper_train,ethyl_acetate:27,ethyl_acetate:3
including_summaries_sensitivity,grouped_cv,4,proper_train,ethyl_acetate:28,ethyl_acetate:3
including_summaries_sensitivity,grouped_cv,4,proper_train,ethyl_acetate:29,ethyl_acetate:5
including_summaries_sensitivity,grouped_cv,4,proper_train,ethyl_acetate:30,ethyl_acetate:5
including_summaries_sensitivity,grouped_cv,4,proper_train,ethyl_acetate:31,ethyl_acetate:5
including_summaries_sensitivity,grouped_cv,4,calibration,hexane:14,hexane:0.07
including_summaries_sensitivity,grouped_cv,4,calibration,hexane:15,hexane:0.07
including_summaries_sensitivity,grouped_cv,4,calibration,hexane:16,hexane:0.07
including_summaries_sensitivity,grouped_cv,4,calibration,hexane:17,hexane:0.07
including_summaries_sensitivity,grouped_cv,4,calibration,hexane:18,hexane:0.07
including_summaries_sensitivity,grouped_cv,4,calibration,hexane:19,hexane:0.07
including_summaries_sensitivity,grouped_cv,4,calibration,hexane:20,hexane:0.09
including_summaries_sensitivity,grouped_cv,4,calibration,hexane:21,hexane:0.09
including_summaries_sensitivity,grouped_cv,4,calibration,hexane:22,hexane:0.09
including_summaries_sensitivity,grouped_cv,4,calibration,hexane:32,hexane:0.25
including_summaries_sensitivity,grouped_cv,4,calibration,hexane:33,hexane:0.25
including_summaries_sensitivity,grouped_cv,4,calibration,hexane:34,hexane:0.25
including_summaries_sensitivity,grouped_cv,4,calibration,hexane:41,hexane:1.5
including_summaries_sensitivity,grouped_cv,4,calibration,hexane:42,hexane:1.5
including_summaries_sensitivity,grouped_cv,4,calibration,hexane:43,hexane:1.5
including_summaries_sensitivity,grouped_cv,4,calibration,hexane:44,hexane:2
including_summaries_sensitivity,grouped_cv,4,calibration,hexane:45,hexane:2
including_summaries_sensitivity,grouped_cv,4,calibration,hexane:46,hexane:2
including_summaries_sensitivity,grouped_cv,4,calibration,hexane:59,hexane:10
including_summaries_sensitivity,grouped_cv,4,calibration,toluene:5,toluene:0.015
including_summaries_sensitivity,grouped_cv,4,calibration,toluene:8,toluene:0.1
including_summaries_sensitivity,grouped_cv,4,calibration,toluene:13,toluene:2
including_summaries_sensitivity,grouped_cv,4,calibration,toluene:15,toluene:40
including_summaries_sensitivity,grouped_cv,4,calibration,toluene:26,toluene:0.015
including_summaries_sensitivity,grouped_cv,4,calibration,toluene:27,toluene:0.015
including_summaries_sensitivity,grouped_cv,4,calibration,toluene:28,toluene:0.015
including_summaries_sensitivity,grouped_cv,4,calibration,toluene:35,toluene:0.1
including_summaries_sensitivity,grouped_cv,4,calibration,toluene:36,toluene:0.1
including_summaries_sensitivity,grouped_cv,4,calibration,toluene:37,toluene:0.1
including_summaries_sensitivity,grouped_cv,4,calibration,toluene:45,toluene:40
including_summaries_sensitivity,grouped_cv,4,calibration,toluene:46,toluene:40
including_summaries_sensitivity,grouped_cv,4,calibration,ethyl_acetate:2,ethyl_acetate:0.1
including_summaries_sensitivity,grouped_cv,4,calibration,ethyl_acetate:3,ethyl_acetate:0.1
including_summaries_sensitivity,grouped_cv,4,calibration,ethyl_acetate:4,ethyl_acetate:0.1
including_summaries_sensitivity,grouped_cv,4,calibration,ethyl_acetate:14,ethyl_acetate:0.1
including_summaries_sensitivity,grouped_cv,4,calibration,ethyl_acetate:15,ethyl_acetate:0.1
including_summaries_sensitivity,grouped_cv,4,calibration,ethyl_acetate:16,ethyl_acetate:0.1
including_summaries_sensitivity,grouped_cv,4,calibration,ethyl_acetate:32,ethyl_acetate:10
including_summaries_sensitivity,grouped_cv,4,calibration,ethyl_acetate:33,ethyl_acetate:10
including_summaries_sensitivity,grouped_cv,4,calibration,ethyl_acetate:34,ethyl_acetate:10
including_summaries_sensitivity,grouped_cv,4,test,hexane:2,hexane:0.02
including_summaries_sensitivity,grouped_cv,4,test,hexane:3,hexane:0.02
including_summaries_sensitivity,grouped_cv,4,test,hexane:4,hexane:0.02
including_summaries_sensitivity,grouped_cv,4,test,hexane:5,hexane:0.02
including_summaries_sensitivity,grouped_cv,4,test,hexane:6,hexane:0.02
including_summaries_sensitivity,grouped_cv,4,test,hexane:7,hexane:0.02
including_summaries_sensitivity,grouped_cv,4,test,hexane:53,hexane:5
including_summaries_sensitivity,grouped_cv,4,test,hexane:54,hexane:5
including_summaries_sensitivity,grouped_cv,4,test,hexane:55,hexane:5
including_summaries_sensitivity,grouped_cv,4,test,toluene:6,toluene:0.025
including_summaries_sensitivity,grouped_cv,4,test,toluene:7,toluene:0.05
including_summaries_sensitivity,grouped_cv,4,test,toluene:11,toluene:0.9
including_summaries_sensitivity,grouped_cv,4,test,toluene:14,toluene:10
including_summaries_sensitivity,grouped_cv,4,test,toluene:29,toluene:0.025
including_summaries_sensitivity,grouped_cv,4,test,toluene:30,toluene:0.025
including_summaries_sensitivity,grouped_cv,4,test,toluene:31,toluene:0.025
including_summaries_sensitivity,grouped_cv,4,test,toluene:32,toluene:0.05
including_summaries_sensitivity,grouped_cv,4,test,toluene:33,toluene:0.05
including_summaries_sensitivity,grouped_cv,4,test,toluene:34,toluene:0.05
including_summaries_sensitivity,grouped_cv,4,test,toluene:41,toluene:10
including_summaries_sensitivity,grouped_cv,4,test,toluene:42,toluene:10
including_summaries_sensitivity,grouped_cv,4,test,toluene:43,toluene:10
including_summaries_sensitivity,grouped_cv,4,test,ethyl_acetate:11,ethyl_acetate:0.5
including_summaries_sensitivity,grouped_cv,4,test,ethyl_acetate:12,ethyl_acetate:0.5
including_summaries_sensitivity,grouped_cv,4,test,ethyl_acetate:13,ethyl_acetate:0.5
including_summaries_sensitivity,grouped_cv,4,test,ethyl_acetate:23,ethyl_acetate:2
including_summaries_sensitivity,grouped_cv,4,test,ethyl_acetate:24,ethyl_acetate:2
including_summaries_sensitivity,grouped_cv,4,test,ethyl_acetate:25,ethyl_acetate:2
including_summaries_sensitivity,grouped_cv,5,proper_train,hexane:2,hexane:0.02
including_summaries_sensitivity,grouped_cv,5,proper_train,hexane:3,hexane:0.02
including_summaries_sensitivity,grouped_cv,5,proper_train,hexane:4,hexane:0.02
including_summaries_sensitivity,grouped_cv,5,proper_train,hexane:5,hexane:0.02
including_summaries_sensitivity,grouped_cv,5,proper_train,hexane:6,hexane:0.02
including_summaries_sensitivity,grouped_cv,5,proper_train,hexane:7,hexane:0.02
including_summaries_sensitivity,grouped_cv,5,proper_train,hexane:23,hexane:0.1
including_summaries_sensitivity,grouped_cv,5,proper_train,hexane:24,hexane:0.1
including_summaries_sensitivity,grouped_cv,5,proper_train,hexane:25,hexane:0.1
including_summaries_sensitivity,grouped_cv,5,proper_train,hexane:26,hexane:0.1
including_summaries_sensitivity,grouped_cv,5,proper_train,hexane:27,hexane:0.1
including_summaries_sensitivity,grouped_cv,5,proper_train,hexane:28,hexane:0.1
including_summaries_sensitivity,grouped_cv,5,proper_train,hexane:29,hexane:0.15
including_summaries_sensitivity,grouped_cv,5,proper_train,hexane:30,hexane:0.15
including_summaries_sensitivity,grouped_cv,5,proper_train,hexane:31,hexane:0.15
including_summaries_sensitivity,grouped_cv,5,proper_train,hexane:38,hexane:1
including_summaries_sensitivity,grouped_cv,5,proper_train,hexane:39,hexane:1
including_summaries_sensitivity,grouped_cv,5,proper_train,hexane:40,hexane:1
including_summaries_sensitivity,grouped_cv,5,proper_train,hexane:41,hexane:1.5
including_summaries_sensitivity,grouped_cv,5,proper_train,hexane:42,hexane:1.5
including_summaries_sensitivity,grouped_cv,5,proper_train,hexane:43,hexane:1.5
including_summaries_sensitivity,grouped_cv,5,proper_train,hexane:44,hexane:2
including_summaries_sensitivity,grouped_cv,5,proper_train,hexane:45,hexane:2
including_summaries_sensitivity,grouped_cv,5,proper_train,hexane:46,hexane:2
including_summaries_sensitivity,grouped_cv,5,proper_train,hexane:50,hexane:3
including_summaries_sensitivity,grouped_cv,5,proper_train,hexane:51,hexane:3
including_summaries_sensitivity,grouped_cv,5,proper_train,hexane:52,hexane:3
including_summaries_sensitivity,grouped_cv,5,proper_train,hexane:53,hexane:5
including_summaries_sensitivity,grouped_cv,5,proper_train,hexane:54,hexane:5
including_summaries_sensitivity,grouped_cv,5,proper_train,hexane:55,hexane:5
including_summaries_sensitivity,grouped_cv,5,proper_train,hexane:56,hexane:7
including_summaries_sensitivity,grouped_cv,5,proper_train,hexane:57,hexane:7
including_summaries_sensitivity,grouped_cv,5,proper_train,hexane:58,hexane:7
including_summaries_sensitivity,grouped_cv,5,proper_train,toluene:2,toluene:0.0025
including_summaries_sensitivity,grouped_cv,5,proper_train,toluene:3,toluene:0.005
including_summaries_sensitivity,grouped_cv,5,proper_train,toluene:8,toluene:0.1
including_summaries_sensitivity,grouped_cv,5,proper_train,toluene:9,toluene:0.25
including_summaries_sensitivity,grouped_cv,5,proper_train,toluene:11,toluene:0.9
including_summaries_sensitivity,grouped_cv,5,proper_train,toluene:16,toluene:50
including_summaries_sensitivity,grouped_cv,5,proper_train,toluene:17,toluene:0.0025
including_summaries_sensitivity,grouped_cv,5,proper_train,toluene:18,toluene:0.0025
including_summaries_sensitivity,grouped_cv,5,proper_train,toluene:19,toluene:0.0025
including_summaries_sensitivity,grouped_cv,5,proper_train,toluene:20,toluene:0.005
including_summaries_sensitivity,grouped_cv,5,proper_train,toluene:21,toluene:0.005
including_summaries_sensitivity,grouped_cv,5,proper_train,toluene:22,toluene:0.005
including_summaries_sensitivity,grouped_cv,5,proper_train,toluene:35,toluene:0.1
including_summaries_sensitivity,grouped_cv,5,proper_train,toluene:36,toluene:0.1
including_summaries_sensitivity,grouped_cv,5,proper_train,toluene:37,toluene:0.1
including_summaries_sensitivity,grouped_cv,5,proper_train,toluene:38,toluene:0.25
including_summaries_sensitivity,grouped_cv,5,proper_train,toluene:39,toluene:0.25
including_summaries_sensitivity,grouped_cv,5,proper_train,toluene:40,toluene:0.25
including_summaries_sensitivity,grouped_cv,5,proper_train,toluene:47,toluene:50
including_summaries_sensitivity,grouped_cv,5,proper_train,toluene:48,toluene:50
including_summaries_sensitivity,grouped_cv,5,proper_train,toluene:49,toluene:50
including_summaries_sensitivity,grouped_cv,5,proper_train,toluene:50,toluene:50
including_summaries_sensitivity,grouped_cv,5,proper_train,toluene:51,toluene:50
including_summaries_sensitivity,grouped_cv,5,proper_train,toluene:52,toluene:50
including_summaries_sensitivity,grouped_cv,5,proper_train,ethyl_acetate:5,ethyl_acetate:0.15
including_summaries_sensitivity,grouped_cv,5,proper_train,ethyl_acetate:6,ethyl_acetate:0.15
including_summaries_sensitivity,grouped_cv,5,proper_train,ethyl_acetate:7,ethyl_acetate:0.15
including_summaries_sensitivity,grouped_cv,5,proper_train,ethyl_acetate:11,ethyl_acetate:0.5
including_summaries_sensitivity,grouped_cv,5,proper_train,ethyl_acetate:12,ethyl_acetate:0.5
including_summaries_sensitivity,grouped_cv,5,proper_train,ethyl_acetate:13,ethyl_acetate:0.5
including_summaries_sensitivity,grouped_cv,5,proper_train,ethyl_acetate:20,ethyl_acetate:1
including_summaries_sensitivity,grouped_cv,5,proper_train,ethyl_acetate:21,ethyl_acetate:1
including_summaries_sensitivity,grouped_cv,5,proper_train,ethyl_acetate:22,ethyl_acetate:1
including_summaries_sensitivity,grouped_cv,5,proper_train,ethyl_acetate:23,ethyl_acetate:2
including_summaries_sensitivity,grouped_cv,5,proper_train,ethyl_acetate:24,ethyl_acetate:2
including_summaries_sensitivity,grouped_cv,5,proper_train,ethyl_acetate:25,ethyl_acetate:2
including_summaries_sensitivity,grouped_cv,5,proper_train,ethyl_acetate:26,ethyl_acetate:3
including_summaries_sensitivity,grouped_cv,5,proper_train,ethyl_acetate:27,ethyl_acetate:3
including_summaries_sensitivity,grouped_cv,5,proper_train,ethyl_acetate:28,ethyl_acetate:3
including_summaries_sensitivity,grouped_cv,5,calibration,hexane:8,hexane:0.05
including_summaries_sensitivity,grouped_cv,5,calibration,hexane:9,hexane:0.05
including_summaries_sensitivity,grouped_cv,5,calibration,hexane:10,hexane:0.05
including_summaries_sensitivity,grouped_cv,5,calibration,hexane:11,hexane:0.05
including_summaries_sensitivity,grouped_cv,5,calibration,hexane:12,hexane:0.05
including_summaries_sensitivity,grouped_cv,5,calibration,hexane:13,hexane:0.05
including_summaries_sensitivity,grouped_cv,5,calibration,hexane:14,hexane:0.07
including_summaries_sensitivity,grouped_cv,5,calibration,hexane:15,hexane:0.07
including_summaries_sensitivity,grouped_cv,5,calibration,hexane:16,hexane:0.07
including_summaries_sensitivity,grouped_cv,5,calibration,hexane:17,hexane:0.07
including_summaries_sensitivity,grouped_cv,5,calibration,hexane:18,hexane:0.07
including_summaries_sensitivity,grouped_cv,5,calibration,hexane:19,hexane:0.07
including_summaries_sensitivity,grouped_cv,5,calibration,hexane:35,hexane:0.5
including_summaries_sensitivity,grouped_cv,5,calibration,hexane:36,hexane:0.5
including_summaries_sensitivity,grouped_cv,5,calibration,hexane:37,hexane:0.5
including_summaries_sensitivity,grouped_cv,5,calibration,hexane:47,hexane:2.5
including_summaries_sensitivity,grouped_cv,5,calibration,hexane:48,hexane:2.5
including_summaries_sensitivity,grouped_cv,5,calibration,hexane:49,hexane:2.5
including_summaries_sensitivity,grouped_cv,5,calibration,hexane:59,hexane:10
including_summaries_sensitivity,grouped_cv,5,calibration,toluene:6,toluene:0.025
including_summaries_sensitivity,grouped_cv,5,calibration,toluene:7,toluene:0.05
including_summaries_sensitivity,grouped_cv,5,calibration,toluene:10,toluene:0.5
including_summaries_sensitivity,grouped_cv,5,calibration,toluene:14,toluene:10
including_summaries_sensitivity,grouped_cv,5,calibration,toluene:29,toluene:0.025
including_summaries_sensitivity,grouped_cv,5,calibration,toluene:30,toluene:0.025
including_summaries_sensitivity,grouped_cv,5,calibration,toluene:31,toluene:0.025
including_summaries_sensitivity,grouped_cv,5,calibration,toluene:32,toluene:0.05
including_summaries_sensitivity,grouped_cv,5,calibration,toluene:33,toluene:0.05
including_summaries_sensitivity,grouped_cv,5,calibration,toluene:34,toluene:0.05
including_summaries_sensitivity,grouped_cv,5,calibration,toluene:41,toluene:10
including_summaries_sensitivity,grouped_cv,5,calibration,toluene:42,toluene:10
including_summaries_sensitivity,grouped_cv,5,calibration,toluene:43,toluene:10
including_summaries_sensitivity,grouped_cv,5,calibration,ethyl_acetate:2,ethyl_acetate:0.1
including_summaries_sensitivity,grouped_cv,5,calibration,ethyl_acetate:3,ethyl_acetate:0.1
including_summaries_sensitivity,grouped_cv,5,calibration,ethyl_acetate:4,ethyl_acetate:0.1
including_summaries_sensitivity,grouped_cv,5,calibration,ethyl_acetate:14,ethyl_acetate:0.1
including_summaries_sensitivity,grouped_cv,5,calibration,ethyl_acetate:15,ethyl_acetate:0.1
including_summaries_sensitivity,grouped_cv,5,calibration,ethyl_acetate:16,ethyl_acetate:0.1
including_summaries_sensitivity,grouped_cv,5,calibration,ethyl_acetate:32,ethyl_acetate:10
including_summaries_sensitivity,grouped_cv,5,calibration,ethyl_acetate:33,ethyl_acetate:10
including_summaries_sensitivity,grouped_cv,5,calibration,ethyl_acetate:34,ethyl_acetate:10
including_summaries_sensitivity,grouped_cv,5,test,hexane:20,hexane:0.09
including_summaries_sensitivity,grouped_cv,5,test,hexane:21,hexane:0.09
including_summaries_sensitivity,grouped_cv,5,test,hexane:22,hexane:0.09
including_summaries_sensitivity,grouped_cv,5,test,hexane:32,hexane:0.25
including_summaries_sensitivity,grouped_cv,5,test,hexane:33,hexane:0.25
including_summaries_sensitivity,grouped_cv,5,test,hexane:34,hexane:0.25
including_summaries_sensitivity,grouped_cv,5,test,toluene:4,toluene:0.01
including_summaries_sensitivity,grouped_cv,5,test,toluene:5,toluene:0.015
including_summaries_sensitivity,grouped_cv,5,test,toluene:12,toluene:1.5
including_summaries_sensitivity,grouped_cv,5,test,toluene:13,toluene:2
including_summaries_sensitivity,grouped_cv,5,test,toluene:15,toluene:40
including_summaries_sensitivity,grouped_cv,5,test,toluene:23,toluene:0.01
including_summaries_sensitivity,grouped_cv,5,test,toluene:24,toluene:0.01
including_summaries_sensitivity,grouped_cv,5,test,toluene:25,toluene:0.01
including_summaries_sensitivity,grouped_cv,5,test,toluene:26,toluene:0.015
including_summaries_sensitivity,grouped_cv,5,test,toluene:27,toluene:0.015
including_summaries_sensitivity,grouped_cv,5,test,toluene:28,toluene:0.015
including_summaries_sensitivity,grouped_cv,5,test,toluene:45,toluene:40
including_summaries_sensitivity,grouped_cv,5,test,toluene:46,toluene:40
including_summaries_sensitivity,grouped_cv,5,test,ethyl_acetate:8,ethyl_acetate:0.25
including_summaries_sensitivity,grouped_cv,5,test,ethyl_acetate:9,ethyl_acetate:0.25
including_summaries_sensitivity,grouped_cv,5,test,ethyl_acetate:10,ethyl_acetate:0.25
including_summaries_sensitivity,grouped_cv,5,test,ethyl_acetate:17,ethyl_acetate:0.25
including_summaries_sensitivity,grouped_cv,5,test,ethyl_acetate:18,ethyl_acetate:0.25
including_summaries_sensitivity,grouped_cv,5,test,ethyl_acetate:19,ethyl_acetate:0.25
including_summaries_sensitivity,grouped_cv,5,test,ethyl_acetate:29,ethyl_acetate:5
including_summaries_sensitivity,grouped_cv,5,test,ethyl_acetate:30,ethyl_acetate:5
including_summaries_sensitivity,grouped_cv,5,test,ethyl_acetate:31,ethyl_acetate:5
including_summaries_sensitivity,leave_one_solvent_out,ethyl_acetate,proper_train,hexane:8,hexane:0.05
including_summaries_sensitivity,leave_one_solvent_out,ethyl_acetate,proper_train,hexane:9,hexane:0.05
including_summaries_sensitivity,leave_one_solvent_out,ethyl_acetate,proper_train,hexane:10,hexane:0.05
including_summaries_sensitivity,leave_one_solvent_out,ethyl_acetate,proper_train,hexane:11,hexane:0.05
including_summaries_sensitivity,leave_one_solvent_out,ethyl_acetate,proper_train,hexane:12,hexane:0.05
including_summaries_sensitivity,leave_one_solvent_out,ethyl_acetate,proper_train,hexane:13,hexane:0.05
including_summaries_sensitivity,leave_one_solvent_out,ethyl_acetate,proper_train,hexane:14,hexane:0.07
including_summaries_sensitivity,leave_one_solvent_out,ethyl_acetate,proper_train,hexane:15,hexane:0.07
including_summaries_sensitivity,leave_one_solvent_out,ethyl_acetate,proper_train,hexane:16,hexane:0.07
including_summaries_sensitivity,leave_one_solvent_out,ethyl_acetate,proper_train,hexane:17,hexane:0.07
including_summaries_sensitivity,leave_one_solvent_out,ethyl_acetate,proper_train,hexane:18,hexane:0.07
including_summaries_sensitivity,leave_one_solvent_out,ethyl_acetate,proper_train,hexane:19,hexane:0.07
including_summaries_sensitivity,leave_one_solvent_out,ethyl_acetate,proper_train,hexane:20,hexane:0.09
including_summaries_sensitivity,leave_one_solvent_out,ethyl_acetate,proper_train,hexane:21,hexane:0.09
including_summaries_sensitivity,leave_one_solvent_out,ethyl_acetate,proper_train,hexane:22,hexane:0.09
including_summaries_sensitivity,leave_one_solvent_out,ethyl_acetate,proper_train,hexane:29,hexane:0.15
including_summaries_sensitivity,leave_one_solvent_out,ethyl_acetate,proper_train,hexane:30,hexane:0.15
including_summaries_sensitivity,leave_one_solvent_out,ethyl_acetate,proper_train,hexane:31,hexane:0.15
including_summaries_sensitivity,leave_one_solvent_out,ethyl_acetate,proper_train,hexane:32,hexane:0.25
including_summaries_sensitivity,leave_one_solvent_out,ethyl_acetate,proper_train,hexane:33,hexane:0.25
including_summaries_sensitivity,leave_one_solvent_out,ethyl_acetate,proper_train,hexane:34,hexane:0.25
including_summaries_sensitivity,leave_one_solvent_out,ethyl_acetate,proper_train,hexane:35,hexane:0.5
including_summaries_sensitivity,leave_one_solvent_out,ethyl_acetate,proper_train,hexane:36,hexane:0.5
including_summaries_sensitivity,leave_one_solvent_out,ethyl_acetate,proper_train,hexane:37,hexane:0.5
including_summaries_sensitivity,leave_one_solvent_out,ethyl_acetate,proper_train,hexane:44,hexane:2
including_summaries_sensitivity,leave_one_solvent_out,ethyl_acetate,proper_train,hexane:45,hexane:2
including_summaries_sensitivity,leave_one_solvent_out,ethyl_acetate,proper_train,hexane:46,hexane:2
including_summaries_sensitivity,leave_one_solvent_out,ethyl_acetate,proper_train,hexane:50,hexane:3
including_summaries_sensitivity,leave_one_solvent_out,ethyl_acetate,proper_train,hexane:51,hexane:3
including_summaries_sensitivity,leave_one_solvent_out,ethyl_acetate,proper_train,hexane:52,hexane:3
including_summaries_sensitivity,leave_one_solvent_out,ethyl_acetate,proper_train,hexane:53,hexane:5
including_summaries_sensitivity,leave_one_solvent_out,ethyl_acetate,proper_train,hexane:54,hexane:5
including_summaries_sensitivity,leave_one_solvent_out,ethyl_acetate,proper_train,hexane:55,hexane:5
including_summaries_sensitivity,leave_one_solvent_out,ethyl_acetate,proper_train,hexane:59,hexane:10
including_summaries_sensitivity,leave_one_solvent_out,ethyl_acetate,proper_train,toluene:2,toluene:0.0025
including_summaries_sensitivity,leave_one_solvent_out,ethyl_acetate,proper_train,toluene:4,toluene:0.01
including_summaries_sensitivity,leave_one_solvent_out,ethyl_acetate,proper_train,toluene:5,toluene:0.015
including_summaries_sensitivity,leave_one_solvent_out,ethyl_acetate,proper_train,toluene:6,toluene:0.025
including_summaries_sensitivity,leave_one_solvent_out,ethyl_acetate,proper_train,toluene:7,toluene:0.05
including_summaries_sensitivity,leave_one_solvent_out,ethyl_acetate,proper_train,toluene:8,toluene:0.1
including_summaries_sensitivity,leave_one_solvent_out,ethyl_acetate,proper_train,toluene:11,toluene:0.9
including_summaries_sensitivity,leave_one_solvent_out,ethyl_acetate,proper_train,toluene:12,toluene:1.5
including_summaries_sensitivity,leave_one_solvent_out,ethyl_acetate,proper_train,toluene:13,toluene:2
including_summaries_sensitivity,leave_one_solvent_out,ethyl_acetate,proper_train,toluene:16,toluene:50
including_summaries_sensitivity,leave_one_solvent_out,ethyl_acetate,proper_train,toluene:17,toluene:0.0025
including_summaries_sensitivity,leave_one_solvent_out,ethyl_acetate,proper_train,toluene:18,toluene:0.0025
including_summaries_sensitivity,leave_one_solvent_out,ethyl_acetate,proper_train,toluene:19,toluene:0.0025
including_summaries_sensitivity,leave_one_solvent_out,ethyl_acetate,proper_train,toluene:23,toluene:0.01
including_summaries_sensitivity,leave_one_solvent_out,ethyl_acetate,proper_train,toluene:24,toluene:0.01
including_summaries_sensitivity,leave_one_solvent_out,ethyl_acetate,proper_train,toluene:25,toluene:0.01
including_summaries_sensitivity,leave_one_solvent_out,ethyl_acetate,proper_train,toluene:26,toluene:0.015
including_summaries_sensitivity,leave_one_solvent_out,ethyl_acetate,proper_train,toluene:27,toluene:0.015
including_summaries_sensitivity,leave_one_solvent_out,ethyl_acetate,proper_train,toluene:28,toluene:0.015
including_summaries_sensitivity,leave_one_solvent_out,ethyl_acetate,proper_train,toluene:29,toluene:0.025
including_summaries_sensitivity,leave_one_solvent_out,ethyl_acetate,proper_train,toluene:30,toluene:0.025
including_summaries_sensitivity,leave_one_solvent_out,ethyl_acetate,proper_train,toluene:31,toluene:0.025
including_summaries_sensitivity,leave_one_solvent_out,ethyl_acetate,proper_train,toluene:32,toluene:0.05
including_summaries_sensitivity,leave_one_solvent_out,ethyl_acetate,proper_train,toluene:33,toluene:0.05
including_summaries_sensitivity,leave_one_solvent_out,ethyl_acetate,proper_train,toluene:34,toluene:0.05
including_summaries_sensitivity,leave_one_solvent_out,ethyl_acetate,proper_train,toluene:35,toluene:0.1
including_summaries_sensitivity,leave_one_solvent_out,ethyl_acetate,proper_train,toluene:36,toluene:0.1
including_summaries_sensitivity,leave_one_solvent_out,ethyl_acetate,proper_train,toluene:37,toluene:0.1
including_summaries_sensitivity,leave_one_solvent_out,ethyl_acetate,proper_train,toluene:47,toluene:50
including_summaries_sensitivity,leave_one_solvent_out,ethyl_acetate,proper_train,toluene:48,toluene:50
including_summaries_sensitivity,leave_one_solvent_out,ethyl_acetate,proper_train,toluene:49,toluene:50
including_summaries_sensitivity,leave_one_solvent_out,ethyl_acetate,proper_train,toluene:50,toluene:50
including_summaries_sensitivity,leave_one_solvent_out,ethyl_acetate,proper_train,toluene:51,toluene:50
including_summaries_sensitivity,leave_one_solvent_out,ethyl_acetate,proper_train,toluene:52,toluene:50
including_summaries_sensitivity,leave_one_solvent_out,ethyl_acetate,calibration,hexane:2,hexane:0.02
including_summaries_sensitivity,leave_one_solvent_out,ethyl_acetate,calibration,hexane:3,hexane:0.02
including_summaries_sensitivity,leave_one_solvent_out,ethyl_acetate,calibration,hexane:4,hexane:0.02
including_summaries_sensitivity,leave_one_solvent_out,ethyl_acetate,calibration,hexane:5,hexane:0.02
including_summaries_sensitivity,leave_one_solvent_out,ethyl_acetate,calibration,hexane:6,hexane:0.02
including_summaries_sensitivity,leave_one_solvent_out,ethyl_acetate,calibration,hexane:7,hexane:0.02
including_summaries_sensitivity,leave_one_solvent_out,ethyl_acetate,calibration,hexane:23,hexane:0.1
including_summaries_sensitivity,leave_one_solvent_out,ethyl_acetate,calibration,hexane:24,hexane:0.1
including_summaries_sensitivity,leave_one_solvent_out,ethyl_acetate,calibration,hexane:25,hexane:0.1
including_summaries_sensitivity,leave_one_solvent_out,ethyl_acetate,calibration,hexane:26,hexane:0.1
including_summaries_sensitivity,leave_one_solvent_out,ethyl_acetate,calibration,hexane:27,hexane:0.1
including_summaries_sensitivity,leave_one_solvent_out,ethyl_acetate,calibration,hexane:28,hexane:0.1
including_summaries_sensitivity,leave_one_solvent_out,ethyl_acetate,calibration,hexane:38,hexane:1
including_summaries_sensitivity,leave_one_solvent_out,ethyl_acetate,calibration,hexane:39,hexane:1
including_summaries_sensitivity,leave_one_solvent_out,ethyl_acetate,calibration,hexane:40,hexane:1
including_summaries_sensitivity,leave_one_solvent_out,ethyl_acetate,calibration,hexane:41,hexane:1.5
including_summaries_sensitivity,leave_one_solvent_out,ethyl_acetate,calibration,hexane:42,hexane:1.5
including_summaries_sensitivity,leave_one_solvent_out,ethyl_acetate,calibration,hexane:43,hexane:1.5
including_summaries_sensitivity,leave_one_solvent_out,ethyl_acetate,calibration,hexane:47,hexane:2.5
including_summaries_sensitivity,leave_one_solvent_out,ethyl_acetate,calibration,hexane:48,hexane:2.5
including_summaries_sensitivity,leave_one_solvent_out,ethyl_acetate,calibration,hexane:49,hexane:2.5
including_summaries_sensitivity,leave_one_solvent_out,ethyl_acetate,calibration,hexane:56,hexane:7
including_summaries_sensitivity,leave_one_solvent_out,ethyl_acetate,calibration,hexane:57,hexane:7
including_summaries_sensitivity,leave_one_solvent_out,ethyl_acetate,calibration,hexane:58,hexane:7
including_summaries_sensitivity,leave_one_solvent_out,ethyl_acetate,calibration,toluene:3,toluene:0.005
including_summaries_sensitivity,leave_one_solvent_out,ethyl_acetate,calibration,toluene:9,toluene:0.25
including_summaries_sensitivity,leave_one_solvent_out,ethyl_acetate,calibration,toluene:10,toluene:0.5
including_summaries_sensitivity,leave_one_solvent_out,ethyl_acetate,calibration,toluene:14,toluene:10
including_summaries_sensitivity,leave_one_solvent_out,ethyl_acetate,calibration,toluene:15,toluene:40
including_summaries_sensitivity,leave_one_solvent_out,ethyl_acetate,calibration,toluene:20,toluene:0.005
including_summaries_sensitivity,leave_one_solvent_out,ethyl_acetate,calibration,toluene:21,toluene:0.005
including_summaries_sensitivity,leave_one_solvent_out,ethyl_acetate,calibration,toluene:22,toluene:0.005
including_summaries_sensitivity,leave_one_solvent_out,ethyl_acetate,calibration,toluene:38,toluene:0.25
including_summaries_sensitivity,leave_one_solvent_out,ethyl_acetate,calibration,toluene:39,toluene:0.25
including_summaries_sensitivity,leave_one_solvent_out,ethyl_acetate,calibration,toluene:40,toluene:0.25
including_summaries_sensitivity,leave_one_solvent_out,ethyl_acetate,calibration,toluene:41,toluene:10
including_summaries_sensitivity,leave_one_solvent_out,ethyl_acetate,calibration,toluene:42,toluene:10
including_summaries_sensitivity,leave_one_solvent_out,ethyl_acetate,calibration,toluene:43,toluene:10
including_summaries_sensitivity,leave_one_solvent_out,ethyl_acetate,calibration,toluene:45,toluene:40
including_summaries_sensitivity,leave_one_solvent_out,ethyl_acetate,calibration,toluene:46,toluene:40
including_summaries_sensitivity,leave_one_solvent_out,ethyl_acetate,test,ethyl_acetate:2,ethyl_acetate:0.1
including_summaries_sensitivity,leave_one_solvent_out,ethyl_acetate,test,ethyl_acetate:3,ethyl_acetate:0.1
including_summaries_sensitivity,leave_one_solvent_out,ethyl_acetate,test,ethyl_acetate:4,ethyl_acetate:0.1
including_summaries_sensitivity,leave_one_solvent_out,ethyl_acetate,test,ethyl_acetate:5,ethyl_acetate:0.15
including_summaries_sensitivity,leave_one_solvent_out,ethyl_acetate,test,ethyl_acetate:6,ethyl_acetate:0.15
including_summaries_sensitivity,leave_one_solvent_out,ethyl_acetate,test,ethyl_acetate:7,ethyl_acetate:0.15
including_summaries_sensitivity,leave_one_solvent_out,ethyl_acetate,test,ethyl_acetate:8,ethyl_acetate:0.25
including_summaries_sensitivity,leave_one_solvent_out,ethyl_acetate,test,ethyl_acetate:9,ethyl_acetate:0.25
including_summaries_sensitivity,leave_one_solvent_out,ethyl_acetate,test,ethyl_acetate:10,ethyl_acetate:0.25
including_summaries_sensitivity,leave_one_solvent_out,ethyl_acetate,test,ethyl_acetate:11,ethyl_acetate:0.5
including_summaries_sensitivity,leave_one_solvent_out,ethyl_acetate,test,ethyl_acetate:12,ethyl_acetate:0.5
including_summaries_sensitivity,leave_one_solvent_out,ethyl_acetate,test,ethyl_acetate:13,ethyl_acetate:0.5
including_summaries_sensitivity,leave_one_solvent_out,ethyl_acetate,test,ethyl_acetate:14,ethyl_acetate:0.1
including_summaries_sensitivity,leave_one_solvent_out,ethyl_acetate,test,ethyl_acetate:15,ethyl_acetate:0.1
including_summaries_sensitivity,leave_one_solvent_out,ethyl_acetate,test,ethyl_acetate:16,ethyl_acetate:0.1
including_summaries_sensitivity,leave_one_solvent_out,ethyl_acetate,test,ethyl_acetate:17,ethyl_acetate:0.25
including_summaries_sensitivity,leave_one_solvent_out,ethyl_acetate,test,ethyl_acetate:18,ethyl_acetate:0.25
including_summaries_sensitivity,leave_one_solvent_out,ethyl_acetate,test,ethyl_acetate:19,ethyl_acetate:0.25
including_summaries_sensitivity,leave_one_solvent_out,ethyl_acetate,test,ethyl_acetate:20,ethyl_acetate:1
including_summaries_sensitivity,leave_one_solvent_out,ethyl_acetate,test,ethyl_acetate:21,ethyl_acetate:1
including_summaries_sensitivity,leave_one_solvent_out,ethyl_acetate,test,ethyl_acetate:22,ethyl_acetate:1
including_summaries_sensitivity,leave_one_solvent_out,ethyl_acetate,test,ethyl_acetate:23,ethyl_acetate:2
including_summaries_sensitivity,leave_one_solvent_out,ethyl_acetate,test,ethyl_acetate:24,ethyl_acetate:2
including_summaries_sensitivity,leave_one_solvent_out,ethyl_acetate,test,ethyl_acetate:25,ethyl_acetate:2
including_summaries_sensitivity,leave_one_solvent_out,ethyl_acetate,test,ethyl_acetate:26,ethyl_acetate:3
including_summaries_sensitivity,leave_one_solvent_out,ethyl_acetate,test,ethyl_acetate:27,ethyl_acetate:3
including_summaries_sensitivity,leave_one_solvent_out,ethyl_acetate,test,ethyl_acetate:28,ethyl_acetate:3
including_summaries_sensitivity,leave_one_solvent_out,ethyl_acetate,test,ethyl_acetate:29,ethyl_acetate:5
including_summaries_sensitivity,leave_one_solvent_out,ethyl_acetate,test,ethyl_acetate:30,ethyl_acetate:5
including_summaries_sensitivity,leave_one_solvent_out,ethyl_acetate,test,ethyl_acetate:31,ethyl_acetate:5
including_summaries_sensitivity,leave_one_solvent_out,ethyl_acetate,test,ethyl_acetate:32,ethyl_acetate:10
including_summaries_sensitivity,leave_one_solvent_out,ethyl_acetate,test,ethyl_acetate:33,ethyl_acetate:10
including_summaries_sensitivity,leave_one_solvent_out,ethyl_acetate,test,ethyl_acetate:34,ethyl_acetate:10
including_summaries_sensitivity,leave_one_solvent_out,hexane,proper_train,toluene:3,toluene:0.005
including_summaries_sensitivity,leave_one_solvent_out,hexane,proper_train,toluene:5,toluene:0.015
including_summaries_sensitivity,leave_one_solvent_out,hexane,proper_train,toluene:7,toluene:0.05
including_summaries_sensitivity,leave_one_solvent_out,hexane,proper_train,toluene:8,toluene:0.1
including_summaries_sensitivity,leave_one_solvent_out,hexane,proper_train,toluene:10,toluene:0.5
including_summaries_sensitivity,leave_one_solvent_out,hexane,proper_train,toluene:12,toluene:1.5
including_summaries_sensitivity,leave_one_solvent_out,hexane,proper_train,toluene:14,toluene:10
including_summaries_sensitivity,leave_one_solvent_out,hexane,proper_train,toluene:15,toluene:40
including_summaries_sensitivity,leave_one_solvent_out,hexane,proper_train,toluene:16,toluene:50
including_summaries_sensitivity,leave_one_solvent_out,hexane,proper_train,toluene:20,toluene:0.005
including_summaries_sensitivity,leave_one_solvent_out,hexane,proper_train,toluene:21,toluene:0.005
including_summaries_sensitivity,leave_one_solvent_out,hexane,proper_train,toluene:22,toluene:0.005
including_summaries_sensitivity,leave_one_solvent_out,hexane,proper_train,toluene:26,toluene:0.015
including_summaries_sensitivity,leave_one_solvent_out,hexane,proper_train,toluene:27,toluene:0.015
including_summaries_sensitivity,leave_one_solvent_out,hexane,proper_train,toluene:28,toluene:0.015
including_summaries_sensitivity,leave_one_solvent_out,hexane,proper_train,toluene:32,toluene:0.05
including_summaries_sensitivity,leave_one_solvent_out,hexane,proper_train,toluene:33,toluene:0.05
including_summaries_sensitivity,leave_one_solvent_out,hexane,proper_train,toluene:34,toluene:0.05
including_summaries_sensitivity,leave_one_solvent_out,hexane,proper_train,toluene:35,toluene:0.1
including_summaries_sensitivity,leave_one_solvent_out,hexane,proper_train,toluene:36,toluene:0.1
including_summaries_sensitivity,leave_one_solvent_out,hexane,proper_train,toluene:37,toluene:0.1
including_summaries_sensitivity,leave_one_solvent_out,hexane,proper_train,toluene:41,toluene:10
including_summaries_sensitivity,leave_one_solvent_out,hexane,proper_train,toluene:42,toluene:10
including_summaries_sensitivity,leave_one_solvent_out,hexane,proper_train,toluene:43,toluene:10
including_summaries_sensitivity,leave_one_solvent_out,hexane,proper_train,toluene:45,toluene:40
including_summaries_sensitivity,leave_one_solvent_out,hexane,proper_train,toluene:46,toluene:40
including_summaries_sensitivity,leave_one_solvent_out,hexane,proper_train,toluene:47,toluene:50
including_summaries_sensitivity,leave_one_solvent_out,hexane,proper_train,toluene:48,toluene:50
including_summaries_sensitivity,leave_one_solvent_out,hexane,proper_train,toluene:49,toluene:50
including_summaries_sensitivity,leave_one_solvent_out,hexane,proper_train,toluene:50,toluene:50
including_summaries_sensitivity,leave_one_solvent_out,hexane,proper_train,toluene:51,toluene:50
including_summaries_sensitivity,leave_one_solvent_out,hexane,proper_train,toluene:52,toluene:50
including_summaries_sensitivity,leave_one_solvent_out,hexane,proper_train,ethyl_acetate:8,ethyl_acetate:0.25
including_summaries_sensitivity,leave_one_solvent_out,hexane,proper_train,ethyl_acetate:9,ethyl_acetate:0.25
including_summaries_sensitivity,leave_one_solvent_out,hexane,proper_train,ethyl_acetate:10,ethyl_acetate:0.25
including_summaries_sensitivity,leave_one_solvent_out,hexane,proper_train,ethyl_acetate:11,ethyl_acetate:0.5
including_summaries_sensitivity,leave_one_solvent_out,hexane,proper_train,ethyl_acetate:12,ethyl_acetate:0.5
including_summaries_sensitivity,leave_one_solvent_out,hexane,proper_train,ethyl_acetate:13,ethyl_acetate:0.5
including_summaries_sensitivity,leave_one_solvent_out,hexane,proper_train,ethyl_acetate:17,ethyl_acetate:0.25
including_summaries_sensitivity,leave_one_solvent_out,hexane,proper_train,ethyl_acetate:18,ethyl_acetate:0.25
including_summaries_sensitivity,leave_one_solvent_out,hexane,proper_train,ethyl_acetate:19,ethyl_acetate:0.25
including_summaries_sensitivity,leave_one_solvent_out,hexane,proper_train,ethyl_acetate:20,ethyl_acetate:1
including_summaries_sensitivity,leave_one_solvent_out,hexane,proper_train,ethyl_acetate:21,ethyl_acetate:1
including_summaries_sensitivity,leave_one_solvent_out,hexane,proper_train,ethyl_acetate:22,ethyl_acetate:1
including_summaries_sensitivity,leave_one_solvent_out,hexane,proper_train,ethyl_acetate:23,ethyl_acetate:2
including_summaries_sensitivity,leave_one_solvent_out,hexane,proper_train,ethyl_acetate:24,ethyl_acetate:2
including_summaries_sensitivity,leave_one_solvent_out,hexane,proper_train,ethyl_acetate:25,ethyl_acetate:2
including_summaries_sensitivity,leave_one_solvent_out,hexane,proper_train,ethyl_acetate:26,ethyl_acetate:3
including_summaries_sensitivity,leave_one_solvent_out,hexane,proper_train,ethyl_acetate:27,ethyl_acetate:3
including_summaries_sensitivity,leave_one_solvent_out,hexane,proper_train,ethyl_acetate:28,ethyl_acetate:3
including_summaries_sensitivity,leave_one_solvent_out,hexane,proper_train,ethyl_acetate:32,ethyl_acetate:10
including_summaries_sensitivity,leave_one_solvent_out,hexane,proper_train,ethyl_acetate:33,ethyl_acetate:10
including_summaries_sensitivity,leave_one_solvent_out,hexane,proper_train,ethyl_acetate:34,ethyl_acetate:10
including_summaries_sensitivity,leave_one_solvent_out,hexane,calibration,toluene:2,toluene:0.0025
including_summaries_sensitivity,leave_one_solvent_out,hexane,calibration,toluene:4,toluene:0.01
including_summaries_sensitivity,leave_one_solvent_out,hexane,calibration,toluene:6,toluene:0.025
including_summaries_sensitivity,leave_one_solvent_out,hexane,calibration,toluene:9,toluene:0.25
including_summaries_sensitivity,leave_one_solvent_out,hexane,calibration,toluene:11,toluene:0.9
including_summaries_sensitivity,leave_one_solvent_out,hexane,calibration,toluene:13,toluene:2
including_summaries_sensitivity,leave_one_solvent_out,hexane,calibration,toluene:17,toluene:0.0025
including_summaries_sensitivity,leave_one_solvent_out,hexane,calibration,toluene:18,toluene:0.0025
including_summaries_sensitivity,leave_one_solvent_out,hexane,calibration,toluene:19,toluene:0.0025
including_summaries_sensitivity,leave_one_solvent_out,hexane,calibration,toluene:23,toluene:0.01
including_summaries_sensitivity,leave_one_solvent_out,hexane,calibration,toluene:24,toluene:0.01
including_summaries_sensitivity,leave_one_solvent_out,hexane,calibration,toluene:25,toluene:0.01
including_summaries_sensitivity,leave_one_solvent_out,hexane,calibration,toluene:29,toluene:0.025
including_summaries_sensitivity,leave_one_solvent_out,hexane,calibration,toluene:30,toluene:0.025
including_summaries_sensitivity,leave_one_solvent_out,hexane,calibration,toluene:31,toluene:0.025
including_summaries_sensitivity,leave_one_solvent_out,hexane,calibration,toluene:38,toluene:0.25
including_summaries_sensitivity,leave_one_solvent_out,hexane,calibration,toluene:39,toluene:0.25
including_summaries_sensitivity,leave_one_solvent_out,hexane,calibration,toluene:40,toluene:0.25
including_summaries_sensitivity,leave_one_solvent_out,hexane,calibration,ethyl_acetate:2,ethyl_acetate:0.1
including_summaries_sensitivity,leave_one_solvent_out,hexane,calibration,ethyl_acetate:3,ethyl_acetate:0.1
including_summaries_sensitivity,leave_one_solvent_out,hexane,calibration,ethyl_acetate:4,ethyl_acetate:0.1
including_summaries_sensitivity,leave_one_solvent_out,hexane,calibration,ethyl_acetate:5,ethyl_acetate:0.15
including_summaries_sensitivity,leave_one_solvent_out,hexane,calibration,ethyl_acetate:6,ethyl_acetate:0.15
including_summaries_sensitivity,leave_one_solvent_out,hexane,calibration,ethyl_acetate:7,ethyl_acetate:0.15
including_summaries_sensitivity,leave_one_solvent_out,hexane,calibration,ethyl_acetate:14,ethyl_acetate:0.1
including_summaries_sensitivity,leave_one_solvent_out,hexane,calibration,ethyl_acetate:15,ethyl_acetate:0.1
including_summaries_sensitivity,leave_one_solvent_out,hexane,calibration,ethyl_acetate:16,ethyl_acetate:0.1
including_summaries_sensitivity,leave_one_solvent_out,hexane,calibration,ethyl_acetate:29,ethyl_acetate:5
including_summaries_sensitivity,leave_one_solvent_out,hexane,calibration,ethyl_acetate:30,ethyl_acetate:5
including_summaries_sensitivity,leave_one_solvent_out,hexane,calibration,ethyl_acetate:31,ethyl_acetate:5
including_summaries_sensitivity,leave_one_solvent_out,hexane,test,hexane:2,hexane:0.02
including_summaries_sensitivity,leave_one_solvent_out,hexane,test,hexane:3,hexane:0.02
including_summaries_sensitivity,leave_one_solvent_out,hexane,test,hexane:4,hexane:0.02
including_summaries_sensitivity,leave_one_solvent_out,hexane,test,hexane:5,hexane:0.02
including_summaries_sensitivity,leave_one_solvent_out,hexane,test,hexane:6,hexane:0.02
including_summaries_sensitivity,leave_one_solvent_out,hexane,test,hexane:7,hexane:0.02
including_summaries_sensitivity,leave_one_solvent_out,hexane,test,hexane:8,hexane:0.05
including_summaries_sensitivity,leave_one_solvent_out,hexane,test,hexane:9,hexane:0.05
including_summaries_sensitivity,leave_one_solvent_out,hexane,test,hexane:10,hexane:0.05
including_summaries_sensitivity,leave_one_solvent_out,hexane,test,hexane:11,hexane:0.05
including_summaries_sensitivity,leave_one_solvent_out,hexane,test,hexane:12,hexane:0.05
including_summaries_sensitivity,leave_one_solvent_out,hexane,test,hexane:13,hexane:0.05
including_summaries_sensitivity,leave_one_solvent_out,hexane,test,hexane:14,hexane:0.07
including_summaries_sensitivity,leave_one_solvent_out,hexane,test,hexane:15,hexane:0.07
including_summaries_sensitivity,leave_one_solvent_out,hexane,test,hexane:16,hexane:0.07
including_summaries_sensitivity,leave_one_solvent_out,hexane,test,hexane:17,hexane:0.07
including_summaries_sensitivity,leave_one_solvent_out,hexane,test,hexane:18,hexane:0.07
including_summaries_sensitivity,leave_one_solvent_out,hexane,test,hexane:19,hexane:0.07
including_summaries_sensitivity,leave_one_solvent_out,hexane,test,hexane:20,hexane:0.09
including_summaries_sensitivity,leave_one_solvent_out,hexane,test,hexane:21,hexane:0.09
including_summaries_sensitivity,leave_one_solvent_out,hexane,test,hexane:22,hexane:0.09
including_summaries_sensitivity,leave_one_solvent_out,hexane,test,hexane:23,hexane:0.1
including_summaries_sensitivity,leave_one_solvent_out,hexane,test,hexane:24,hexane:0.1
including_summaries_sensitivity,leave_one_solvent_out,hexane,test,hexane:25,hexane:0.1
including_summaries_sensitivity,leave_one_solvent_out,hexane,test,hexane:26,hexane:0.1
including_summaries_sensitivity,leave_one_solvent_out,hexane,test,hexane:27,hexane:0.1
including_summaries_sensitivity,leave_one_solvent_out,hexane,test,hexane:28,hexane:0.1
including_summaries_sensitivity,leave_one_solvent_out,hexane,test,hexane:29,hexane:0.15
including_summaries_sensitivity,leave_one_solvent_out,hexane,test,hexane:30,hexane:0.15
including_summaries_sensitivity,leave_one_solvent_out,hexane,test,hexane:31,hexane:0.15
including_summaries_sensitivity,leave_one_solvent_out,hexane,test,hexane:32,hexane:0.25
including_summaries_sensitivity,leave_one_solvent_out,hexane,test,hexane:33,hexane:0.25
including_summaries_sensitivity,leave_one_solvent_out,hexane,test,hexane:34,hexane:0.25
including_summaries_sensitivity,leave_one_solvent_out,hexane,test,hexane:35,hexane:0.5
including_summaries_sensitivity,leave_one_solvent_out,hexane,test,hexane:36,hexane:0.5
including_summaries_sensitivity,leave_one_solvent_out,hexane,test,hexane:37,hexane:0.5
including_summaries_sensitivity,leave_one_solvent_out,hexane,test,hexane:38,hexane:1
including_summaries_sensitivity,leave_one_solvent_out,hexane,test,hexane:39,hexane:1
including_summaries_sensitivity,leave_one_solvent_out,hexane,test,hexane:40,hexane:1
including_summaries_sensitivity,leave_one_solvent_out,hexane,test,hexane:41,hexane:1.5
including_summaries_sensitivity,leave_one_solvent_out,hexane,test,hexane:42,hexane:1.5
including_summaries_sensitivity,leave_one_solvent_out,hexane,test,hexane:43,hexane:1.5
including_summaries_sensitivity,leave_one_solvent_out,hexane,test,hexane:44,hexane:2
including_summaries_sensitivity,leave_one_solvent_out,hexane,test,hexane:45,hexane:2
including_summaries_sensitivity,leave_one_solvent_out,hexane,test,hexane:46,hexane:2
including_summaries_sensitivity,leave_one_solvent_out,hexane,test,hexane:47,hexane:2.5
including_summaries_sensitivity,leave_one_solvent_out,hexane,test,hexane:48,hexane:2.5
including_summaries_sensitivity,leave_one_solvent_out,hexane,test,hexane:49,hexane:2.5
including_summaries_sensitivity,leave_one_solvent_out,hexane,test,hexane:50,hexane:3
including_summaries_sensitivity,leave_one_solvent_out,hexane,test,hexane:51,hexane:3
including_summaries_sensitivity,leave_one_solvent_out,hexane,test,hexane:52,hexane:3
including_summaries_sensitivity,leave_one_solvent_out,hexane,test,hexane:53,hexane:5
including_summaries_sensitivity,leave_one_solvent_out,hexane,test,hexane:54,hexane:5
including_summaries_sensitivity,leave_one_solvent_out,hexane,test,hexane:55,hexane:5
including_summaries_sensitivity,leave_one_solvent_out,hexane,test,hexane:56,hexane:7
including_summaries_sensitivity,leave_one_solvent_out,hexane,test,hexane:57,hexane:7
including_summaries_sensitivity,leave_one_solvent_out,hexane,test,hexane:58,hexane:7
including_summaries_sensitivity,leave_one_solvent_out,hexane,test,hexane:59,hexane:10
including_summaries_sensitivity,leave_one_solvent_out,toluene,proper_train,hexane:8,hexane:0.05
including_summaries_sensitivity,leave_one_solvent_out,toluene,proper_train,hexane:9,hexane:0.05
including_summaries_sensitivity,leave_one_solvent_out,toluene,proper_train,hexane:10,hexane:0.05
including_summaries_sensitivity,leave_one_solvent_out,toluene,proper_train,hexane:11,hexane:0.05
including_summaries_sensitivity,leave_one_solvent_out,toluene,proper_train,hexane:12,hexane:0.05
including_summaries_sensitivity,leave_one_solvent_out,toluene,proper_train,hexane:13,hexane:0.05
including_summaries_sensitivity,leave_one_solvent_out,toluene,proper_train,hexane:20,hexane:0.09
including_summaries_sensitivity,leave_one_solvent_out,toluene,proper_train,hexane:21,hexane:0.09
including_summaries_sensitivity,leave_one_solvent_out,toluene,proper_train,hexane:22,hexane:0.09
including_summaries_sensitivity,leave_one_solvent_out,toluene,proper_train,hexane:29,hexane:0.15
including_summaries_sensitivity,leave_one_solvent_out,toluene,proper_train,hexane:30,hexane:0.15
including_summaries_sensitivity,leave_one_solvent_out,toluene,proper_train,hexane:31,hexane:0.15
including_summaries_sensitivity,leave_one_solvent_out,toluene,proper_train,hexane:32,hexane:0.25
including_summaries_sensitivity,leave_one_solvent_out,toluene,proper_train,hexane:33,hexane:0.25
including_summaries_sensitivity,leave_one_solvent_out,toluene,proper_train,hexane:34,hexane:0.25
including_summaries_sensitivity,leave_one_solvent_out,toluene,proper_train,hexane:38,hexane:1
including_summaries_sensitivity,leave_one_solvent_out,toluene,proper_train,hexane:39,hexane:1
including_summaries_sensitivity,leave_one_solvent_out,toluene,proper_train,hexane:40,hexane:1
including_summaries_sensitivity,leave_one_solvent_out,toluene,proper_train,hexane:41,hexane:1.5
including_summaries_sensitivity,leave_one_solvent_out,toluene,proper_train,hexane:42,hexane:1.5
including_summaries_sensitivity,leave_one_solvent_out,toluene,proper_train,hexane:43,hexane:1.5
including_summaries_sensitivity,leave_one_solvent_out,toluene,proper_train,hexane:44,hexane:2
including_summaries_sensitivity,leave_one_solvent_out,toluene,proper_train,hexane:45,hexane:2
including_summaries_sensitivity,leave_one_solvent_out,toluene,proper_train,hexane:46,hexane:2
including_summaries_sensitivity,leave_one_solvent_out,toluene,proper_train,hexane:47,hexane:2.5
including_summaries_sensitivity,leave_one_solvent_out,toluene,proper_train,hexane:48,hexane:2.5
including_summaries_sensitivity,leave_one_solvent_out,toluene,proper_train,hexane:49,hexane:2.5
including_summaries_sensitivity,leave_one_solvent_out,toluene,proper_train,hexane:56,hexane:7
including_summaries_sensitivity,leave_one_solvent_out,toluene,proper_train,hexane:57,hexane:7
including_summaries_sensitivity,leave_one_solvent_out,toluene,proper_train,hexane:58,hexane:7
including_summaries_sensitivity,leave_one_solvent_out,toluene,proper_train,hexane:59,hexane:10
including_summaries_sensitivity,leave_one_solvent_out,toluene,proper_train,ethyl_acetate:8,ethyl_acetate:0.25
including_summaries_sensitivity,leave_one_solvent_out,toluene,proper_train,ethyl_acetate:9,ethyl_acetate:0.25
including_summaries_sensitivity,leave_one_solvent_out,toluene,proper_train,ethyl_acetate:10,ethyl_acetate:0.25
including_summaries_sensitivity,leave_one_solvent_out,toluene,proper_train,ethyl_acetate:11,ethyl_acetate:0.5
including_summaries_sensitivity,leave_one_solvent_out,toluene,proper_train,ethyl_acetate:12,ethyl_acetate:0.5
including_summaries_sensitivity,leave_one_solvent_out,toluene,proper_train,ethyl_acetate:13,ethyl_acetate:0.5
including_summaries_sensitivity,leave_one_solvent_out,toluene,proper_train,ethyl_acetate:17,ethyl_acetate:0.25
including_summaries_sensitivity,leave_one_solvent_out,toluene,proper_train,ethyl_acetate:18,ethyl_acetate:0.25
including_summaries_sensitivity,leave_one_solvent_out,toluene,proper_train,ethyl_acetate:19,ethyl_acetate:0.25
including_summaries_sensitivity,leave_one_solvent_out,toluene,proper_train,ethyl_acetate:20,ethyl_acetate:1
including_summaries_sensitivity,leave_one_solvent_out,toluene,proper_train,ethyl_acetate:21,ethyl_acetate:1
including_summaries_sensitivity,leave_one_solvent_out,toluene,proper_train,ethyl_acetate:22,ethyl_acetate:1
including_summaries_sensitivity,leave_one_solvent_out,toluene,proper_train,ethyl_acetate:23,ethyl_acetate:2
including_summaries_sensitivity,leave_one_solvent_out,toluene,proper_train,ethyl_acetate:24,ethyl_acetate:2
including_summaries_sensitivity,leave_one_solvent_out,toluene,proper_train,ethyl_acetate:25,ethyl_acetate:2
including_summaries_sensitivity,leave_one_solvent_out,toluene,proper_train,ethyl_acetate:26,ethyl_acetate:3
including_summaries_sensitivity,leave_one_solvent_out,toluene,proper_train,ethyl_acetate:27,ethyl_acetate:3
including_summaries_sensitivity,leave_one_solvent_out,toluene,proper_train,ethyl_acetate:28,ethyl_acetate:3
including_summaries_sensitivity,leave_one_solvent_out,toluene,proper_train,ethyl_acetate:32,ethyl_acetate:10
including_summaries_sensitivity,leave_one_solvent_out,toluene,proper_train,ethyl_acetate:33,ethyl_acetate:10
including_summaries_sensitivity,leave_one_solvent_out,toluene,proper_train,ethyl_acetate:34,ethyl_acetate:10
including_summaries_sensitivity,leave_one_solvent_out,toluene,calibration,hexane:2,hexane:0.02
including_summaries_sensitivity,leave_one_solvent_out,toluene,calibration,hexane:3,hexane:0.02
including_summaries_sensitivity,leave_one_solvent_out,toluene,calibration,hexane:4,hexane:0.02
including_summaries_sensitivity,leave_one_solvent_out,toluene,calibration,hexane:5,hexane:0.02
including_summaries_sensitivity,leave_one_solvent_out,toluene,calibration,hexane:6,hexane:0.02
including_summaries_sensitivity,leave_one_solvent_out,toluene,calibration,hexane:7,hexane:0.02
including_summaries_sensitivity,leave_one_solvent_out,toluene,calibration,hexane:14,hexane:0.07
including_summaries_sensitivity,leave_one_solvent_out,toluene,calibration,hexane:15,hexane:0.07
including_summaries_sensitivity,leave_one_solvent_out,toluene,calibration,hexane:16,hexane:0.07
including_summaries_sensitivity,leave_one_solvent_out,toluene,calibration,hexane:17,hexane:0.07
including_summaries_sensitivity,leave_one_solvent_out,toluene,calibration,hexane:18,hexane:0.07
including_summaries_sensitivity,leave_one_solvent_out,toluene,calibration,hexane:19,hexane:0.07
including_summaries_sensitivity,leave_one_solvent_out,toluene,calibration,hexane:23,hexane:0.1
including_summaries_sensitivity,leave_one_solvent_out,toluene,calibration,hexane:24,hexane:0.1
including_summaries_sensitivity,leave_one_solvent_out,toluene,calibration,hexane:25,hexane:0.1
including_summaries_sensitivity,leave_one_solvent_out,toluene,calibration,hexane:26,hexane:0.1
including_summaries_sensitivity,leave_one_solvent_out,toluene,calibration,hexane:27,hexane:0.1
including_summaries_sensitivity,leave_one_solvent_out,toluene,calibration,hexane:28,hexane:0.1
including_summaries_sensitivity,leave_one_solvent_out,toluene,calibration,hexane:35,hexane:0.5
including_summaries_sensitivity,leave_one_solvent_out,toluene,calibration,hexane:36,hexane:0.5
including_summaries_sensitivity,leave_one_solvent_out,toluene,calibration,hexane:37,hexane:0.5
including_summaries_sensitivity,leave_one_solvent_out,toluene,calibration,hexane:50,hexane:3
including_summaries_sensitivity,leave_one_solvent_out,toluene,calibration,hexane:51,hexane:3
including_summaries_sensitivity,leave_one_solvent_out,toluene,calibration,hexane:52,hexane:3
including_summaries_sensitivity,leave_one_solvent_out,toluene,calibration,hexane:53,hexane:5
including_summaries_sensitivity,leave_one_solvent_out,toluene,calibration,hexane:54,hexane:5
including_summaries_sensitivity,leave_one_solvent_out,toluene,calibration,hexane:55,hexane:5
including_summaries_sensitivity,leave_one_solvent_out,toluene,calibration,ethyl_acetate:2,ethyl_acetate:0.1
including_summaries_sensitivity,leave_one_solvent_out,toluene,calibration,ethyl_acetate:3,ethyl_acetate:0.1
including_summaries_sensitivity,leave_one_solvent_out,toluene,calibration,ethyl_acetate:4,ethyl_acetate:0.1
including_summaries_sensitivity,leave_one_solvent_out,toluene,calibration,ethyl_acetate:5,ethyl_acetate:0.15
including_summaries_sensitivity,leave_one_solvent_out,toluene,calibration,ethyl_acetate:6,ethyl_acetate:0.15
including_summaries_sensitivity,leave_one_solvent_out,toluene,calibration,ethyl_acetate:7,ethyl_acetate:0.15
including_summaries_sensitivity,leave_one_solvent_out,toluene,calibration,ethyl_acetate:14,ethyl_acetate:0.1
including_summaries_sensitivity,leave_one_solvent_out,toluene,calibration,ethyl_acetate:15,ethyl_acetate:0.1
including_summaries_sensitivity,leave_one_solvent_out,toluene,calibration,ethyl_acetate:16,ethyl_acetate:0.1
including_summaries_sensitivity,leave_one_solvent_out,toluene,calibration,ethyl_acetate:29,ethyl_acetate:5
including_summaries_sensitivity,leave_one_solvent_out,toluene,calibration,ethyl_acetate:30,ethyl_acetate:5
including_summaries_sensitivity,leave_one_solvent_out,toluene,calibration,ethyl_acetate:31,ethyl_acetate:5
including_summaries_sensitivity,leave_one_solvent_out,toluene,test,toluene:2,toluene:0.0025
including_summaries_sensitivity,leave_one_solvent_out,toluene,test,toluene:3,toluene:0.005
including_summaries_sensitivity,leave_one_solvent_out,toluene,test,toluene:4,toluene:0.01
including_summaries_sensitivity,leave_one_solvent_out,toluene,test,toluene:5,toluene:0.015
including_summaries_sensitivity,leave_one_solvent_out,toluene,test,toluene:6,toluene:0.025
including_summaries_sensitivity,leave_one_solvent_out,toluene,test,toluene:7,toluene:0.05
including_summaries_sensitivity,leave_one_solvent_out,toluene,test,toluene:8,toluene:0.1
including_summaries_sensitivity,leave_one_solvent_out,toluene,test,toluene:9,toluene:0.25
including_summaries_sensitivity,leave_one_solvent_out,toluene,test,toluene:10,toluene:0.5
including_summaries_sensitivity,leave_one_solvent_out,toluene,test,toluene:11,toluene:0.9
including_summaries_sensitivity,leave_one_solvent_out,toluene,test,toluene:12,toluene:1.5
including_summaries_sensitivity,leave_one_solvent_out,toluene,test,toluene:13,toluene:2
including_summaries_sensitivity,leave_one_solvent_out,toluene,test,toluene:14,toluene:10
including_summaries_sensitivity,leave_one_solvent_out,toluene,test,toluene:15,toluene:40
including_summaries_sensitivity,leave_one_solvent_out,toluene,test,toluene:16,toluene:50
including_summaries_sensitivity,leave_one_solvent_out,toluene,test,toluene:17,toluene:0.0025
including_summaries_sensitivity,leave_one_solvent_out,toluene,test,toluene:18,toluene:0.0025
including_summaries_sensitivity,leave_one_solvent_out,toluene,test,toluene:19,toluene:0.0025
including_summaries_sensitivity,leave_one_solvent_out,toluene,test,toluene:20,toluene:0.005
including_summaries_sensitivity,leave_one_solvent_out,toluene,test,toluene:21,toluene:0.005
including_summaries_sensitivity,leave_one_solvent_out,toluene,test,toluene:22,toluene:0.005
including_summaries_sensitivity,leave_one_solvent_out,toluene,test,toluene:23,toluene:0.01
including_summaries_sensitivity,leave_one_solvent_out,toluene,test,toluene:24,toluene:0.01
including_summaries_sensitivity,leave_one_solvent_out,toluene,test,toluene:25,toluene:0.01
including_summaries_sensitivity,leave_one_solvent_out,toluene,test,toluene:26,toluene:0.015
including_summaries_sensitivity,leave_one_solvent_out,toluene,test,toluene:27,toluene:0.015
including_summaries_sensitivity,leave_one_solvent_out,toluene,test,toluene:28,toluene:0.015
including_summaries_sensitivity,leave_one_solvent_out,toluene,test,toluene:29,toluene:0.025
including_summaries_sensitivity,leave_one_solvent_out,toluene,test,toluene:30,toluene:0.025
including_summaries_sensitivity,leave_one_solvent_out,toluene,test,toluene:31,toluene:0.025
including_summaries_sensitivity,leave_one_solvent_out,toluene,test,toluene:32,toluene:0.05
including_summaries_sensitivity,leave_one_solvent_out,toluene,test,toluene:33,toluene:0.05
including_summaries_sensitivity,leave_one_solvent_out,toluene,test,toluene:34,toluene:0.05
including_summaries_sensitivity,leave_one_solvent_out,toluene,test,toluene:35,toluene:0.1
including_summaries_sensitivity,leave_one_solvent_out,toluene,test,toluene:36,toluene:0.1
including_summaries_sensitivity,leave_one_solvent_out,toluene,test,toluene:37,toluene:0.1
including_summaries_sensitivity,leave_one_solvent_out,toluene,test,toluene:38,toluene:0.25
including_summaries_sensitivity,leave_one_solvent_out,toluene,test,toluene:39,toluene:0.25
including_summaries_sensitivity,leave_one_solvent_out,toluene,test,toluene:40,toluene:0.25
including_summaries_sensitivity,leave_one_solvent_out,toluene,test,toluene:41,toluene:10
including_summaries_sensitivity,leave_one_solvent_out,toluene,test,toluene:42,toluene:10
including_summaries_sensitivity,leave_one_solvent_out,toluene,test,toluene:43,toluene:10
including_summaries_sensitivity,leave_one_solvent_out,toluene,test,toluene:45,toluene:40
including_summaries_sensitivity,leave_one_solvent_out,toluene,test,toluene:46,toluene:40
including_summaries_sensitivity,leave_one_solvent_out,toluene,test,toluene:47,toluene:50
including_summaries_sensitivity,leave_one_solvent_out,toluene,test,toluene:48,toluene:50
including_summaries_sensitivity,leave_one_solvent_out,toluene,test,toluene:49,toluene:50
including_summaries_sensitivity,leave_one_solvent_out,toluene,test,toluene:50,toluene:50
including_summaries_sensitivity,leave_one_solvent_out,toluene,test,toluene:51,toluene:50
including_summaries_sensitivity,leave_one_solvent_out,toluene,test,toluene:52,toluene:50
including_summaries_sensitivity,ood_low_concentration,low,proper_train,hexane:23,hexane:0.1
including_summaries_sensitivity,ood_low_concentration,low,proper_train,hexane:24,hexane:0.1
including_summaries_sensitivity,ood_low_concentration,low,proper_train,hexane:25,hexane:0.1
including_summaries_sensitivity,ood_low_concentration,low,proper_train,hexane:26,hexane:0.1
including_summaries_sensitivity,ood_low_concentration,low,proper_train,hexane:27,hexane:0.1
including_summaries_sensitivity,ood_low_concentration,low,proper_train,hexane:28,hexane:0.1
including_summaries_sensitivity,ood_low_concentration,low,proper_train,hexane:35,hexane:0.5
including_summaries_sensitivity,ood_low_concentration,low,proper_train,hexane:36,hexane:0.5
including_summaries_sensitivity,ood_low_concentration,low,proper_train,hexane:37,hexane:0.5
including_summaries_sensitivity,ood_low_concentration,low,proper_train,hexane:38,hexane:1
including_summaries_sensitivity,ood_low_concentration,low,proper_train,hexane:39,hexane:1
including_summaries_sensitivity,ood_low_concentration,low,proper_train,hexane:40,hexane:1
including_summaries_sensitivity,ood_low_concentration,low,proper_train,hexane:44,hexane:2
including_summaries_sensitivity,ood_low_concentration,low,proper_train,hexane:45,hexane:2
including_summaries_sensitivity,ood_low_concentration,low,proper_train,hexane:46,hexane:2
including_summaries_sensitivity,ood_low_concentration,low,proper_train,hexane:50,hexane:3
including_summaries_sensitivity,ood_low_concentration,low,proper_train,hexane:51,hexane:3
including_summaries_sensitivity,ood_low_concentration,low,proper_train,hexane:52,hexane:3
including_summaries_sensitivity,ood_low_concentration,low,proper_train,hexane:56,hexane:7
including_summaries_sensitivity,ood_low_concentration,low,proper_train,hexane:57,hexane:7
including_summaries_sensitivity,ood_low_concentration,low,proper_train,hexane:58,hexane:7
including_summaries_sensitivity,ood_low_concentration,low,proper_train,hexane:59,hexane:10
including_summaries_sensitivity,ood_low_concentration,low,proper_train,toluene:5,toluene:0.015
including_summaries_sensitivity,ood_low_concentration,low,proper_train,toluene:6,toluene:0.025
including_summaries_sensitivity,ood_low_concentration,low,proper_train,toluene:7,toluene:0.05
including_summaries_sensitivity,ood_low_concentration,low,proper_train,toluene:8,toluene:0.1
including_summaries_sensitivity,ood_low_concentration,low,proper_train,toluene:11,toluene:0.9
including_summaries_sensitivity,ood_low_concentration,low,proper_train,toluene:12,toluene:1.5
including_summaries_sensitivity,ood_low_concentration,low,proper_train,toluene:13,toluene:2
including_summaries_sensitivity,ood_low_concentration,low,proper_train,toluene:16,toluene:50
including_summaries_sensitivity,ood_low_concentration,low,proper_train,toluene:26,toluene:0.015
including_summaries_sensitivity,ood_low_concentration,low,proper_train,toluene:27,toluene:0.015
including_summaries_sensitivity,ood_low_concentration,low,proper_train,toluene:28,toluene:0.015
including_summaries_sensitivity,ood_low_concentration,low,proper_train,toluene:29,toluene:0.025
including_summaries_sensitivity,ood_low_concentration,low,proper_train,toluene:30,toluene:0.025
including_summaries_sensitivity,ood_low_concentration,low,proper_train,toluene:31,toluene:0.025
including_summaries_sensitivity,ood_low_concentration,low,proper_train,toluene:32,toluene:0.05
including_summaries_sensitivity,ood_low_concentration,low,proper_train,toluene:33,toluene:0.05
including_summaries_sensitivity,ood_low_concentration,low,proper_train,toluene:34,toluene:0.05
including_summaries_sensitivity,ood_low_concentration,low,proper_train,toluene:35,toluene:0.1
including_summaries_sensitivity,ood_low_concentration,low,proper_train,toluene:36,toluene:0.1
including_summaries_sensitivity,ood_low_concentration,low,proper_train,toluene:37,toluene:0.1
including_summaries_sensitivity,ood_low_concentration,low,proper_train,toluene:47,toluene:50
including_summaries_sensitivity,ood_low_concentration,low,proper_train,toluene:48,toluene:50
including_summaries_sensitivity,ood_low_concentration,low,proper_train,toluene:49,toluene:50
including_summaries_sensitivity,ood_low_concentration,low,proper_train,toluene:50,toluene:50
including_summaries_sensitivity,ood_low_concentration,low,proper_train,toluene:51,toluene:50
including_summaries_sensitivity,ood_low_concentration,low,proper_train,toluene:52,toluene:50
including_summaries_sensitivity,ood_low_concentration,low,proper_train,ethyl_acetate:11,ethyl_acetate:0.5
including_summaries_sensitivity,ood_low_concentration,low,proper_train,ethyl_acetate:12,ethyl_acetate:0.5
including_summaries_sensitivity,ood_low_concentration,low,proper_train,ethyl_acetate:13,ethyl_acetate:0.5
including_summaries_sensitivity,ood_low_concentration,low,proper_train,ethyl_acetate:20,ethyl_acetate:1
including_summaries_sensitivity,ood_low_concentration,low,proper_train,ethyl_acetate:21,ethyl_acetate:1
including_summaries_sensitivity,ood_low_concentration,low,proper_train,ethyl_acetate:22,ethyl_acetate:1
including_summaries_sensitivity,ood_low_concentration,low,proper_train,ethyl_acetate:26,ethyl_acetate:3
including_summaries_sensitivity,ood_low_concentration,low,proper_train,ethyl_acetate:27,ethyl_acetate:3
including_summaries_sensitivity,ood_low_concentration,low,proper_train,ethyl_acetate:28,ethyl_acetate:3
including_summaries_sensitivity,ood_low_concentration,low,proper_train,ethyl_acetate:29,ethyl_acetate:5
including_summaries_sensitivity,ood_low_concentration,low,proper_train,ethyl_acetate:30,ethyl_acetate:5
including_summaries_sensitivity,ood_low_concentration,low,proper_train,ethyl_acetate:31,ethyl_acetate:5
including_summaries_sensitivity,ood_low_concentration,low,proper_train,ethyl_acetate:32,ethyl_acetate:10
including_summaries_sensitivity,ood_low_concentration,low,proper_train,ethyl_acetate:33,ethyl_acetate:10
including_summaries_sensitivity,ood_low_concentration,low,proper_train,ethyl_acetate:34,ethyl_acetate:10
including_summaries_sensitivity,ood_low_concentration,low,calibration,hexane:29,hexane:0.15
including_summaries_sensitivity,ood_low_concentration,low,calibration,hexane:30,hexane:0.15
including_summaries_sensitivity,ood_low_concentration,low,calibration,hexane:31,hexane:0.15
including_summaries_sensitivity,ood_low_concentration,low,calibration,hexane:32,hexane:0.25
including_summaries_sensitivity,ood_low_concentration,low,calibration,hexane:33,hexane:0.25
including_summaries_sensitivity,ood_low_concentration,low,calibration,hexane:34,hexane:0.25
including_summaries_sensitivity,ood_low_concentration,low,calibration,hexane:41,hexane:1.5
including_summaries_sensitivity,ood_low_concentration,low,calibration,hexane:42,hexane:1.5
including_summaries_sensitivity,ood_low_concentration,low,calibration,hexane:43,hexane:1.5
including_summaries_sensitivity,ood_low_concentration,low,calibration,hexane:47,hexane:2.5
including_summaries_sensitivity,ood_low_concentration,low,calibration,hexane:48,hexane:2.5
including_summaries_sensitivity,ood_low_concentration,low,calibration,hexane:49,hexane:2.5
including_summaries_sensitivity,ood_low_concentration,low,calibration,hexane:53,hexane:5
including_summaries_sensitivity,ood_low_concentration,low,calibration,hexane:54,hexane:5
including_summaries_sensitivity,ood_low_concentration,low,calibration,hexane:55,hexane:5
including_summaries_sensitivity,ood_low_concentration,low,calibration,toluene:9,toluene:0.25
including_summaries_sensitivity,ood_low_concentration,low,calibration,toluene:10,toluene:0.5
including_summaries_sensitivity,ood_low_concentration,low,calibration,toluene:14,toluene:10
including_summaries_sensitivity,ood_low_concentration,low,calibration,toluene:15,toluene:40
including_summaries_sensitivity,ood_low_concentration,low,calibration,toluene:38,toluene:0.25
including_summaries_sensitivity,ood_low_concentration,low,calibration,toluene:39,toluene:0.25
including_summaries_sensitivity,ood_low_concentration,low,calibration,toluene:40,toluene:0.25
including_summaries_sensitivity,ood_low_concentration,low,calibration,toluene:41,toluene:10
including_summaries_sensitivity,ood_low_concentration,low,calibration,toluene:42,toluene:10
including_summaries_sensitivity,ood_low_concentration,low,calibration,toluene:43,toluene:10
including_summaries_sensitivity,ood_low_concentration,low,calibration,toluene:45,toluene:40
including_summaries_sensitivity,ood_low_concentration,low,calibration,toluene:46,toluene:40
including_summaries_sensitivity,ood_low_concentration,low,calibration,ethyl_acetate:8,ethyl_acetate:0.25
including_summaries_sensitivity,ood_low_concentration,low,calibration,ethyl_acetate:9,ethyl_acetate:0.25
including_summaries_sensitivity,ood_low_concentration,low,calibration,ethyl_acetate:10,ethyl_acetate:0.25
including_summaries_sensitivity,ood_low_concentration,low,calibration,ethyl_acetate:17,ethyl_acetate:0.25
including_summaries_sensitivity,ood_low_concentration,low,calibration,ethyl_acetate:18,ethyl_acetate:0.25
including_summaries_sensitivity,ood_low_concentration,low,calibration,ethyl_acetate:19,ethyl_acetate:0.25
including_summaries_sensitivity,ood_low_concentration,low,calibration,ethyl_acetate:23,ethyl_acetate:2
including_summaries_sensitivity,ood_low_concentration,low,calibration,ethyl_acetate:24,ethyl_acetate:2
including_summaries_sensitivity,ood_low_concentration,low,calibration,ethyl_acetate:25,ethyl_acetate:2
including_summaries_sensitivity,ood_low_concentration,low,test,hexane:2,hexane:0.02
including_summaries_sensitivity,ood_low_concentration,low,test,hexane:3,hexane:0.02
including_summaries_sensitivity,ood_low_concentration,low,test,hexane:4,hexane:0.02
including_summaries_sensitivity,ood_low_concentration,low,test,hexane:5,hexane:0.02
including_summaries_sensitivity,ood_low_concentration,low,test,hexane:6,hexane:0.02
including_summaries_sensitivity,ood_low_concentration,low,test,hexane:7,hexane:0.02
including_summaries_sensitivity,ood_low_concentration,low,test,hexane:8,hexane:0.05
including_summaries_sensitivity,ood_low_concentration,low,test,hexane:9,hexane:0.05
including_summaries_sensitivity,ood_low_concentration,low,test,hexane:10,hexane:0.05
including_summaries_sensitivity,ood_low_concentration,low,test,hexane:11,hexane:0.05
including_summaries_sensitivity,ood_low_concentration,low,test,hexane:12,hexane:0.05
including_summaries_sensitivity,ood_low_concentration,low,test,hexane:13,hexane:0.05
including_summaries_sensitivity,ood_low_concentration,low,test,hexane:14,hexane:0.07
including_summaries_sensitivity,ood_low_concentration,low,test,hexane:15,hexane:0.07
including_summaries_sensitivity,ood_low_concentration,low,test,hexane:16,hexane:0.07
including_summaries_sensitivity,ood_low_concentration,low,test,hexane:17,hexane:0.07
including_summaries_sensitivity,ood_low_concentration,low,test,hexane:18,hexane:0.07
including_summaries_sensitivity,ood_low_concentration,low,test,hexane:19,hexane:0.07
including_summaries_sensitivity,ood_low_concentration,low,test,hexane:20,hexane:0.09
including_summaries_sensitivity,ood_low_concentration,low,test,hexane:21,hexane:0.09
including_summaries_sensitivity,ood_low_concentration,low,test,hexane:22,hexane:0.09
including_summaries_sensitivity,ood_low_concentration,low,test,toluene:2,toluene:0.0025
including_summaries_sensitivity,ood_low_concentration,low,test,toluene:3,toluene:0.005
including_summaries_sensitivity,ood_low_concentration,low,test,toluene:4,toluene:0.01
including_summaries_sensitivity,ood_low_concentration,low,test,toluene:17,toluene:0.0025
including_summaries_sensitivity,ood_low_concentration,low,test,toluene:18,toluene:0.0025
including_summaries_sensitivity,ood_low_concentration,low,test,toluene:19,toluene:0.0025
including_summaries_sensitivity,ood_low_concentration,low,test,toluene:20,toluene:0.005
including_summaries_sensitivity,ood_low_concentration,low,test,toluene:21,toluene:0.005
including_summaries_sensitivity,ood_low_concentration,low,test,toluene:22,toluene:0.005
including_summaries_sensitivity,ood_low_concentration,low,test,toluene:23,toluene:0.01
including_summaries_sensitivity,ood_low_concentration,low,test,toluene:24,toluene:0.01
including_summaries_sensitivity,ood_low_concentration,low,test,toluene:25,toluene:0.01
including_summaries_sensitivity,ood_low_concentration,low,test,ethyl_acetate:2,ethyl_acetate:0.1
including_summaries_sensitivity,ood_low_concentration,low,test,ethyl_acetate:3,ethyl_acetate:0.1
including_summaries_sensitivity,ood_low_concentration,low,test,ethyl_acetate:4,ethyl_acetate:0.1
including_summaries_sensitivity,ood_low_concentration,low,test,ethyl_acetate:5,ethyl_acetate:0.15
including_summaries_sensitivity,ood_low_concentration,low,test,ethyl_acetate:6,ethyl_acetate:0.15
including_summaries_sensitivity,ood_low_concentration,low,test,ethyl_acetate:7,ethyl_acetate:0.15
including_summaries_sensitivity,ood_low_concentration,low,test,ethyl_acetate:14,ethyl_acetate:0.1
including_summaries_sensitivity,ood_low_concentration,low,test,ethyl_acetate:15,ethyl_acetate:0.1
including_summaries_sensitivity,ood_low_concentration,low,test,ethyl_acetate:16,ethyl_acetate:0.1
including_summaries_sensitivity,ood_high_concentration,high,proper_train,hexane:2,hexane:0.02
including_summaries_sensitivity,ood_high_concentration,high,proper_train,hexane:3,hexane:0.02
including_summaries_sensitivity,ood_high_concentration,high,proper_train,hexane:4,hexane:0.02
including_summaries_sensitivity,ood_high_concentration,high,proper_train,hexane:5,hexane:0.02
including_summaries_sensitivity,ood_high_concentration,high,proper_train,hexane:6,hexane:0.02
including_summaries_sensitivity,ood_high_concentration,high,proper_train,hexane:7,hexane:0.02
including_summaries_sensitivity,ood_high_concentration,high,proper_train,hexane:20,hexane:0.09
including_summaries_sensitivity,ood_high_concentration,high,proper_train,hexane:21,hexane:0.09
including_summaries_sensitivity,ood_high_concentration,high,proper_train,hexane:22,hexane:0.09
including_summaries_sensitivity,ood_high_concentration,high,proper_train,hexane:23,hexane:0.1
including_summaries_sensitivity,ood_high_concentration,high,proper_train,hexane:24,hexane:0.1
including_summaries_sensitivity,ood_high_concentration,high,proper_train,hexane:25,hexane:0.1
including_summaries_sensitivity,ood_high_concentration,high,proper_train,hexane:26,hexane:0.1
including_summaries_sensitivity,ood_high_concentration,high,proper_train,hexane:27,hexane:0.1
including_summaries_sensitivity,ood_high_concentration,high,proper_train,hexane:28,hexane:0.1
including_summaries_sensitivity,ood_high_concentration,high,proper_train,hexane:32,hexane:0.25
including_summaries_sensitivity,ood_high_concentration,high,proper_train,hexane:33,hexane:0.25
including_summaries_sensitivity,ood_high_concentration,high,proper_train,hexane:34,hexane:0.25
including_summaries_sensitivity,ood_high_concentration,high,proper_train,hexane:35,hexane:0.5
including_summaries_sensitivity,ood_high_concentration,high,proper_train,hexane:36,hexane:0.5
including_summaries_sensitivity,ood_high_concentration,high,proper_train,hexane:37,hexane:0.5
including_summaries_sensitivity,ood_high_concentration,high,proper_train,hexane:41,hexane:1.5
including_summaries_sensitivity,ood_high_concentration,high,proper_train,hexane:42,hexane:1.5
including_summaries_sensitivity,ood_high_concentration,high,proper_train,hexane:43,hexane:1.5
including_summaries_sensitivity,ood_high_concentration,high,proper_train,hexane:47,hexane:2.5
including_summaries_sensitivity,ood_high_concentration,high,proper_train,hexane:48,hexane:2.5
including_summaries_sensitivity,ood_high_concentration,high,proper_train,hexane:49,hexane:2.5
including_summaries_sensitivity,ood_high_concentration,high,proper_train,toluene:2,toluene:0.0025
including_summaries_sensitivity,ood_high_concentration,high,proper_train,toluene:3,toluene:0.005
including_summaries_sensitivity,ood_high_concentration,high,proper_train,toluene:4,toluene:0.01
including_summaries_sensitivity,ood_high_concentration,high,proper_train,toluene:5,toluene:0.015
including_summaries_sensitivity,ood_high_concentration,high,proper_train,toluene:8,toluene:0.1
including_summaries_sensitivity,ood_high_concentration,high,proper_train,toluene:9,toluene:0.25
including_summaries_sensitivity,ood_high_concentration,high,proper_train,toluene:11,toluene:0.9
including_summaries_sensitivity,ood_high_concentration,high,proper_train,toluene:13,toluene:2
including_summaries_sensitivity,ood_high_concentration,high,proper_train,toluene:17,toluene:0.0025
including_summaries_sensitivity,ood_high_concentration,high,proper_train,toluene:18,toluene:0.0025
including_summaries_sensitivity,ood_high_concentration,high,proper_train,toluene:19,toluene:0.0025
including_summaries_sensitivity,ood_high_concentration,high,proper_train,toluene:20,toluene:0.005
including_summaries_sensitivity,ood_high_concentration,high,proper_train,toluene:21,toluene:0.005
including_summaries_sensitivity,ood_high_concentration,high,proper_train,toluene:22,toluene:0.005
including_summaries_sensitivity,ood_high_concentration,high,proper_train,toluene:23,toluene:0.01
including_summaries_sensitivity,ood_high_concentration,high,proper_train,toluene:24,toluene:0.01
including_summaries_sensitivity,ood_high_concentration,high,proper_train,toluene:25,toluene:0.01
including_summaries_sensitivity,ood_high_concentration,high,proper_train,toluene:26,toluene:0.015
including_summaries_sensitivity,ood_high_concentration,high,proper_train,toluene:27,toluene:0.015
including_summaries_sensitivity,ood_high_concentration,high,proper_train,toluene:28,toluene:0.015
including_summaries_sensitivity,ood_high_concentration,high,proper_train,toluene:35,toluene:0.1
including_summaries_sensitivity,ood_high_concentration,high,proper_train,toluene:36,toluene:0.1
including_summaries_sensitivity,ood_high_concentration,high,proper_train,toluene:37,toluene:0.1
including_summaries_sensitivity,ood_high_concentration,high,proper_train,toluene:38,toluene:0.25
including_summaries_sensitivity,ood_high_concentration,high,proper_train,toluene:39,toluene:0.25
including_summaries_sensitivity,ood_high_concentration,high,proper_train,toluene:40,toluene:0.25
including_summaries_sensitivity,ood_high_concentration,high,proper_train,ethyl_acetate:5,ethyl_acetate:0.15
including_summaries_sensitivity,ood_high_concentration,high,proper_train,ethyl_acetate:6,ethyl_acetate:0.15
including_summaries_sensitivity,ood_high_concentration,high,proper_train,ethyl_acetate:7,ethyl_acetate:0.15
including_summaries_sensitivity,ood_high_concentration,high,proper_train,ethyl_acetate:8,ethyl_acetate:0.25
including_summaries_sensitivity,ood_high_concentration,high,proper_train,ethyl_acetate:9,ethyl_acetate:0.25
including_summaries_sensitivity,ood_high_concentration,high,proper_train,ethyl_acetate:10,ethyl_acetate:0.25
including_summaries_sensitivity,ood_high_concentration,high,proper_train,ethyl_acetate:11,ethyl_acetate:0.5
including_summaries_sensitivity,ood_high_concentration,high,proper_train,ethyl_acetate:12,ethyl_acetate:0.5
including_summaries_sensitivity,ood_high_concentration,high,proper_train,ethyl_acetate:13,ethyl_acetate:0.5
including_summaries_sensitivity,ood_high_concentration,high,proper_train,ethyl_acetate:17,ethyl_acetate:0.25
including_summaries_sensitivity,ood_high_concentration,high,proper_train,ethyl_acetate:18,ethyl_acetate:0.25
including_summaries_sensitivity,ood_high_concentration,high,proper_train,ethyl_acetate:19,ethyl_acetate:0.25
including_summaries_sensitivity,ood_high_concentration,high,proper_train,ethyl_acetate:23,ethyl_acetate:2
including_summaries_sensitivity,ood_high_concentration,high,proper_train,ethyl_acetate:24,ethyl_acetate:2
including_summaries_sensitivity,ood_high_concentration,high,proper_train,ethyl_acetate:25,ethyl_acetate:2
including_summaries_sensitivity,ood_high_concentration,high,proper_train,ethyl_acetate:26,ethyl_acetate:3
including_summaries_sensitivity,ood_high_concentration,high,proper_train,ethyl_acetate:27,ethyl_acetate:3
including_summaries_sensitivity,ood_high_concentration,high,proper_train,ethyl_acetate:28,ethyl_acetate:3
including_summaries_sensitivity,ood_high_concentration,high,calibration,hexane:8,hexane:0.05
including_summaries_sensitivity,ood_high_concentration,high,calibration,hexane:9,hexane:0.05
including_summaries_sensitivity,ood_high_concentration,high,calibration,hexane:10,hexane:0.05
including_summaries_sensitivity,ood_high_concentration,high,calibration,hexane:11,hexane:0.05
including_summaries_sensitivity,ood_high_concentration,high,calibration,hexane:12,hexane:0.05
including_summaries_sensitivity,ood_high_concentration,high,calibration,hexane:13,hexane:0.05
including_summaries_sensitivity,ood_high_concentration,high,calibration,hexane:14,hexane:0.07
including_summaries_sensitivity,ood_high_concentration,high,calibration,hexane:15,hexane:0.07
including_summaries_sensitivity,ood_high_concentration,high,calibration,hexane:16,hexane:0.07
including_summaries_sensitivity,ood_high_concentration,high,calibration,hexane:17,hexane:0.07
including_summaries_sensitivity,ood_high_concentration,high,calibration,hexane:18,hexane:0.07
including_summaries_sensitivity,ood_high_concentration,high,calibration,hexane:19,hexane:0.07
including_summaries_sensitivity,ood_high_concentration,high,calibration,hexane:29,hexane:0.15
including_summaries_sensitivity,ood_high_concentration,high,calibration,hexane:30,hexane:0.15
including_summaries_sensitivity,ood_high_concentration,high,calibration,hexane:31,hexane:0.15
including_summaries_sensitivity,ood_high_concentration,high,calibration,hexane:38,hexane:1
including_summaries_sensitivity,ood_high_concentration,high,calibration,hexane:39,hexane:1
including_summaries_sensitivity,ood_high_concentration,high,calibration,hexane:40,hexane:1
including_summaries_sensitivity,ood_high_concentration,high,calibration,hexane:44,hexane:2
including_summaries_sensitivity,ood_high_concentration,high,calibration,hexane:45,hexane:2
including_summaries_sensitivity,ood_high_concentration,high,calibration,hexane:46,hexane:2
including_summaries_sensitivity,ood_high_concentration,high,calibration,toluene:6,toluene:0.025
including_summaries_sensitivity,ood_high_concentration,high,calibration,toluene:7,toluene:0.05
including_summaries_sensitivity,ood_high_concentration,high,calibration,toluene:10,toluene:0.5
including_summaries_sensitivity,ood_high_concentration,high,calibration,toluene:12,toluene:1.5
including_summaries_sensitivity,ood_high_concentration,high,calibration,toluene:29,toluene:0.025
including_summaries_sensitivity,ood_high_concentration,high,calibration,toluene:30,toluene:0.025
including_summaries_sensitivity,ood_high_concentration,high,calibration,toluene:31,toluene:0.025
including_summaries_sensitivity,ood_high_concentration,high,calibration,toluene:32,toluene:0.05
including_summaries_sensitivity,ood_high_concentration,high,calibration,toluene:33,toluene:0.05
including_summaries_sensitivity,ood_high_concentration,high,calibration,toluene:34,toluene:0.05
including_summaries_sensitivity,ood_high_concentration,high,calibration,ethyl_acetate:2,ethyl_acetate:0.1
including_summaries_sensitivity,ood_high_concentration,high,calibration,ethyl_acetate:3,ethyl_acetate:0.1
including_summaries_sensitivity,ood_high_concentration,high,calibration,ethyl_acetate:4,ethyl_acetate:0.1
including_summaries_sensitivity,ood_high_concentration,high,calibration,ethyl_acetate:14,ethyl_acetate:0.1
including_summaries_sensitivity,ood_high_concentration,high,calibration,ethyl_acetate:15,ethyl_acetate:0.1
including_summaries_sensitivity,ood_high_concentration,high,calibration,ethyl_acetate:16,ethyl_acetate:0.1
including_summaries_sensitivity,ood_high_concentration,high,calibration,ethyl_acetate:20,ethyl_acetate:1
including_summaries_sensitivity,ood_high_concentration,high,calibration,ethyl_acetate:21,ethyl_acetate:1
including_summaries_sensitivity,ood_high_concentration,high,calibration,ethyl_acetate:22,ethyl_acetate:1
including_summaries_sensitivity,ood_high_concentration,high,test,hexane:50,hexane:3
including_summaries_sensitivity,ood_high_concentration,high,test,hexane:51,hexane:3
including_summaries_sensitivity,ood_high_concentration,high,test,hexane:52,hexane:3
including_summaries_sensitivity,ood_high_concentration,high,test,hexane:53,hexane:5
including_summaries_sensitivity,ood_high_concentration,high,test,hexane:54,hexane:5
including_summaries_sensitivity,ood_high_concentration,high,test,hexane:55,hexane:5
including_summaries_sensitivity,ood_high_concentration,high,test,hexane:56,hexane:7
including_summaries_sensitivity,ood_high_concentration,high,test,hexane:57,hexane:7
including_summaries_sensitivity,ood_high_concentration,high,test,hexane:58,hexane:7
including_summaries_sensitivity,ood_high_concentration,high,test,hexane:59,hexane:10
including_summaries_sensitivity,ood_high_concentration,high,test,toluene:14,toluene:10
including_summaries_sensitivity,ood_high_concentration,high,test,toluene:15,toluene:40
including_summaries_sensitivity,ood_high_concentration,high,test,toluene:16,toluene:50
including_summaries_sensitivity,ood_high_concentration,high,test,toluene:41,toluene:10
including_summaries_sensitivity,ood_high_concentration,high,test,toluene:42,toluene:10
including_summaries_sensitivity,ood_high_concentration,high,test,toluene:43,toluene:10
including_summaries_sensitivity,ood_high_concentration,high,test,toluene:45,toluene:40
including_summaries_sensitivity,ood_high_concentration,high,test,toluene:46,toluene:40
including_summaries_sensitivity,ood_high_concentration,high,test,toluene:47,toluene:50
including_summaries_sensitivity,ood_high_concentration,high,test,toluene:48,toluene:50
including_summaries_sensitivity,ood_high_concentration,high,test,toluene:49,toluene:50
including_summaries_sensitivity,ood_high_concentration,high,test,toluene:50,toluene:50
including_summaries_sensitivity,ood_high_concentration,high,test,toluene:51,toluene:50
including_summaries_sensitivity,ood_high_concentration,high,test,toluene:52,toluene:50
including_summaries_sensitivity,ood_high_concentration,high,test,ethyl_acetate:29,ethyl_acetate:5
including_summaries_sensitivity,ood_high_concentration,high,test,ethyl_acetate:30,ethyl_acetate:5
including_summaries_sensitivity,ood_high_concentration,high,test,ethyl_acetate:31,ethyl_acetate:5
including_summaries_sensitivity,ood_high_concentration,high,test,ethyl_acetate:32,ethyl_acetate:10
including_summaries_sensitivity,ood_high_concentration,high,test,ethyl_acetate:33,ethyl_acetate:10
including_summaries_sensitivity,ood_high_concentration,high,test,ethyl_acetate:34,ethyl_acetate:10
