model,MSE,RMSE,MAE,R2
pipeline_synthetic,0.023388959604349037,0.15293449448816,0.12387850363838865,0.2327111636517003
