Model,R2,RMSE,MAE,MSE
BPNN,0.7561337485941576,0.04610089142587803,0.03721494850142294,0.0021252921902605946
KNN,0.7986976846420444,0.04188493607457155,0.0281011975750763,0.001754347869970945
Linear Regression,0.7398078226178726,0.04761903493858362,0.03992214522589206,0.0022675724884820476
Random Forest Regression,0.7861251406490672,0.04317311058895221,0.027137171021184858,0.001863917477925897
