model,MSE,RMSE,MAE,R2
pipeline_optimized,0.0010405207621931986,0.03225710405776065,0.019908528669040547,0.9658650928333293
