model,MSE,RMSE,MAE,R2
pipeline_synthetic,0.0010248044658162255,0.032012567310608274,0.018622698165839915,0.9663806753544326
