model,type,R2,RMSE,MAE,MSE
Bayesian Optimized RF,machine_learning,0.9811232787135902,0.012439442684566988,0.0062125439393321625,0.00015473973430262718
