model,MSE,RMSE,MAE,R2
pipeline,0.0036194654881045642,0.060161993717832894,0.044561264702698326,0.8812612655907027
