record_id,group_id,solvent,concentration_g_l,cohort,protocol,fold,model,actual,prediction
ethyl_acetate:11,ethyl_acetate:0.5,ethyl_acetate,0.5,primary,grouped_cv,1,fixed_lld,1.27,0.5429579277457717
ethyl_acetate:12,ethyl_acetate:0.5,ethyl_acetate,0.5,primary,grouped_cv,1,fixed_lld,1.23,0.5429579277457717
ethyl_acetate:13,ethyl_acetate:0.5,ethyl_acetate,0.5,primary,grouped_cv,1,fixed_lld,1.17,0.5429579277457717
ethyl_acetate:32,ethyl_acetate:10,ethyl_acetate,10.0,primary,grouped_cv,1,fixed_lld,2.43,10.753351368995746
ethyl_acetate:33,ethyl_acetate:10,ethyl_acetate,10.0,primary,grouped_cv,1,fixed_lld,2.5700000000000003,10.753351368995746
ethyl_acetate:34,ethyl_acetate:10,ethyl_acetate,10.0,primary,grouped_cv,1,fixed_lld,3.18,10.753351368995746
ethyl_acetate:11,ethyl_acetate:0.5,ethyl_acetate,0.5,primary,grouped_cv,1,local_mean,1.27,0.8609523809523809
ethyl_acetate:12,ethyl_acetate:0.5,ethyl_acetate,0.5,primary,grouped_cv,1,local_mean,1.23,0.8609523809523809
ethyl_acetate:13,ethyl_acetate:0.5,ethyl_acetate,0.5,primary,grouped_cv,1,local_mean,1.17,0.8609523809523809
ethyl_acetate:32,ethyl_acetate:10,ethyl_acetate,10.0,primary,grouped_cv,1,local_mean,2.43,0.8609523809523809
ethyl_acetate:33,ethyl_acetate:10,ethyl_acetate,10.0,primary,grouped_cv,1,local_mean,2.5700000000000003,0.8609523809523809
ethyl_acetate:34,ethyl_acetate:10,ethyl_acetate,10.0,primary,grouped_cv,1,local_mean,3.18,0.8609523809523809
ethyl_acetate:11,ethyl_acetate:0.5,ethyl_acetate,0.5,primary,grouped_cv,1,scaled_lld,1.27,0.1747084111056573
ethyl_acetate:12,ethyl_acetate:0.5,ethyl_acetate,0.5,primary,grouped_cv,1,scaled_lld,1.23,0.1747084111056573
ethyl_acetate:13,ethyl_acetate:0.5,ethyl_acetate,0.5,primary,grouped_cv,1,scaled_lld,1.17,0.1747084111056573
ethyl_acetate:32,ethyl_acetate:10,ethyl_acetate,10.0,primary,grouped_cv,1,scaled_lld,2.43,3.460122480461788
ethyl_acetate:33,ethyl_acetate:10,ethyl_acetate,10.0,primary,grouped_cv,1,scaled_lld,2.5700000000000003,3.460122480461788
ethyl_acetate:34,ethyl_acetate:10,ethyl_acetate,10.0,primary,grouped_cv,1,scaled_lld,3.18,3.460122480461788
ethyl_acetate:11,ethyl_acetate:0.5,ethyl_acetate,0.5,primary,grouped_cv,1,saturating_mobile,1.27,0.8561148436429995
ethyl_acetate:12,ethyl_acetate:0.5,ethyl_acetate,0.5,primary,grouped_cv,1,saturating_mobile,1.23,0.8561148436429995
ethyl_acetate:13,ethyl_acetate:0.5,ethyl_acetate,0.5,primary,grouped_cv,1,saturating_mobile,1.17,0.8561148436429995
ethyl_acetate:32,ethyl_acetate:10,ethyl_acetate,10.0,primary,grouped_cv,1,saturating_mobile,2.43,1.192623760393738
ethyl_acetate:33,ethyl_acetate:10,ethyl_acetate,10.0,primary,grouped_cv,1,saturating_mobile,2.5700000000000003,1.192623760393738
ethyl_acetate:34,ethyl_acetate:10,ethyl_acetate,10.0,primary,grouped_cv,1,saturating_mobile,3.18,1.192623760393738
hexane:23,hexane:0.1,hexane,0.1,primary,grouped_cv,1,fixed_lld,0.41,0.12399177989955329
hexane:24,hexane:0.1,hexane,0.1,primary,grouped_cv,1,fixed_lld,0.42,0.12399177989955329
hexane:25,hexane:0.1,hexane,0.1,primary,grouped_cv,1,fixed_lld,0.43,0.12399177989955329
hexane:26,hexane:0.1,hexane,0.1,primary,grouped_cv,1,fixed_lld,0.31,0.12399177989955329
hexane:27,hexane:0.1,hexane,0.1,primary,grouped_cv,1,fixed_lld,0.29,0.12399177989955329
hexane:28,hexane:0.1,hexane,0.1,primary,grouped_cv,1,fixed_lld,0.31,0.12399177989955329
hexane:41,hexane:1.5,hexane,1.5,primary,grouped_cv,1,fixed_lld,2.22,1.8571826194680634
hexane:42,hexane:1.5,hexane,1.5,primary,grouped_cv,1,fixed_lld,2.22,1.8571826194680634
hexane:43,hexane:1.5,hexane,1.5,primary,grouped_cv,1,fixed_lld,2.21,1.8571826194680634
hexane:50,hexane:3,hexane,3.0,primary,grouped_cv,1,fixed_lld,3.73,3.7086095076774446
hexane:51,hexane:3,hexane,3.0,primary,grouped_cv,1,fixed_lld,3.65,3.7086095076774446
hexane:52,hexane:3,hexane,3.0,primary,grouped_cv,1,fixed_lld,3.64,3.7086095076774446
hexane:23,hexane:0.1,hexane,0.1,primary,grouped_cv,1,local_mean,0.41,2.9137179487179483
hexane:24,hexane:0.1,hexane,0.1,primary,grouped_cv,1,local_mean,0.42,2.9137179487179483
hexane:25,hexane:0.1,hexane,0.1,primary,grouped_cv,1,local_mean,0.43,2.9137179487179483
hexane:26,hexane:0.1,hexane,0.1,primary,grouped_cv,1,local_mean,0.31,2.9137179487179483
hexane:27,hexane:0.1,hexane,0.1,primary,grouped_cv,1,local_mean,0.29,2.9137179487179483
hexane:28,hexane:0.1,hexane,0.1,primary,grouped_cv,1,local_mean,0.31,2.9137179487179483
hexane:41,hexane:1.5,hexane,1.5,primary,grouped_cv,1,local_mean,2.22,2.9137179487179483
hexane:42,hexane:1.5,hexane,1.5,primary,grouped_cv,1,local_mean,2.22,2.9137179487179483
hexane:43,hexane:1.5,hexane,1.5,primary,grouped_cv,1,local_mean,2.21,2.9137179487179483
hexane:50,hexane:3,hexane,3.0,primary,grouped_cv,1,local_mean,3.73,2.9137179487179483
hexane:51,hexane:3,hexane,3.0,primary,grouped_cv,1,local_mean,3.65,2.9137179487179483
hexane:52,hexane:3,hexane,3.0,primary,grouped_cv,1,local_mean,3.64,2.9137179487179483
hexane:23,hexane:0.1,hexane,0.1,primary,grouped_cv,1,scaled_lld,0.41,0.1287202630180359
hexane:24,hexane:0.1,hexane,0.1,primary,grouped_cv,1,scaled_lld,0.42,0.1287202630180359
hexane:25,hexane:0.1,hexane,0.1,primary,grouped_cv,1,scaled_lld,0.43,0.1287202630180359
hexane:26,hexane:0.1,hexane,0.1,primary,grouped_cv,1,scaled_lld,0.31,0.1287202630180359
hexane:27,hexane:0.1,hexane,0.1,primary,grouped_cv,1,scaled_lld,0.29,0.1287202630180359
hexane:28,hexane:0.1,hexane,0.1,primary,grouped_cv,1,scaled_lld,0.31,0.1287202630180359
hexane:41,hexane:1.5,hexane,1.5,primary,grouped_cv,1,scaled_lld,2.22,1.9280071263120504
hexane:42,hexane:1.5,hexane,1.5,primary,grouped_cv,1,scaled_lld,2.22,1.9280071263120504
hexane:43,hexane:1.5,hexane,1.5,primary,grouped_cv,1,scaled_lld,2.21,1.9280071263120504
hexane:50,hexane:3,hexane,3.0,primary,grouped_cv,1,scaled_lld,3.73,3.8500390239268527
hexane:51,hexane:3,hexane,3.0,primary,grouped_cv,1,scaled_lld,3.65,3.8500390239268527
hexane:52,hexane:3,hexane,3.0,primary,grouped_cv,1,scaled_lld,3.64,3.8500390239268527
hexane:23,hexane:0.1,hexane,0.1,primary,grouped_cv,1,saturating_mobile,0.41,0.12987670259071415
hexane:24,hexane:0.1,hexane,0.1,primary,grouped_cv,1,saturating_mobile,0.42,0.12987670259071415
hexane:25,hexane:0.1,hexane,0.1,primary,grouped_cv,1,saturating_mobile,0.43,0.12987670259071415
hexane:26,hexane:0.1,hexane,0.1,primary,grouped_cv,1,saturating_mobile,0.31,0.12987670259071415
hexane:27,hexane:0.1,hexane,0.1,primary,grouped_cv,1,saturating_mobile,0.29,0.12987670259071415
hexane:28,hexane:0.1,hexane,0.1,primary,grouped_cv,1,saturating_mobile,0.31,0.12987670259071415
hexane:41,hexane:1.5,hexane,1.5,primary,grouped_cv,1,saturating_mobile,2.22,1.9422226959177051
hexane:42,hexane:1.5,hexane,1.5,primary,grouped_cv,1,saturating_mobile,2.22,1.9422226959177051
hexane:43,hexane:1.5,hexane,1.5,primary,grouped_cv,1,saturating_mobile,2.21,1.9422226959177051
hexane:50,hexane:3,hexane,3.0,primary,grouped_cv,1,saturating_mobile,3.73,3.8718226744758786
hexane:51,hexane:3,hexane,3.0,primary,grouped_cv,1,saturating_mobile,3.65,3.8718226744758786
hexane:52,hexane:3,hexane,3.0,primary,grouped_cv,1,saturating_mobile,3.64,3.8718226744758786
toluene:17,toluene:0.0025,toluene,0.0025,primary,grouped_cv,1,fixed_lld,0.13,0.003674197715243912
toluene:18,toluene:0.0025,toluene,0.0025,primary,grouped_cv,1,fixed_lld,0.14,0.003674197715243912
toluene:19,toluene:0.0025,toluene,0.0025,primary,grouped_cv,1,fixed_lld,0.14,0.003674197715243912
toluene:47,toluene:50,toluene,50.0,primary,grouped_cv,1,fixed_lld,0.2099999999999999,69.86423607299828
toluene:48,toluene:50,toluene,50.0,primary,grouped_cv,1,fixed_lld,0.1899999999999999,69.86423607299828
toluene:49,toluene:50,toluene,50.0,primary,grouped_cv,1,fixed_lld,0.1799999999999999,69.86423607299828
toluene:50,toluene:50,toluene,50.0,primary,grouped_cv,1,fixed_lld,0.17,69.86423607299828
toluene:51,toluene:50,toluene,50.0,primary,grouped_cv,1,fixed_lld,0.14,69.86423607299828
toluene:52,toluene:50,toluene,50.0,primary,grouped_cv,1,fixed_lld,0.12,69.86423607299828
toluene:17,toluene:0.0025,toluene,0.0025,primary,grouped_cv,1,local_mean,0.13,0.1938888888888889
toluene:18,toluene:0.0025,toluene,0.0025,primary,grouped_cv,1,local_mean,0.14,0.1938888888888889
toluene:19,toluene:0.0025,toluene,0.0025,primary,grouped_cv,1,local_mean,0.14,0.1938888888888889
toluene:47,toluene:50,toluene,50.0,primary,grouped_cv,1,local_mean,0.2099999999999999,0.1938888888888889
toluene:48,toluene:50,toluene,50.0,primary,grouped_cv,1,local_mean,0.1899999999999999,0.1938888888888889
toluene:49,toluene:50,toluene,50.0,primary,grouped_cv,1,local_mean,0.1799999999999999,0.1938888888888889
toluene:50,toluene:50,toluene,50.0,primary,grouped_cv,1,local_mean,0.17,0.1938888888888889
toluene:51,toluene:50,toluene,50.0,primary,grouped_cv,1,local_mean,0.14,0.1938888888888889
toluene:52,toluene:50,toluene,50.0,primary,grouped_cv,1,local_mean,0.12,0.1938888888888889
toluene:17,toluene:0.0025,toluene,0.0025,primary,grouped_cv,1,scaled_lld,0.13,1.0215723302001768e-05
toluene:18,toluene:0.0025,toluene,0.0025,primary,grouped_cv,1,scaled_lld,0.14,1.0215723302001768e-05
toluene:19,toluene:0.0025,toluene,0.0025,primary,grouped_cv,1,scaled_lld,0.14,1.0215723302001768e-05
toluene:47,toluene:50,toluene,50.0,primary,grouped_cv,1,scaled_lld,0.2099999999999999,0.1942502172559598
toluene:48,toluene:50,toluene,50.0,primary,grouped_cv,1,scaled_lld,0.1899999999999999,0.1942502172559598
toluene:49,toluene:50,toluene,50.0,primary,grouped_cv,1,scaled_lld,0.1799999999999999,0.1942502172559598
toluene:50,toluene:50,toluene,50.0,primary,grouped_cv,1,scaled_lld,0.17,0.1942502172559598
toluene:51,toluene:50,toluene,50.0,primary,grouped_cv,1,scaled_lld,0.14,0.1942502172559598
toluene:52,toluene:50,toluene,50.0,primary,grouped_cv,1,scaled_lld,0.12,0.1942502172559598
toluene:17,toluene:0.0025,toluene,0.0025,primary,grouped_cv,1,saturating_mobile,0.13,0.12770154885150678
toluene:18,toluene:0.0025,toluene,0.0025,primary,grouped_cv,1,saturating_mobile,0.14,0.12770154885150678
toluene:19,toluene:0.0025,toluene,0.0025,primary,grouped_cv,1,saturating_mobile,0.14,0.12770154885150678
toluene:47,toluene:50,toluene,50.0,primary,grouped_cv,1,saturating_mobile,0.2099999999999999,0.207422768980463
toluene:48,toluene:50,toluene,50.0,primary,grouped_cv,1,saturating_mobile,0.1899999999999999,0.207422768980463
toluene:49,toluene:50,toluene,50.0,primary,grouped_cv,1,saturating_mobile,0.1799999999999999,0.207422768980463
toluene:50,toluene:50,toluene,50.0,primary,grouped_cv,1,saturating_mobile,0.17,0.207422768980463
toluene:51,toluene:50,toluene,50.0,primary,grouped_cv,1,saturating_mobile,0.14,0.207422768980463
toluene:52,toluene:50,toluene,50.0,primary,grouped_cv,1,saturating_mobile,0.12,0.207422768980463
ethyl_acetate:2,ethyl_acetate:0.1,ethyl_acetate,0.1,primary,grouped_cv,2,fixed_lld,0.53,0.10863659294136205
ethyl_acetate:3,ethyl_acetate:0.1,ethyl_acetate,0.1,primary,grouped_cv,2,fixed_lld,0.54,0.10863659294136205
ethyl_acetate:4,ethyl_acetate:0.1,ethyl_acetate,0.1,primary,grouped_cv,2,fixed_lld,0.54,0.10863659294136205
ethyl_acetate:8,ethyl_acetate:0.25,ethyl_acetate,0.25,primary,grouped_cv,2,fixed_lld,0.7200000000000001,0.27154927699484205
ethyl_acetate:9,ethyl_acetate:0.25,ethyl_acetate,0.25,primary,grouped_cv,2,fixed_lld,0.7700000000000001,0.27154927699484205
ethyl_acetate:10,ethyl_acetate:0.25,ethyl_acetate,0.25,primary,grouped_cv,2,fixed_lld,0.7000000000000001,0.27154927699484205
ethyl_acetate:14,ethyl_acetate:0.1,ethyl_acetate,0.1,primary,grouped_cv,2,fixed_lld,0.26,0.10863659294136205
ethyl_acetate:15,ethyl_acetate:0.1,ethyl_acetate,0.1,primary,grouped_cv,2,fixed_lld,0.31,0.10863659294136205
ethyl_acetate:16,ethyl_acetate:0.1,ethyl_acetate,0.1,primary,grouped_cv,2,fixed_lld,0.33,0.10863659294136205
ethyl_acetate:17,ethyl_acetate:0.25,ethyl_acetate,0.25,primary,grouped_cv,2,fixed_lld,0.5,0.27154927699484205
ethyl_acetate:18,ethyl_acetate:0.25,ethyl_acetate,0.25,primary,grouped_cv,2,fixed_lld,0.62,0.27154927699484205
ethyl_acetate:19,ethyl_acetate:0.25,ethyl_acetate,0.25,primary,grouped_cv,2,fixed_lld,0.54,0.27154927699484205
ethyl_acetate:2,ethyl_acetate:0.1,ethyl_acetate,0.1,primary,grouped_cv,2,local_mean,0.53,1.273809523809524
ethyl_acetate:3,ethyl_acetate:0.1,ethyl_acetate,0.1,primary,grouped_cv,2,local_mean,0.54,1.273809523809524
ethyl_acetate:4,ethyl_acetate:0.1,ethyl_acetate,0.1,primary,grouped_cv,2,local_mean,0.54,1.273809523809524
ethyl_acetate:8,ethyl_acetate:0.25,ethyl_acetate,0.25,primary,grouped_cv,2,local_mean,0.7200000000000001,1.273809523809524
ethyl_acetate:9,ethyl_acetate:0.25,ethyl_acetate,0.25,primary,grouped_cv,2,local_mean,0.7700000000000001,1.273809523809524
ethyl_acetate:10,ethyl_acetate:0.25,ethyl_acetate,0.25,primary,grouped_cv,2,local_mean,0.7000000000000001,1.273809523809524
ethyl_acetate:14,ethyl_acetate:0.1,ethyl_acetate,0.1,primary,grouped_cv,2,local_mean,0.26,1.273809523809524
ethyl_acetate:15,ethyl_acetate:0.1,ethyl_acetate,0.1,primary,grouped_cv,2,local_mean,0.31,1.273809523809524
ethyl_acetate:16,ethyl_acetate:0.1,ethyl_acetate,0.1,primary,grouped_cv,2,local_mean,0.33,1.273809523809524
ethyl_acetate:17,ethyl_acetate:0.25,ethyl_acetate,0.25,primary,grouped_cv,2,local_mean,0.5,1.273809523809524
ethyl_acetate:18,ethyl_acetate:0.25,ethyl_acetate,0.25,primary,grouped_cv,2,local_mean,0.62,1.273809523809524
ethyl_acetate:19,ethyl_acetate:0.25,ethyl_acetate,0.25,primary,grouped_cv,2,local_mean,0.54,1.273809523809524
ethyl_acetate:2,ethyl_acetate:0.1,ethyl_acetate,0.1,primary,grouped_cv,2,scaled_lld,0.53,0.029907632785911235
ethyl_acetate:3,ethyl_acetate:0.1,ethyl_acetate,0.1,primary,grouped_cv,2,scaled_lld,0.54,0.029907632785911235
ethyl_acetate:4,ethyl_acetate:0.1,ethyl_acetate,0.1,primary,grouped_cv,2,scaled_lld,0.54,0.029907632785911235
ethyl_acetate:8,ethyl_acetate:0.25,ethyl_acetate,0.25,primary,grouped_cv,2,scaled_lld,0.7200000000000001,0.07475746283782164
ethyl_acetate:9,ethyl_acetate:0.25,ethyl_acetate,0.25,primary,grouped_cv,2,scaled_lld,0.7700000000000001,0.07475746283782164
ethyl_acetate:10,ethyl_acetate:0.25,ethyl_acetate,0.25,primary,grouped_cv,2,scaled_lld,0.7000000000000001,0.07475746283782164
ethyl_acetate:14,ethyl_acetate:0.1,ethyl_acetate,0.1,primary,grouped_cv,2,scaled_lld,0.26,0.029907632785911235
ethyl_acetate:15,ethyl_acetate:0.1,ethyl_acetate,0.1,primary,grouped_cv,2,scaled_lld,0.31,0.029907632785911235
ethyl_acetate:16,ethyl_acetate:0.1,ethyl_acetate,0.1,primary,grouped_cv,2,scaled_lld,0.33,0.029907632785911235
ethyl_acetate:17,ethyl_acetate:0.25,ethyl_acetate,0.25,primary,grouped_cv,2,scaled_lld,0.5,0.07475746283782164
ethyl_acetate:18,ethyl_acetate:0.25,ethyl_acetate,0.25,primary,grouped_cv,2,scaled_lld,0.62,0.07475746283782164
ethyl_acetate:19,ethyl_acetate:0.25,ethyl_acetate,0.25,primary,grouped_cv,2,scaled_lld,0.54,0.07475746283782164
ethyl_acetate:2,ethyl_acetate:0.1,ethyl_acetate,0.1,primary,grouped_cv,2,saturating_mobile,0.53,0.07566629876967369
ethyl_acetate:3,ethyl_acetate:0.1,ethyl_acetate,0.1,primary,grouped_cv,2,saturating_mobile,0.54,0.07566629876967369
ethyl_acetate:4,ethyl_acetate:0.1,ethyl_acetate,0.1,primary,grouped_cv,2,saturating_mobile,0.54,0.07566629876967369
ethyl_acetate:8,ethyl_acetate:0.25,ethyl_acetate,0.25,primary,grouped_cv,2,saturating_mobile,0.7200000000000001,0.18324360271367277
ethyl_acetate:9,ethyl_acetate:0.25,ethyl_acetate,0.25,primary,grouped_cv,2,saturating_mobile,0.7700000000000001,0.18324360271367277
ethyl_acetate:10,ethyl_acetate:0.25,ethyl_acetate,0.25,primary,grouped_cv,2,saturating_mobile,0.7000000000000001,0.18324360271367277
ethyl_acetate:14,ethyl_acetate:0.1,ethyl_acetate,0.1,primary,grouped_cv,2,saturating_mobile,0.26,0.07566629876967369
ethyl_acetate:15,ethyl_acetate:0.1,ethyl_acetate,0.1,primary,grouped_cv,2,saturating_mobile,0.31,0.07566629876967369
ethyl_acetate:16,ethyl_acetate:0.1,ethyl_acetate,0.1,primary,grouped_cv,2,saturating_mobile,0.33,0.07566629876967369
ethyl_acetate:17,ethyl_acetate:0.25,ethyl_acetate,0.25,primary,grouped_cv,2,saturating_mobile,0.5,0.18324360271367277
ethyl_acetate:18,ethyl_acetate:0.25,ethyl_acetate,0.25,primary,grouped_cv,2,saturating_mobile,0.62,0.18324360271367277
ethyl_acetate:19,ethyl_acetate:0.25,ethyl_acetate,0.25,primary,grouped_cv,2,saturating_mobile,0.54,0.18324360271367277
hexane:32,hexane:0.25,hexane,0.25,primary,grouped_cv,2,fixed_lld,0.5700000000000001,0.3099312788942214
hexane:33,hexane:0.25,hexane,0.25,primary,grouped_cv,2,fixed_lld,0.5499999999999999,0.3099312788942214
hexane:34,hexane:0.25,hexane,0.25,primary,grouped_cv,2,fixed_lld,0.53,0.3099312788942214
hexane:44,hexane:2,hexane,2.0,primary,grouped_cv,2,fixed_lld,2.9799999999999995,2.4749631185327585
hexane:45,hexane:2,hexane,2.0,primary,grouped_cv,2,fixed_lld,2.96,2.4749631185327585
hexane:46,hexane:2,hexane,2.0,primary,grouped_cv,2,fixed_lld,2.99,2.4749631185327585
hexane:56,hexane:7,hexane,7.0,primary,grouped_cv,2,fixed_lld,9.3,8.617811393697655
hexane:57,hexane:7,hexane,7.0,primary,grouped_cv,2,fixed_lld,9.33,8.617811393697655
hexane:58,hexane:7,hexane,7.0,primary,grouped_cv,2,fixed_lld,9.24,8.617811393697655
hexane:32,hexane:0.25,hexane,0.25,primary,grouped_cv,2,local_mean,0.5700000000000001,2.408717948717949
hexane:33,hexane:0.25,hexane,0.25,primary,grouped_cv,2,local_mean,0.5499999999999999,2.408717948717949
hexane:34,hexane:0.25,hexane,0.25,primary,grouped_cv,2,local_mean,0.53,2.408717948717949
hexane:44,hexane:2,hexane,2.0,primary,grouped_cv,2,local_mean,2.9799999999999995,2.408717948717949
hexane:45,hexane:2,hexane,2.0,primary,grouped_cv,2,local_mean,2.96,2.408717948717949
hexane:46,hexane:2,hexane,2.0,primary,grouped_cv,2,local_mean,2.99,2.408717948717949
hexane:56,hexane:7,hexane,7.0,primary,grouped_cv,2,local_mean,9.3,2.408717948717949
hexane:57,hexane:7,hexane,7.0,primary,grouped_cv,2,local_mean,9.33,2.408717948717949
hexane:58,hexane:7,hexane,7.0,primary,grouped_cv,2,local_mean,9.24,2.408717948717949
hexane:32,hexane:0.25,hexane,0.25,primary,grouped_cv,2,scaled_lld,0.5700000000000001,0.31586412386979795
hexane:33,hexane:0.25,hexane,0.25,primary,grouped_cv,2,scaled_lld,0.5499999999999999,0.31586412386979795
hexane:34,hexane:0.25,hexane,0.25,primary,grouped_cv,2,scaled_lld,0.53,0.31586412386979795
hexane:44,hexane:2,hexane,2.0,primary,grouped_cv,2,scaled_lld,2.9799999999999995,2.522339983994395
hexane:45,hexane:2,hexane,2.0,primary,grouped_cv,2,scaled_lld,2.96,2.522339983994395
hexane:46,hexane:2,hexane,2.0,primary,grouped_cv,2,scaled_lld,2.99,2.522339983994395
hexane:56,hexane:7,hexane,7.0,primary,grouped_cv,2,scaled_lld,9.3,8.782777444268548
hexane:57,hexane:7,hexane,7.0,primary,grouped_cv,2,scaled_lld,9.33,8.782777444268548
hexane:58,hexane:7,hexane,7.0,primary,grouped_cv,2,scaled_lld,9.24,8.782777444268548
hexane:32,hexane:0.25,hexane,0.25,primary,grouped_cv,2,saturating_mobile,0.5700000000000001,0.31362200183075645
hexane:33,hexane:0.25,hexane,0.25,primary,grouped_cv,2,saturating_mobile,0.5499999999999999,0.31362200183075645
hexane:34,hexane:0.25,hexane,0.25,primary,grouped_cv,2,saturating_mobile,0.53,0.31362200183075645
hexane:44,hexane:2,hexane,2.0,primary,grouped_cv,2,saturating_mobile,2.9799999999999995,2.508425326485417
hexane:45,hexane:2,hexane,2.0,primary,grouped_cv,2,saturating_mobile,2.96,2.508425326485417
hexane:46,hexane:2,hexane,2.0,primary,grouped_cv,2,saturating_mobile,2.99,2.508425326485417
hexane:56,hexane:7,hexane,7.0,primary,grouped_cv,2,saturating_mobile,9.3,8.773986420261254
hexane:57,hexane:7,hexane,7.0,primary,grouped_cv,2,saturating_mobile,9.33,8.773986420261254
hexane:58,hexane:7,hexane,7.0,primary,grouped_cv,2,saturating_mobile,9.24,8.773986420261254
toluene:29,toluene:0.025,toluene,0.025,primary,grouped_cv,2,fixed_lld,0.1799999999999999,0.03674112049640852
toluene:30,toluene:0.025,toluene,0.025,primary,grouped_cv,2,fixed_lld,0.18,0.03674112049640852
toluene:31,toluene:0.025,toluene,0.025,primary,grouped_cv,2,fixed_lld,0.17,0.03674112049640852
toluene:45,toluene:40,toluene,40.0,primary,grouped_cv,2,fixed_lld,0.15,56.44752208087026
toluene:46,toluene:40,toluene,40.0,primary,grouped_cv,2,fixed_lld,0.12,56.44752208087026
toluene:29,toluene:0.025,toluene,0.025,primary,grouped_cv,2,local_mean,0.1799999999999999,0.19314814814814815
toluene:30,toluene:0.025,toluene,0.025,primary,grouped_cv,2,local_mean,0.18,0.19314814814814815
toluene:31,toluene:0.025,toluene,0.025,primary,grouped_cv,2,local_mean,0.17,0.19314814814814815
toluene:45,toluene:40,toluene,40.0,primary,grouped_cv,2,local_mean,0.15,0.19314814814814815
toluene:46,toluene:40,toluene,40.0,primary,grouped_cv,2,local_mean,0.12,0.19314814814814815
toluene:29,toluene:0.025,toluene,0.025,primary,grouped_cv,2,scaled_lld,0.1799999999999999,9.798619576899552e-05
toluene:30,toluene:0.025,toluene,0.025,primary,grouped_cv,2,scaled_lld,0.18,9.798619576899552e-05
toluene:31,toluene:0.025,toluene,0.025,primary,grouped_cv,2,scaled_lld,0.17,9.798619576899552e-05
toluene:45,toluene:40,toluene,40.0,primary,grouped_cv,2,scaled_lld,0.15,0.1505418962339899
toluene:46,toluene:40,toluene,40.0,primary,grouped_cv,2,scaled_lld,0.12,0.1505418962339899
toluene:29,toluene:0.025,toluene,0.025,primary,grouped_cv,2,saturating_mobile,0.1799999999999999,0.2024595646713959
toluene:30,toluene:0.025,toluene,0.025,primary,grouped_cv,2,saturating_mobile,0.18,0.2024595646713959
toluene:31,toluene:0.025,toluene,0.025,primary,grouped_cv,2,saturating_mobile,0.17,0.2024595646713959
toluene:45,toluene:40,toluene,40.0,primary,grouped_cv,2,saturating_mobile,0.15,0.21559827057407088
toluene:46,toluene:40,toluene,40.0,primary,grouped_cv,2,saturating_mobile,0.12,0.21559827057407088
ethyl_acetate:20,ethyl_acetate:1,ethyl_acetate,1.0,primary,grouped_cv,3,fixed_lld,0.68,1.0853537872433594
ethyl_acetate:21,ethyl_acetate:1,ethyl_acetate,1.0,primary,grouped_cv,3,fixed_lld,0.68,1.0853537872433594
ethyl_acetate:22,ethyl_acetate:1,ethyl_acetate,1.0,primary,grouped_cv,3,fixed_lld,0.62,1.0853537872433594
ethyl_acetate:26,ethyl_acetate:3,ethyl_acetate,3.0,primary,grouped_cv,3,fixed_lld,1.28,3.249333962222371
ethyl_acetate:27,ethyl_acetate:3,ethyl_acetate,3.0,primary,grouped_cv,3,fixed_lld,1.25,3.249333962222371
ethyl_acetate:28,ethyl_acetate:3,ethyl_acetate,3.0,primary,grouped_cv,3,fixed_lld,1.1,3.249333962222371
ethyl_acetate:20,ethyl_acetate:1,ethyl_acetate,1.0,primary,grouped_cv,3,local_mean,0.68,1.1580952380952383
ethyl_acetate:21,ethyl_acetate:1,ethyl_acetate,1.0,primary,grouped_cv,3,local_mean,0.68,1.1580952380952383
ethyl_acetate:22,ethyl_acetate:1,ethyl_acetate,1.0,primary,grouped_cv,3,local_mean,0.62,1.1580952380952383
ethyl_acetate:26,ethyl_acetate:3,ethyl_acetate,3.0,primary,grouped_cv,3,local_mean,1.28,1.1580952380952383
ethyl_acetate:27,ethyl_acetate:3,ethyl_acetate,3.0,primary,grouped_cv,3,local_mean,1.25,1.1580952380952383
ethyl_acetate:28,ethyl_acetate:3,ethyl_acetate,3.0,primary,grouped_cv,3,local_mean,1.1,1.1580952380952383
ethyl_acetate:20,ethyl_acetate:1,ethyl_acetate,1.0,primary,grouped_cv,3,scaled_lld,0.68,0.2899605841798127
ethyl_acetate:21,ethyl_acetate:1,ethyl_acetate,1.0,primary,grouped_cv,3,scaled_lld,0.68,0.2899605841798127
ethyl_acetate:22,ethyl_acetate:1,ethyl_acetate,1.0,primary,grouped_cv,3,scaled_lld,0.62,0.2899605841798127
ethyl_acetate:26,ethyl_acetate:3,ethyl_acetate,3.0,primary,grouped_cv,3,scaled_lld,1.28,0.8680844761912161
ethyl_acetate:27,ethyl_acetate:3,ethyl_acetate,3.0,primary,grouped_cv,3,scaled_lld,1.25,0.8680844761912161
ethyl_acetate:28,ethyl_acetate:3,ethyl_acetate,3.0,primary,grouped_cv,3,scaled_lld,1.1,0.8680844761912161
ethyl_acetate:20,ethyl_acetate:1,ethyl_acetate,1.0,primary,grouped_cv,3,saturating_mobile,0.68,1.344707286257347
ethyl_acetate:21,ethyl_acetate:1,ethyl_acetate,1.0,primary,grouped_cv,3,saturating_mobile,0.68,1.344707286257347
ethyl_acetate:22,ethyl_acetate:1,ethyl_acetate,1.0,primary,grouped_cv,3,saturating_mobile,0.62,1.344707286257347
ethyl_acetate:26,ethyl_acetate:3,ethyl_acetate,3.0,primary,grouped_cv,3,saturating_mobile,1.28,1.750112755731486
ethyl_acetate:27,ethyl_acetate:3,ethyl_acetate,3.0,primary,grouped_cv,3,saturating_mobile,1.25,1.750112755731486
ethyl_acetate:28,ethyl_acetate:3,ethyl_acetate,3.0,primary,grouped_cv,3,saturating_mobile,1.1,1.750112755731486
hexane:8,hexane:0.05,hexane,0.05,primary,grouped_cv,3,fixed_lld,0.14,0.06199910200562607
hexane:9,hexane:0.05,hexane,0.05,primary,grouped_cv,3,fixed_lld,0.18,0.06199910200562607
hexane:10,hexane:0.05,hexane,0.05,primary,grouped_cv,3,fixed_lld,0.14,0.06199910200562607
hexane:11,hexane:0.05,hexane,0.05,primary,grouped_cv,3,fixed_lld,0.15,0.06199910200562607
hexane:12,hexane:0.05,hexane,0.05,primary,grouped_cv,3,fixed_lld,0.1499999999999999,0.06199910200562607
hexane:13,hexane:0.05,hexane,0.05,primary,grouped_cv,3,fixed_lld,0.1699999999999999,0.06199910200562607
hexane:47,hexane:2.5,hexane,2.5,primary,grouped_cv,3,fixed_lld,2.98,3.092105084781883
hexane:48,hexane:2.5,hexane,2.5,primary,grouped_cv,3,fixed_lld,3.06,3.092105084781883
hexane:49,hexane:2.5,hexane,2.5,primary,grouped_cv,3,fixed_lld,3.01,3.092105084781883
hexane:59,hexane:10,hexane,10.0,primary,grouped_cv,3,fixed_lld,12.67,12.273278644211166
hexane:8,hexane:0.05,hexane,0.05,primary,grouped_cv,3,local_mean,0.14,2.176025641025641
hexane:9,hexane:0.05,hexane,0.05,primary,grouped_cv,3,local_mean,0.18,2.176025641025641
hexane:10,hexane:0.05,hexane,0.05,primary,grouped_cv,3,local_mean,0.14,2.176025641025641
hexane:11,hexane:0.05,hexane,0.05,primary,grouped_cv,3,local_mean,0.15,2.176025641025641
hexane:12,hexane:0.05,hexane,0.05,primary,grouped_cv,3,local_mean,0.1499999999999999,2.176025641025641
hexane:13,hexane:0.05,hexane,0.05,primary,grouped_cv,3,local_mean,0.1699999999999999,2.176025641025641
hexane:47,hexane:2.5,hexane,2.5,primary,grouped_cv,3,local_mean,2.98,2.176025641025641
hexane:48,hexane:2.5,hexane,2.5,primary,grouped_cv,3,local_mean,3.06,2.176025641025641
hexane:49,hexane:2.5,hexane,2.5,primary,grouped_cv,3,local_mean,3.01,2.176025641025641
hexane:59,hexane:10,hexane,10.0,primary,grouped_cv,3,local_mean,12.67,2.176025641025641
hexane:8,hexane:0.05,hexane,0.05,primary,grouped_cv,3,scaled_lld,0.14,0.06498347002540093
hexane:9,hexane:0.05,hexane,0.05,primary,grouped_cv,3,scaled_lld,0.18,0.06498347002540093
hexane:10,hexane:0.05,hexane,0.05,primary,grouped_cv,3,scaled_lld,0.14,0.06498347002540093
hexane:11,hexane:0.05,hexane,0.05,primary,grouped_cv,3,scaled_lld,0.15,0.06498347002540093
hexane:12,hexane:0.05,hexane,0.05,primary,grouped_cv,3,scaled_lld,0.1499999999999999,0.06498347002540093
hexane:13,hexane:0.05,hexane,0.05,primary,grouped_cv,3,scaled_lld,0.1699999999999999,0.06498347002540093
hexane:47,hexane:2.5,hexane,2.5,primary,grouped_cv,3,scaled_lld,2.98,3.24094562005236
hexane:48,hexane:2.5,hexane,2.5,primary,grouped_cv,3,scaled_lld,3.06,3.24094562005236
hexane:49,hexane:2.5,hexane,2.5,primary,grouped_cv,3,scaled_lld,3.01,3.24094562005236
hexane:59,hexane:10,hexane,10.0,primary,grouped_cv,3,scaled_lld,12.67,12.86406107651552
hexane:8,hexane:0.05,hexane,0.05,primary,grouped_cv,3,saturating_mobile,0.14,0.06544710502156714
hexane:9,hexane:0.05,hexane,0.05,primary,grouped_cv,3,saturating_mobile,0.18,0.06544710502156714
hexane:10,hexane:0.05,hexane,0.05,primary,grouped_cv,3,saturating_mobile,0.14,0.06544710502156714
hexane:11,hexane:0.05,hexane,0.05,primary,grouped_cv,3,saturating_mobile,0.15,0.06544710502156714
hexane:12,hexane:0.05,hexane,0.05,primary,grouped_cv,3,saturating_mobile,0.1499999999999999,0.06544710502156714
hexane:13,hexane:0.05,hexane,0.05,primary,grouped_cv,3,saturating_mobile,0.1699999999999999,0.06544710502156714
hexane:47,hexane:2.5,hexane,2.5,primary,grouped_cv,3,saturating_mobile,2.98,3.2537642434318865
hexane:48,hexane:2.5,hexane,2.5,primary,grouped_cv,3,saturating_mobile,3.06,3.2537642434318865
hexane:49,hexane:2.5,hexane,2.5,primary,grouped_cv,3,saturating_mobile,3.01,3.2537642434318865
hexane:59,hexane:10,hexane,10.0,primary,grouped_cv,3,saturating_mobile,12.67,12.792574593882634
toluene:26,toluene:0.015,toluene,0.015,primary,grouped_cv,3,fixed_lld,0.18,0.02204490073649423
toluene:27,toluene:0.015,toluene,0.015,primary,grouped_cv,3,fixed_lld,0.1499999999999999,0.02204490073649423
toluene:28,toluene:0.015,toluene,0.015,primary,grouped_cv,3,fixed_lld,0.16,0.02204490073649423
toluene:35,toluene:0.1,toluene,0.1,primary,grouped_cv,3,fixed_lld,0.15,0.1469530610591509
toluene:36,toluene:0.1,toluene,0.1,primary,grouped_cv,3,fixed_lld,0.19,0.1469530610591509
toluene:37,toluene:0.1,toluene,0.1,primary,grouped_cv,3,fixed_lld,0.18,0.1469530610591509
toluene:41,toluene:10,toluene,10.0,primary,grouped_cv,3,fixed_lld,0.0999999999999999,14.54609222853195
toluene:42,toluene:10,toluene,10.0,primary,grouped_cv,3,fixed_lld,0.0999999999999999,14.54609222853195
toluene:43,toluene:10,toluene,10.0,primary,grouped_cv,3,fixed_lld,0.14,14.54609222853195
toluene:26,toluene:0.015,toluene,0.015,primary,grouped_cv,3,local_mean,0.18,0.2
toluene:27,toluene:0.015,toluene,0.015,primary,grouped_cv,3,local_mean,0.1499999999999999,0.2
toluene:28,toluene:0.015,toluene,0.015,primary,grouped_cv,3,local_mean,0.16,0.2
toluene:35,toluene:0.1,toluene,0.1,primary,grouped_cv,3,local_mean,0.15,0.2
toluene:36,toluene:0.1,toluene,0.1,primary,grouped_cv,3,local_mean,0.19,0.2
toluene:37,toluene:0.1,toluene,0.1,primary,grouped_cv,3,local_mean,0.18,0.2
toluene:41,toluene:10,toluene,10.0,primary,grouped_cv,3,local_mean,0.0999999999999999,0.2
toluene:42,toluene:10,toluene,10.0,primary,grouped_cv,3,local_mean,0.0999999999999999,0.2
toluene:43,toluene:10,toluene,10.0,primary,grouped_cv,3,local_mean,0.14,0.2
toluene:26,toluene:0.015,toluene,0.015,primary,grouped_cv,3,scaled_lld,0.18,5.3370668833529277e-05
toluene:27,toluene:0.015,toluene,0.015,primary,grouped_cv,3,scaled_lld,0.1499999999999999,5.3370668833529277e-05
toluene:28,toluene:0.015,toluene,0.015,primary,grouped_cv,3,scaled_lld,0.16,5.3370668833529277e-05
toluene:35,toluene:0.1,toluene,0.1,primary,grouped_cv,3,scaled_lld,0.15,0.000355773121848432
toluene:36,toluene:0.1,toluene,0.1,primary,grouped_cv,3,scaled_lld,0.19,0.000355773121848432
toluene:37,toluene:0.1,toluene,0.1,primary,grouped_cv,3,scaled_lld,0.18,0.000355773121848432
toluene:41,toluene:10,toluene,10.0,primary,grouped_cv,3,scaled_lld,0.0999999999999999,0.03521606563035094
toluene:42,toluene:10,toluene,10.0,primary,grouped_cv,3,scaled_lld,0.0999999999999999,0.03521606563035094
toluene:43,toluene:10,toluene,10.0,primary,grouped_cv,3,scaled_lld,0.14,0.03521606563035094
toluene:26,toluene:0.015,toluene,0.015,primary,grouped_cv,3,saturating_mobile,0.18,0.20265013559688097
toluene:27,toluene:0.015,toluene,0.015,primary,grouped_cv,3,saturating_mobile,0.1499999999999999,0.20265013559688097
toluene:28,toluene:0.015,toluene,0.015,primary,grouped_cv,3,saturating_mobile,0.16,0.20265013559688097
toluene:35,toluene:0.1,toluene,0.1,primary,grouped_cv,3,saturating_mobile,0.15,0.22372117313810747
toluene:36,toluene:0.1,toluene,0.1,primary,grouped_cv,3,saturating_mobile,0.19,0.22372117313810747
toluene:37,toluene:0.1,toluene,0.1,primary,grouped_cv,3,saturating_mobile,0.18,0.22372117313810747
toluene:41,toluene:10,toluene,10.0,primary,grouped_cv,3,saturating_mobile,0.0999999999999999,0.22786036287753028
toluene:42,toluene:10,toluene,10.0,primary,grouped_cv,3,saturating_mobile,0.0999999999999999,0.22786036287753028
toluene:43,toluene:10,toluene,10.0,primary,grouped_cv,3,saturating_mobile,0.14,0.22786036287753028
ethyl_acetate:23,ethyl_acetate:2,ethyl_acetate,2.0,primary,grouped_cv,4,fixed_lld,0.99,2.168462788990869
ethyl_acetate:24,ethyl_acetate:2,ethyl_acetate,2.0,primary,grouped_cv,4,fixed_lld,1.0299999999999998,2.168462788990869
ethyl_acetate:25,ethyl_acetate:2,ethyl_acetate,2.0,primary,grouped_cv,4,fixed_lld,1.0699999999999998,2.168462788990869
ethyl_acetate:29,ethyl_acetate:5,ethyl_acetate,5.0,primary,grouped_cv,4,fixed_lld,1.5699999999999998,5.404390507613842
ethyl_acetate:30,ethyl_acetate:5,ethyl_acetate,5.0,primary,grouped_cv,4,fixed_lld,1.26,5.404390507613842
ethyl_acetate:31,ethyl_acetate:5,ethyl_acetate,5.0,primary,grouped_cv,4,fixed_lld,1.34,5.404390507613842
ethyl_acetate:23,ethyl_acetate:2,ethyl_acetate,2.0,primary,grouped_cv,4,local_mean,0.99,1.0795238095238096
ethyl_acetate:24,ethyl_acetate:2,ethyl_acetate,2.0,primary,grouped_cv,4,local_mean,1.0299999999999998,1.0795238095238096
ethyl_acetate:25,ethyl_acetate:2,ethyl_acetate,2.0,primary,grouped_cv,4,local_mean,1.0699999999999998,1.0795238095238096
ethyl_acetate:29,ethyl_acetate:5,ethyl_acetate,5.0,primary,grouped_cv,4,local_mean,1.5699999999999998,1.0795238095238096
ethyl_acetate:30,ethyl_acetate:5,ethyl_acetate,5.0,primary,grouped_cv,4,local_mean,1.26,1.0795238095238096
ethyl_acetate:31,ethyl_acetate:5,ethyl_acetate,5.0,primary,grouped_cv,4,local_mean,1.34,1.0795238095238096
ethyl_acetate:23,ethyl_acetate:2,ethyl_acetate,2.0,primary,grouped_cv,4,scaled_lld,0.99,0.593343067105058
ethyl_acetate:24,ethyl_acetate:2,ethyl_acetate,2.0,primary,grouped_cv,4,scaled_lld,1.0299999999999998,0.593343067105058
ethyl_acetate:25,ethyl_acetate:2,ethyl_acetate,2.0,primary,grouped_cv,4,scaled_lld,1.0699999999999998,0.593343067105058
ethyl_acetate:29,ethyl_acetate:5,ethyl_acetate,5.0,primary,grouped_cv,4,scaled_lld,1.5699999999999998,1.4787699636355442
ethyl_acetate:30,ethyl_acetate:5,ethyl_acetate,5.0,primary,grouped_cv,4,scaled_lld,1.26,1.4787699636355442
ethyl_acetate:31,ethyl_acetate:5,ethyl_acetate,5.0,primary,grouped_cv,4,scaled_lld,1.34,1.4787699636355442
ethyl_acetate:23,ethyl_acetate:2,ethyl_acetate,2.0,primary,grouped_cv,4,saturating_mobile,0.99,1.5263623052240252
ethyl_acetate:24,ethyl_acetate:2,ethyl_acetate,2.0,primary,grouped_cv,4,saturating_mobile,1.0299999999999998,1.5263623052240252
ethyl_acetate:25,ethyl_acetate:2,ethyl_acetate,2.0,primary,grouped_cv,4,saturating_mobile,1.0699999999999998,1.5263623052240252
ethyl_acetate:29,ethyl_acetate:5,ethyl_acetate,5.0,primary,grouped_cv,4,saturating_mobile,1.5699999999999998,2.0826366738901863
ethyl_acetate:30,ethyl_acetate:5,ethyl_acetate,5.0,primary,grouped_cv,4,saturating_mobile,1.26,2.0826366738901863
ethyl_acetate:31,ethyl_acetate:5,ethyl_acetate,5.0,primary,grouped_cv,4,saturating_mobile,1.34,2.0826366738901863
hexane:14,hexane:0.07,hexane,0.07,primary,grouped_cv,4,fixed_lld,0.13,0.08679694400068515
hexane:15,hexane:0.07,hexane,0.07,primary,grouped_cv,4,fixed_lld,0.1499999999999999,0.08679694400068515
hexane:16,hexane:0.07,hexane,0.07,primary,grouped_cv,4,fixed_lld,0.1399999999999999,0.08679694400068515
hexane:17,hexane:0.07,hexane,0.07,primary,grouped_cv,4,fixed_lld,0.23,0.08679694400068515
hexane:18,hexane:0.07,hexane,0.07,primary,grouped_cv,4,fixed_lld,0.21,0.08679694400068515
hexane:19,hexane:0.07,hexane,0.07,primary,grouped_cv,4,fixed_lld,0.2199999999999999,0.08679694400068515
hexane:20,hexane:0.09,hexane,0.09,primary,grouped_cv,4,fixed_lld,0.3399999999999999,0.11159375820177701
hexane:21,hexane:0.09,hexane,0.09,primary,grouped_cv,4,fixed_lld,0.3199999999999999,0.11159375820177701
hexane:22,hexane:0.09,hexane,0.09,primary,grouped_cv,4,fixed_lld,0.3299999999999999,0.11159375820177701
hexane:35,hexane:0.5,hexane,0.5,primary,grouped_cv,4,fixed_lld,0.77,0.6197020547957477
hexane:36,hexane:0.5,hexane,0.5,primary,grouped_cv,4,fixed_lld,0.78,0.6197020547957477
hexane:37,hexane:0.5,hexane,0.5,primary,grouped_cv,4,fixed_lld,0.79,0.6197020547957477
hexane:14,hexane:0.07,hexane,0.07,primary,grouped_cv,4,local_mean,0.13,3.295384615384615
hexane:15,hexane:0.07,hexane,0.07,primary,grouped_cv,4,local_mean,0.1499999999999999,3.295384615384615
hexane:16,hexane:0.07,hexane,0.07,primary,grouped_cv,4,local_mean,0.1399999999999999,3.295384615384615
hexane:17,hexane:0.07,hexane,0.07,primary,grouped_cv,4,local_mean,0.23,3.295384615384615
hexane:18,hexane:0.07,hexane,0.07,primary,grouped_cv,4,local_mean,0.21,3.295384615384615
hexane:19,hexane:0.07,hexane,0.07,primary,grouped_cv,4,local_mean,0.2199999999999999,3.295384615384615
hexane:20,hexane:0.09,hexane,0.09,primary,grouped_cv,4,local_mean,0.3399999999999999,3.295384615384615
hexane:21,hexane:0.09,hexane,0.09,primary,grouped_cv,4,local_mean,0.3199999999999999,3.295384615384615
hexane:22,hexane:0.09,hexane,0.09,primary,grouped_cv,4,local_mean,0.3299999999999999,3.295384615384615
hexane:35,hexane:0.5,hexane,0.5,primary,grouped_cv,4,local_mean,0.77,3.295384615384615
hexane:36,hexane:0.5,hexane,0.5,primary,grouped_cv,4,local_mean,0.78,3.295384615384615
hexane:37,hexane:0.5,hexane,0.5,primary,grouped_cv,4,local_mean,0.79,3.295384615384615
hexane:14,hexane:0.07,hexane,0.07,primary,grouped_cv,4,scaled_lld,0.13,0.09004667003456747
hexane:15,hexane:0.07,hexane,0.07,primary,grouped_cv,4,scaled_lld,0.1499999999999999,0.09004667003456747
hexane:16,hexane:0.07,hexane,0.07,primary,grouped_cv,4,scaled_lld,0.1399999999999999,0.09004667003456747
hexane:17,hexane:0.07,hexane,0.07,primary,grouped_cv,4,scaled_lld,0.23,0.09004667003456747
hexane:18,hexane:0.07,hexane,0.07,primary,grouped_cv,4,scaled_lld,0.21,0.09004667003456747
hexane:19,hexane:0.07,hexane,0.07,primary,grouped_cv,4,scaled_lld,0.2199999999999999,0.09004667003456747
hexane:20,hexane:0.09,hexane,0.09,primary,grouped_cv,4,scaled_lld,0.3399999999999999,0.11577189080105633
hexane:21,hexane:0.09,hexane,0.09,primary,grouped_cv,4,scaled_lld,0.3199999999999999,0.11577189080105633
hexane:22,hexane:0.09,hexane,0.09,primary,grouped_cv,4,scaled_lld,0.3299999999999999,0.11577189080105633
hexane:35,hexane:0.5,hexane,0.5,primary,grouped_cv,4,scaled_lld,0.77,0.6429040456481471
hexane:36,hexane:0.5,hexane,0.5,primary,grouped_cv,4,scaled_lld,0.78,0.6429040456481471
hexane:37,hexane:0.5,hexane,0.5,primary,grouped_cv,4,scaled_lld,0.79,0.6429040456481471
hexane:14,hexane:0.07,hexane,0.07,primary,grouped_cv,4,saturating_mobile,0.13,0.09053154536950807
hexane:15,hexane:0.07,hexane,0.07,primary,grouped_cv,4,saturating_mobile,0.1499999999999999,0.09053154536950807
hexane:16,hexane:0.07,hexane,0.07,primary,grouped_cv,4,saturating_mobile,0.1399999999999999,0.09053154536950807
hexane:17,hexane:0.07,hexane,0.07,primary,grouped_cv,4,saturating_mobile,0.23,0.09053154536950807
hexane:18,hexane:0.07,hexane,0.07,primary,grouped_cv,4,saturating_mobile,0.21,0.09053154536950807
hexane:19,hexane:0.07,hexane,0.07,primary,grouped_cv,4,saturating_mobile,0.2199999999999999,0.09053154536950807
hexane:20,hexane:0.09,hexane,0.09,primary,grouped_cv,4,saturating_mobile,0.3399999999999999,0.1163936376019334
hexane:21,hexane:0.09,hexane,0.09,primary,grouped_cv,4,saturating_mobile,0.3199999999999999,0.1163936376019334
hexane:22,hexane:0.09,hexane,0.09,primary,grouped_cv,4,saturating_mobile,0.3299999999999999,0.1163936376019334
hexane:35,hexane:0.5,hexane,0.5,primary,grouped_cv,4,saturating_mobile,0.77,0.6461688696763964
hexane:36,hexane:0.5,hexane,0.5,primary,grouped_cv,4,saturating_mobile,0.78,0.6461688696763964
hexane:37,hexane:0.5,hexane,0.5,primary,grouped_cv,4,saturating_mobile,0.79,0.6461688696763964
toluene:23,toluene:0.01,toluene,0.01,primary,grouped_cv,4,fixed_lld,0.3,0.014696676638396135
toluene:24,toluene:0.01,toluene,0.01,primary,grouped_cv,4,fixed_lld,0.31,0.014696676638396135
toluene:25,toluene:0.01,toluene,0.01,primary,grouped_cv,4,fixed_lld,0.24,0.014696676638396135
toluene:32,toluene:0.05,toluene,0.05,primary,grouped_cv,4,fixed_lld,0.3,0.07348033740644865
toluene:33,toluene:0.05,toluene,0.05,primary,grouped_cv,4,fixed_lld,0.25,0.07348033740644865
toluene:34,toluene:0.05,toluene,0.05,primary,grouped_cv,4,fixed_lld,0.31,0.07348033740644865
toluene:23,toluene:0.01,toluene,0.01,primary,grouped_cv,4,local_mean,0.3,0.16444444444444445
toluene:24,toluene:0.01,toluene,0.01,primary,grouped_cv,4,local_mean,0.31,0.16444444444444445
toluene:25,toluene:0.01,toluene,0.01,primary,grouped_cv,4,local_mean,0.24,0.16444444444444445
toluene:32,toluene:0.05,toluene,0.05,primary,grouped_cv,4,local_mean,0.3,0.16444444444444445
toluene:33,toluene:0.05,toluene,0.05,primary,grouped_cv,4,local_mean,0.25,0.16444444444444445
toluene:34,toluene:0.05,toluene,0.05,primary,grouped_cv,4,local_mean,0.31,0.16444444444444445
toluene:23,toluene:0.01,toluene,0.01,primary,grouped_cv,4,scaled_lld,0.3,3.760449701127393e-05
toluene:24,toluene:0.01,toluene,0.01,primary,grouped_cv,4,scaled_lld,0.31,3.760449701127393e-05
toluene:25,toluene:0.01,toluene,0.01,primary,grouped_cv,4,scaled_lld,0.24,3.760449701127393e-05
toluene:32,toluene:0.05,toluene,0.05,primary,grouped_cv,4,scaled_lld,0.3,0.00018801469178202917
toluene:33,toluene:0.05,toluene,0.05,primary,grouped_cv,4,scaled_lld,0.25,0.00018801469178202917
toluene:34,toluene:0.05,toluene,0.05,primary,grouped_cv,4,scaled_lld,0.31,0.00018801469178202917
toluene:23,toluene:0.01,toluene,0.01,primary,grouped_cv,4,saturating_mobile,0.3,0.15522572423214123
toluene:24,toluene:0.01,toluene,0.01,primary,grouped_cv,4,saturating_mobile,0.31,0.15522572423214123
toluene:25,toluene:0.01,toluene,0.01,primary,grouped_cv,4,saturating_mobile,0.24,0.15522572423214123
toluene:32,toluene:0.05,toluene,0.05,primary,grouped_cv,4,saturating_mobile,0.3,0.17518782251999565
toluene:33,toluene:0.05,toluene,0.05,primary,grouped_cv,4,saturating_mobile,0.25,0.17518782251999565
toluene:34,toluene:0.05,toluene,0.05,primary,grouped_cv,4,saturating_mobile,0.31,0.17518782251999565
ethyl_acetate:5,ethyl_acetate:0.15,ethyl_acetate,0.15,primary,grouped_cv,5,fixed_lld,0.6699999999999999,0.16294644746574394
ethyl_acetate:6,ethyl_acetate:0.15,ethyl_acetate,0.15,primary,grouped_cv,5,fixed_lld,0.6499999999999999,0.16294644746574394
ethyl_acetate:7,ethyl_acetate:0.15,ethyl_acetate,0.15,primary,grouped_cv,5,fixed_lld,0.71,0.16294644746574394
ethyl_acetate:5,ethyl_acetate:0.15,ethyl_acetate,0.15,primary,grouped_cv,5,local_mean,0.6699999999999999,1.1625
ethyl_acetate:6,ethyl_acetate:0.15,ethyl_acetate,0.15,primary,grouped_cv,5,local_mean,0.6499999999999999,1.1625
ethyl_acetate:7,ethyl_acetate:0.15,ethyl_acetate,0.15,primary,grouped_cv,5,local_mean,0.71,1.1625
ethyl_acetate:5,ethyl_acetate:0.15,ethyl_acetate,0.15,primary,grouped_cv,5,scaled_lld,0.6699999999999999,0.04495305649979123
ethyl_acetate:6,ethyl_acetate:0.15,ethyl_acetate,0.15,primary,grouped_cv,5,scaled_lld,0.6499999999999999,0.04495305649979123
ethyl_acetate:7,ethyl_acetate:0.15,ethyl_acetate,0.15,primary,grouped_cv,5,scaled_lld,0.71,0.04495305649979123
ethyl_acetate:5,ethyl_acetate:0.15,ethyl_acetate,0.15,primary,grouped_cv,5,saturating_mobile,0.6699999999999999,0.12373141280291151
ethyl_acetate:6,ethyl_acetate:0.15,ethyl_acetate,0.15,primary,grouped_cv,5,saturating_mobile,0.6499999999999999,0.12373141280291151
ethyl_acetate:7,ethyl_acetate:0.15,ethyl_acetate,0.15,primary,grouped_cv,5,saturating_mobile,0.71,0.12373141280291151
hexane:2,hexane:0.02,hexane,0.02,primary,grouped_cv,5,fixed_lld,0.0399999999999999,0.024800411759561228
hexane:3,hexane:0.02,hexane,0.02,primary,grouped_cv,5,fixed_lld,0.0599999999999999,0.024800411759561228
hexane:4,hexane:0.02,hexane,0.02,primary,grouped_cv,5,fixed_lld,0.0499999999999999,0.024800411759561228
hexane:5,hexane:0.02,hexane,0.02,primary,grouped_cv,5,fixed_lld,0.0899999999999999,0.024800411759561228
hexane:6,hexane:0.02,hexane,0.02,primary,grouped_cv,5,fixed_lld,0.1099999999999999,0.024800411759561228
hexane:7,hexane:0.02,hexane,0.02,primary,grouped_cv,5,fixed_lld,0.09,0.024800411759561228
hexane:29,hexane:0.15,hexane,0.15,primary,grouped_cv,5,fixed_lld,0.5,0.18597803468019306
hexane:30,hexane:0.15,hexane,0.15,primary,grouped_cv,5,fixed_lld,0.52,0.18597803468019306
hexane:31,hexane:0.15,hexane,0.15,primary,grouped_cv,5,fixed_lld,0.48,0.18597803468019306
hexane:38,hexane:1,hexane,1.0,primary,grouped_cv,5,fixed_lld,1.42,1.238762596077214
hexane:39,hexane:1,hexane,1.0,primary,grouped_cv,5,fixed_lld,1.42,1.238762596077214
hexane:40,hexane:1,hexane,1.0,primary,grouped_cv,5,fixed_lld,1.44,1.238762596077214
hexane:53,hexane:5,hexane,5.0,primary,grouped_cv,5,fixed_lld,5.890000000000001,6.168271483559736
hexane:54,hexane:5,hexane,5.0,primary,grouped_cv,5,fixed_lld,5.9,6.168271483559736
hexane:55,hexane:5,hexane,5.0,primary,grouped_cv,5,fixed_lld,6.0,6.168271483559736
hexane:2,hexane:0.02,hexane,0.02,primary,grouped_cv,5,local_mean,0.0399999999999999,3.016666666666666
hexane:3,hexane:0.02,hexane,0.02,primary,grouped_cv,5,local_mean,0.0599999999999999,3.016666666666666
hexane:4,hexane:0.02,hexane,0.02,primary,grouped_cv,5,local_mean,0.0499999999999999,3.016666666666666
hexane:5,hexane:0.02,hexane,0.02,primary,grouped_cv,5,local_mean,0.0899999999999999,3.016666666666666
hexane:6,hexane:0.02,hexane,0.02,primary,grouped_cv,5,local_mean,0.1099999999999999,3.016666666666666
hexane:7,hexane:0.02,hexane,0.02,primary,grouped_cv,5,local_mean,0.09,3.016666666666666
hexane:29,hexane:0.15,hexane,0.15,primary,grouped_cv,5,local_mean,0.5,3.016666666666666
hexane:30,hexane:0.15,hexane,0.15,primary,grouped_cv,5,local_mean,0.52,3.016666666666666
hexane:31,hexane:0.15,hexane,0.15,primary,grouped_cv,5,local_mean,0.48,3.016666666666666
hexane:38,hexane:1,hexane,1.0,primary,grouped_cv,5,local_mean,1.42,3.016666666666666
hexane:39,hexane:1,hexane,1.0,primary,grouped_cv,5,local_mean,1.42,3.016666666666666
hexane:40,hexane:1,hexane,1.0,primary,grouped_cv,5,local_mean,1.44,3.016666666666666
hexane:53,hexane:5,hexane,5.0,primary,grouped_cv,5,local_mean,5.890000000000001,3.016666666666666
hexane:54,hexane:5,hexane,5.0,primary,grouped_cv,5,local_mean,5.9,3.016666666666666
hexane:55,hexane:5,hexane,5.0,primary,grouped_cv,5,local_mean,6.0,3.016666666666666
hexane:2,hexane:0.02,hexane,0.02,primary,grouped_cv,5,scaled_lld,0.0399999999999999,0.02599560518273153
hexane:3,hexane:0.02,hexane,0.02,primary,grouped_cv,5,scaled_lld,0.0599999999999999,0.02599560518273153
hexane:4,hexane:0.02,hexane,0.02,primary,grouped_cv,5,scaled_lld,0.0499999999999999,0.02599560518273153
hexane:5,hexane:0.02,hexane,0.02,primary,grouped_cv,5,scaled_lld,0.0899999999999999,0.02599560518273153
hexane:6,hexane:0.02,hexane,0.02,primary,grouped_cv,5,scaled_lld,0.1099999999999999,0.02599560518273153
hexane:7,hexane:0.02,hexane,0.02,primary,grouped_cv,5,scaled_lld,0.09,0.02599560518273153
hexane:29,hexane:0.15,hexane,0.15,primary,grouped_cv,5,scaled_lld,0.5,0.19494077796280043
hexane:30,hexane:0.15,hexane,0.15,primary,grouped_cv,5,scaled_lld,0.52,0.19494077796280043
hexane:31,hexane:0.15,hexane,0.15,primary,grouped_cv,5,scaled_lld,0.48,0.19494077796280043
hexane:38,hexane:1,hexane,1.0,primary,grouped_cv,5,scaled_lld,1.42,1.2984616414823797
hexane:39,hexane:1,hexane,1.0,primary,grouped_cv,5,scaled_lld,1.42,1.2984616414823797
hexane:40,hexane:1,hexane,1.0,primary,grouped_cv,5,scaled_lld,1.44,1.2984616414823797
hexane:53,hexane:5,hexane,5.0,primary,grouped_cv,5,scaled_lld,5.890000000000001,6.465535802432881
hexane:54,hexane:5,hexane,5.0,primary,grouped_cv,5,scaled_lld,5.9,6.465535802432881
hexane:55,hexane:5,hexane,5.0,primary,grouped_cv,5,scaled_lld,6.0,6.465535802432881
hexane:2,hexane:0.02,hexane,0.02,primary,grouped_cv,5,saturating_mobile,0.0399999999999999,0.027182290766313878
hexane:3,hexane:0.02,hexane,0.02,primary,grouped_cv,5,saturating_mobile,0.0599999999999999,0.027182290766313878
hexane:4,hexane:0.02,hexane,0.02,primary,grouped_cv,5,saturating_mobile,0.0499999999999999,0.027182290766313878
hexane:5,hexane:0.02,hexane,0.02,primary,grouped_cv,5,saturating_mobile,0.0899999999999999,0.027182290766313878
hexane:6,hexane:0.02,hexane,0.02,primary,grouped_cv,5,saturating_mobile,0.1099999999999999,0.027182290766313878
hexane:7,hexane:0.02,hexane,0.02,primary,grouped_cv,5,saturating_mobile,0.09,0.027182290766313878
hexane:29,hexane:0.15,hexane,0.15,primary,grouped_cv,5,saturating_mobile,0.5,0.20368929444638198
hexane:30,hexane:0.15,hexane,0.15,primary,grouped_cv,5,saturating_mobile,0.52,0.20368929444638198
hexane:31,hexane:0.15,hexane,0.15,primary,grouped_cv,5,saturating_mobile,0.48,0.20368929444638198
hexane:38,hexane:1,hexane,1.0,primary,grouped_cv,5,saturating_mobile,1.42,1.3502253261153037
hexane:39,hexane:1,hexane,1.0,primary,grouped_cv,5,saturating_mobile,1.42,1.3502253261153037
hexane:40,hexane:1,hexane,1.0,primary,grouped_cv,5,saturating_mobile,1.44,1.3502253261153037
hexane:53,hexane:5,hexane,5.0,primary,grouped_cv,5,saturating_mobile,5.890000000000001,6.575586811294482
hexane:54,hexane:5,hexane,5.0,primary,grouped_cv,5,saturating_mobile,5.9,6.575586811294482
hexane:55,hexane:5,hexane,5.0,primary,grouped_cv,5,saturating_mobile,6.0,6.575586811294482
toluene:20,toluene:0.005,toluene,0.005,primary,grouped_cv,5,fixed_lld,0.09,0.007348376393292602
toluene:21,toluene:0.005,toluene,0.005,primary,grouped_cv,5,fixed_lld,0.1,0.007348376393292602
toluene:22,toluene:0.005,toluene,0.005,primary,grouped_cv,5,fixed_lld,0.09,0.007348376393292602
toluene:38,toluene:0.25,toluene,0.25,primary,grouped_cv,5,fixed_lld,0.26,0.36732556132656446
toluene:39,toluene:0.25,toluene,0.25,primary,grouped_cv,5,fixed_lld,0.31,0.36732556132656446
toluene:40,toluene:0.25,toluene,0.25,primary,grouped_cv,5,fixed_lld,0.39,0.36732556132656446
toluene:20,toluene:0.005,toluene,0.005,primary,grouped_cv,5,local_mean,0.09,0.18185185185185182
toluene:21,toluene:0.005,toluene,0.005,primary,grouped_cv,5,local_mean,0.1,0.18185185185185182
toluene:22,toluene:0.005,toluene,0.005,primary,grouped_cv,5,local_mean,0.09,0.18185185185185182
toluene:38,toluene:0.25,toluene,0.25,primary,grouped_cv,5,local_mean,0.26,0.18185185185185182
toluene:39,toluene:0.25,toluene,0.25,primary,grouped_cv,5,local_mean,0.31,0.18185185185185182
toluene:40,toluene:0.25,toluene,0.25,primary,grouped_cv,5,local_mean,0.39,0.18185185185185182
toluene:20,toluene:0.005,toluene,0.005,primary,grouped_cv,5,scaled_lld,0.09,1.87200917466831e-05
toluene:21,toluene:0.005,toluene,0.005,primary,grouped_cv,5,scaled_lld,0.1,1.87200917466831e-05
toluene:22,toluene:0.005,toluene,0.005,primary,grouped_cv,5,scaled_lld,0.09,1.87200917466831e-05
toluene:38,toluene:0.25,toluene,0.25,primary,grouped_cv,5,scaled_lld,0.26,0.0009357670104122209
toluene:39,toluene:0.25,toluene,0.25,primary,grouped_cv,5,scaled_lld,0.31,0.0009357670104122209
toluene:40,toluene:0.25,toluene,0.25,primary,grouped_cv,5,scaled_lld,0.39,0.0009357670104122209
toluene:20,toluene:0.005,toluene,0.005,primary,grouped_cv,5,saturating_mobile,0.09,0.17599021803059917
toluene:21,toluene:0.005,toluene,0.005,primary,grouped_cv,5,saturating_mobile,0.1,0.17599021803059917
toluene:22,toluene:0.005,toluene,0.005,primary,grouped_cv,5,saturating_mobile,0.09,0.17599021803059917
toluene:38,toluene:0.25,toluene,0.25,primary,grouped_cv,5,saturating_mobile,0.26,0.18482327716498606
toluene:39,toluene:0.25,toluene,0.25,primary,grouped_cv,5,saturating_mobile,0.31,0.18482327716498606
toluene:40,toluene:0.25,toluene,0.25,primary,grouped_cv,5,saturating_mobile,0.39,0.18482327716498606
ethyl_acetate:2,ethyl_acetate:0.1,ethyl_acetate,0.1,primary,leave_one_solvent_out,ethyl_acetate,fixed_lld,0.53,0.10863659294136205
ethyl_acetate:3,ethyl_acetate:0.1,ethyl_acetate,0.1,primary,leave_one_solvent_out,ethyl_acetate,fixed_lld,0.54,0.10863659294136205
ethyl_acetate:4,ethyl_acetate:0.1,ethyl_acetate,0.1,primary,leave_one_solvent_out,ethyl_acetate,fixed_lld,0.54,0.10863659294136205
ethyl_acetate:5,ethyl_acetate:0.15,ethyl_acetate,0.15,primary,leave_one_solvent_out,ethyl_acetate,fixed_lld,0.6699999999999999,0.16294644746574394
ethyl_acetate:6,ethyl_acetate:0.15,ethyl_acetate,0.15,primary,leave_one_solvent_out,ethyl_acetate,fixed_lld,0.6499999999999999,0.16294644746574394
ethyl_acetate:7,ethyl_acetate:0.15,ethyl_acetate,0.15,primary,leave_one_solvent_out,ethyl_acetate,fixed_lld,0.71,0.16294644746574394
ethyl_acetate:8,ethyl_acetate:0.25,ethyl_acetate,0.25,primary,leave_one_solvent_out,ethyl_acetate,fixed_lld,0.7200000000000001,0.27154927699484205
ethyl_acetate:9,ethyl_acetate:0.25,ethyl_acetate,0.25,primary,leave_one_solvent_out,ethyl_acetate,fixed_lld,0.7700000000000001,0.27154927699484205
ethyl_acetate:10,ethyl_acetate:0.25,ethyl_acetate,0.25,primary,leave_one_solvent_out,ethyl_acetate,fixed_lld,0.7000000000000001,0.27154927699484205
ethyl_acetate:11,ethyl_acetate:0.5,ethyl_acetate,0.5,primary,leave_one_solvent_out,ethyl_acetate,fixed_lld,1.27,0.5429579277457717
ethyl_acetate:12,ethyl_acetate:0.5,ethyl_acetate,0.5,primary,leave_one_solvent_out,ethyl_acetate,fixed_lld,1.23,0.5429579277457717
ethyl_acetate:13,ethyl_acetate:0.5,ethyl_acetate,0.5,primary,leave_one_solvent_out,ethyl_acetate,fixed_lld,1.17,0.5429579277457717
ethyl_acetate:14,ethyl_acetate:0.1,ethyl_acetate,0.1,primary,leave_one_solvent_out,ethyl_acetate,fixed_lld,0.26,0.10863659294136205
ethyl_acetate:15,ethyl_acetate:0.1,ethyl_acetate,0.1,primary,leave_one_solvent_out,ethyl_acetate,fixed_lld,0.31,0.10863659294136205
ethyl_acetate:16,ethyl_acetate:0.1,ethyl_acetate,0.1,primary,leave_one_solvent_out,ethyl_acetate,fixed_lld,0.33,0.10863659294136205
ethyl_acetate:17,ethyl_acetate:0.25,ethyl_acetate,0.25,primary,leave_one_solvent_out,ethyl_acetate,fixed_lld,0.5,0.27154927699484205
ethyl_acetate:18,ethyl_acetate:0.25,ethyl_acetate,0.25,primary,leave_one_solvent_out,ethyl_acetate,fixed_lld,0.62,0.27154927699484205
ethyl_acetate:19,ethyl_acetate:0.25,ethyl_acetate,0.25,primary,leave_one_solvent_out,ethyl_acetate,fixed_lld,0.54,0.27154927699484205
ethyl_acetate:20,ethyl_acetate:1,ethyl_acetate,1.0,primary,leave_one_solvent_out,ethyl_acetate,fixed_lld,0.68,1.0853537872433594
ethyl_acetate:21,ethyl_acetate:1,ethyl_acetate,1.0,primary,leave_one_solvent_out,ethyl_acetate,fixed_lld,0.68,1.0853537872433594
ethyl_acetate:22,ethyl_acetate:1,ethyl_acetate,1.0,primary,leave_one_solvent_out,ethyl_acetate,fixed_lld,0.62,1.0853537872433594
ethyl_acetate:23,ethyl_acetate:2,ethyl_acetate,2.0,primary,leave_one_solvent_out,ethyl_acetate,fixed_lld,0.99,2.168462788990869
ethyl_acetate:24,ethyl_acetate:2,ethyl_acetate,2.0,primary,leave_one_solvent_out,ethyl_acetate,fixed_lld,1.0299999999999998,2.168462788990869
ethyl_acetate:25,ethyl_acetate:2,ethyl_acetate,2.0,primary,leave_one_solvent_out,ethyl_acetate,fixed_lld,1.0699999999999998,2.168462788990869
ethyl_acetate:26,ethyl_acetate:3,ethyl_acetate,3.0,primary,leave_one_solvent_out,ethyl_acetate,fixed_lld,1.28,3.249333962222371
ethyl_acetate:27,ethyl_acetate:3,ethyl_acetate,3.0,primary,leave_one_solvent_out,ethyl_acetate,fixed_lld,1.25,3.249333962222371
ethyl_acetate:28,ethyl_acetate:3,ethyl_acetate,3.0,primary,leave_one_solvent_out,ethyl_acetate,fixed_lld,1.1,3.249333962222371
ethyl_acetate:29,ethyl_acetate:5,ethyl_acetate,5.0,primary,leave_one_solvent_out,ethyl_acetate,fixed_lld,1.5699999999999998,5.404390507613842
ethyl_acetate:30,ethyl_acetate:5,ethyl_acetate,5.0,primary,leave_one_solvent_out,ethyl_acetate,fixed_lld,1.26,5.404390507613842
ethyl_acetate:31,ethyl_acetate:5,ethyl_acetate,5.0,primary,leave_one_solvent_out,ethyl_acetate,fixed_lld,1.34,5.404390507613842
ethyl_acetate:32,ethyl_acetate:10,ethyl_acetate,10.0,primary,leave_one_solvent_out,ethyl_acetate,fixed_lld,2.43,10.753351368995746
ethyl_acetate:33,ethyl_acetate:10,ethyl_acetate,10.0,primary,leave_one_solvent_out,ethyl_acetate,fixed_lld,2.5700000000000003,10.753351368995746
ethyl_acetate:34,ethyl_acetate:10,ethyl_acetate,10.0,primary,leave_one_solvent_out,ethyl_acetate,fixed_lld,3.18,10.753351368995746
ethyl_acetate:2,ethyl_acetate:0.1,ethyl_acetate,0.1,primary,leave_one_solvent_out,ethyl_acetate,local_mean,0.53,1.7103703703703703
ethyl_acetate:3,ethyl_acetate:0.1,ethyl_acetate,0.1,primary,leave_one_solvent_out,ethyl_acetate,local_mean,0.54,1.7103703703703703
ethyl_acetate:4,ethyl_acetate:0.1,ethyl_acetate,0.1,primary,leave_one_solvent_out,ethyl_acetate,local_mean,0.54,1.7103703703703703
ethyl_acetate:5,ethyl_acetate:0.15,ethyl_acetate,0.15,primary,leave_one_solvent_out,ethyl_acetate,local_mean,0.6699999999999999,1.7103703703703703
ethyl_acetate:6,ethyl_acetate:0.15,ethyl_acetate,0.15,primary,leave_one_solvent_out,ethyl_acetate,local_mean,0.6499999999999999,1.7103703703703703
ethyl_acetate:7,ethyl_acetate:0.15,ethyl_acetate,0.15,primary,leave_one_solvent_out,ethyl_acetate,local_mean,0.71,1.7103703703703703
ethyl_acetate:8,ethyl_acetate:0.25,ethyl_acetate,0.25,primary,leave_one_solvent_out,ethyl_acetate,local_mean,0.7200000000000001,1.7103703703703703
ethyl_acetate:9,ethyl_acetate:0.25,ethyl_acetate,0.25,primary,leave_one_solvent_out,ethyl_acetate,local_mean,0.7700000000000001,1.7103703703703703
ethyl_acetate:10,ethyl_acetate:0.25,ethyl_acetate,0.25,primary,leave_one_solvent_out,ethyl_acetate,local_mean,0.7000000000000001,1.7103703703703703
ethyl_acetate:11,ethyl_acetate:0.5,ethyl_acetate,0.5,primary,leave_one_solvent_out,ethyl_acetate,local_mean,1.27,1.7103703703703703
ethyl_acetate:12,ethyl_acetate:0.5,ethyl_acetate,0.5,primary,leave_one_solvent_out,ethyl_acetate,local_mean,1.23,1.7103703703703703
ethyl_acetate:13,ethyl_acetate:0.5,ethyl_acetate,0.5,primary,leave_one_solvent_out,ethyl_acetate,local_mean,1.17,1.7103703703703703
ethyl_acetate:14,ethyl_acetate:0.1,ethyl_acetate,0.1,primary,leave_one_solvent_out,ethyl_acetate,local_mean,0.26,1.7103703703703703
ethyl_acetate:15,ethyl_acetate:0.1,ethyl_acetate,0.1,primary,leave_one_solvent_out,ethyl_acetate,local_mean,0.31,1.7103703703703703
ethyl_acetate:16,ethyl_acetate:0.1,ethyl_acetate,0.1,primary,leave_one_solvent_out,ethyl_acetate,local_mean,0.33,1.7103703703703703
ethyl_acetate:17,ethyl_acetate:0.25,ethyl_acetate,0.25,primary,leave_one_solvent_out,ethyl_acetate,local_mean,0.5,1.7103703703703703
ethyl_acetate:18,ethyl_acetate:0.25,ethyl_acetate,0.25,primary,leave_one_solvent_out,ethyl_acetate,local_mean,0.62,1.7103703703703703
ethyl_acetate:19,ethyl_acetate:0.25,ethyl_acetate,0.25,primary,leave_one_solvent_out,ethyl_acetate,local_mean,0.54,1.7103703703703703
ethyl_acetate:20,ethyl_acetate:1,ethyl_acetate,1.0,primary,leave_one_solvent_out,ethyl_acetate,local_mean,0.68,1.7103703703703703
ethyl_acetate:21,ethyl_acetate:1,ethyl_acetate,1.0,primary,leave_one_solvent_out,ethyl_acetate,local_mean,0.68,1.7103703703703703
ethyl_acetate:22,ethyl_acetate:1,ethyl_acetate,1.0,primary,leave_one_solvent_out,ethyl_acetate,local_mean,0.62,1.7103703703703703
ethyl_acetate:23,ethyl_acetate:2,ethyl_acetate,2.0,primary,leave_one_solvent_out,ethyl_acetate,local_mean,0.99,1.7103703703703703
ethyl_acetate:24,ethyl_acetate:2,ethyl_acetate,2.0,primary,leave_one_solvent_out,ethyl_acetate,local_mean,1.0299999999999998,1.7103703703703703
ethyl_acetate:25,ethyl_acetate:2,ethyl_acetate,2.0,primary,leave_one_solvent_out,ethyl_acetate,local_mean,1.0699999999999998,1.7103703703703703
ethyl_acetate:26,ethyl_acetate:3,ethyl_acetate,3.0,primary,leave_one_solvent_out,ethyl_acetate,local_mean,1.28,1.7103703703703703
ethyl_acetate:27,ethyl_acetate:3,ethyl_acetate,3.0,primary,leave_one_solvent_out,ethyl_acetate,local_mean,1.25,1.7103703703703703
ethyl_acetate:28,ethyl_acetate:3,ethyl_acetate,3.0,primary,leave_one_solvent_out,ethyl_acetate,local_mean,1.1,1.7103703703703703
ethyl_acetate:29,ethyl_acetate:5,ethyl_acetate,5.0,primary,leave_one_solvent_out,ethyl_acetate,local_mean,1.5699999999999998,1.7103703703703703
ethyl_acetate:30,ethyl_acetate:5,ethyl_acetate,5.0,primary,leave_one_solvent_out,ethyl_acetate,local_mean,1.26,1.7103703703703703
ethyl_acetate:31,ethyl_acetate:5,ethyl_acetate,5.0,primary,leave_one_solvent_out,ethyl_acetate,local_mean,1.34,1.7103703703703703
ethyl_acetate:32,ethyl_acetate:10,ethyl_acetate,10.0,primary,leave_one_solvent_out,ethyl_acetate,local_mean,2.43,1.7103703703703703
ethyl_acetate:33,ethyl_acetate:10,ethyl_acetate,10.0,primary,leave_one_solvent_out,ethyl_acetate,local_mean,2.5700000000000003,1.7103703703703703
ethyl_acetate:34,ethyl_acetate:10,ethyl_acetate,10.0,primary,leave_one_solvent_out,ethyl_acetate,local_mean,3.18,1.7103703703703703
ethyl_acetate:2,ethyl_acetate:0.1,ethyl_acetate,0.1,primary,leave_one_solvent_out,ethyl_acetate,scaled_lld,0.53,0.0041849314957838205
ethyl_acetate:3,ethyl_acetate:0.1,ethyl_acetate,0.1,primary,leave_one_solvent_out,ethyl_acetate,scaled_lld,0.54,0.0041849314957838205
ethyl_acetate:4,ethyl_acetate:0.1,ethyl_acetate,0.1,primary,leave_one_solvent_out,ethyl_acetate,scaled_lld,0.54,0.0041849314957838205
ethyl_acetate:5,ethyl_acetate:0.15,ethyl_acetate,0.15,primary,leave_one_solvent_out,ethyl_acetate,scaled_lld,0.6699999999999999,0.006277072040482254
ethyl_acetate:6,ethyl_acetate:0.15,ethyl_acetate,0.15,primary,leave_one_solvent_out,ethyl_acetate,scaled_lld,0.6499999999999999,0.006277072040482254
ethyl_acetate:7,ethyl_acetate:0.15,ethyl_acetate,0.15,primary,leave_one_solvent_out,ethyl_acetate,scaled_lld,0.71,0.006277072040482254
ethyl_acetate:8,ethyl_acetate:0.25,ethyl_acetate,0.25,primary,leave_one_solvent_out,ethyl_acetate,scaled_lld,0.7200000000000001,0.010460702891947591
ethyl_acetate:9,ethyl_acetate:0.25,ethyl_acetate,0.25,primary,leave_one_solvent_out,ethyl_acetate,scaled_lld,0.7700000000000001,0.010460702891947591
ethyl_acetate:10,ethyl_acetate:0.25,ethyl_acetate,0.25,primary,leave_one_solvent_out,ethyl_acetate,scaled_lld,0.7000000000000001,0.010460702891947591
ethyl_acetate:11,ethyl_acetate:0.5,ethyl_acetate,0.5,primary,leave_one_solvent_out,ethyl_acetate,scaled_lld,1.27,0.020915988537446736
ethyl_acetate:12,ethyl_acetate:0.5,ethyl_acetate,0.5,primary,leave_one_solvent_out,ethyl_acetate,scaled_lld,1.23,0.020915988537446736
ethyl_acetate:13,ethyl_acetate:0.5,ethyl_acetate,0.5,primary,leave_one_solvent_out,ethyl_acetate,scaled_lld,1.17,0.020915988537446736
ethyl_acetate:14,ethyl_acetate:0.1,ethyl_acetate,0.1,primary,leave_one_solvent_out,ethyl_acetate,scaled_lld,0.26,0.0041849314957838205
ethyl_acetate:15,ethyl_acetate:0.1,ethyl_acetate,0.1,primary,leave_one_solvent_out,ethyl_acetate,scaled_lld,0.31,0.0041849314957838205
ethyl_acetate:16,ethyl_acetate:0.1,ethyl_acetate,0.1,primary,leave_one_solvent_out,ethyl_acetate,scaled_lld,0.33,0.0041849314957838205
ethyl_acetate:17,ethyl_acetate:0.25,ethyl_acetate,0.25,primary,leave_one_solvent_out,ethyl_acetate,scaled_lld,0.5,0.010460702891947591
ethyl_acetate:18,ethyl_acetate:0.25,ethyl_acetate,0.25,primary,leave_one_solvent_out,ethyl_acetate,scaled_lld,0.62,0.010460702891947591
ethyl_acetate:19,ethyl_acetate:0.25,ethyl_acetate,0.25,primary,leave_one_solvent_out,ethyl_acetate,scaled_lld,0.54,0.010460702891947591
ethyl_acetate:20,ethyl_acetate:1,ethyl_acetate,1.0,primary,leave_one_solvent_out,ethyl_acetate,scaled_lld,0.68,0.041810324912846426
ethyl_acetate:21,ethyl_acetate:1,ethyl_acetate,1.0,primary,leave_one_solvent_out,ethyl_acetate,scaled_lld,0.68,0.041810324912846426
ethyl_acetate:22,ethyl_acetate:1,ethyl_acetate,1.0,primary,leave_one_solvent_out,ethyl_acetate,scaled_lld,0.62,0.041810324912846426
ethyl_acetate:23,ethyl_acetate:2,ethyl_acetate,2.0,primary,leave_one_solvent_out,ethyl_acetate,scaled_lld,0.99,0.08353417552390827
ethyl_acetate:24,ethyl_acetate:2,ethyl_acetate,2.0,primary,leave_one_solvent_out,ethyl_acetate,scaled_lld,1.0299999999999998,0.08353417552390827
ethyl_acetate:25,ethyl_acetate:2,ethyl_acetate,2.0,primary,leave_one_solvent_out,ethyl_acetate,scaled_lld,1.0699999999999998,0.08353417552390827
ethyl_acetate:26,ethyl_acetate:3,ethyl_acetate,3.0,primary,leave_one_solvent_out,ethyl_acetate,scaled_lld,1.28,0.1251718198320547
ethyl_acetate:27,ethyl_acetate:3,ethyl_acetate,3.0,primary,leave_one_solvent_out,ethyl_acetate,scaled_lld,1.25,0.1251718198320547
ethyl_acetate:28,ethyl_acetate:3,ethyl_acetate,3.0,primary,leave_one_solvent_out,ethyl_acetate,scaled_lld,1.1,0.1251718198320547
ethyl_acetate:29,ethyl_acetate:5,ethyl_acetate,5.0,primary,leave_one_solvent_out,ethyl_acetate,scaled_lld,1.5699999999999998,0.20818955600932812
ethyl_acetate:30,ethyl_acetate:5,ethyl_acetate,5.0,primary,leave_one_solvent_out,ethyl_acetate,scaled_lld,1.26,0.20818955600932812
ethyl_acetate:31,ethyl_acetate:5,ethyl_acetate,5.0,primary,leave_one_solvent_out,ethyl_acetate,scaled_lld,1.34,0.20818955600932812
ethyl_acetate:32,ethyl_acetate:10,ethyl_acetate,10.0,primary,leave_one_solvent_out,ethyl_acetate,scaled_lld,2.43,0.4142438345211247
ethyl_acetate:33,ethyl_acetate:10,ethyl_acetate,10.0,primary,leave_one_solvent_out,ethyl_acetate,scaled_lld,2.5700000000000003,0.4142438345211247
ethyl_acetate:34,ethyl_acetate:10,ethyl_acetate,10.0,primary,leave_one_solvent_out,ethyl_acetate,scaled_lld,3.18,0.4142438345211247
ethyl_acetate:2,ethyl_acetate:0.1,ethyl_acetate,0.1,primary,leave_one_solvent_out,ethyl_acetate,saturating_mobile,0.53,0.46123664598368147
ethyl_acetate:3,ethyl_acetate:0.1,ethyl_acetate,0.1,primary,leave_one_solvent_out,ethyl_acetate,saturating_mobile,0.54,0.46123664598368147
ethyl_acetate:4,ethyl_acetate:0.1,ethyl_acetate,0.1,primary,leave_one_solvent_out,ethyl_acetate,saturating_mobile,0.54,0.46123664598368147
ethyl_acetate:5,ethyl_acetate:0.15,ethyl_acetate,0.15,primary,leave_one_solvent_out,ethyl_acetate,saturating_mobile,0.6699999999999999,0.6587173485353331
ethyl_acetate:6,ethyl_acetate:0.15,ethyl_acetate,0.15,primary,leave_one_solvent_out,ethyl_acetate,saturating_mobile,0.6499999999999999,0.6587173485353331
ethyl_acetate:7,ethyl_acetate:0.15,ethyl_acetate,0.15,primary,leave_one_solvent_out,ethyl_acetate,saturating_mobile,0.71,0.6587173485353331
ethyl_acetate:8,ethyl_acetate:0.25,ethyl_acetate,0.25,primary,leave_one_solvent_out,ethyl_acetate,saturating_mobile,0.7200000000000001,1.0018878569271419
ethyl_acetate:9,ethyl_acetate:0.25,ethyl_acetate,0.25,primary,leave_one_solvent_out,ethyl_acetate,saturating_mobile,0.7700000000000001,1.0018878569271419
ethyl_acetate:10,ethyl_acetate:0.25,ethyl_acetate,0.25,primary,leave_one_solvent_out,ethyl_acetate,saturating_mobile,0.7000000000000001,1.0018878569271419
ethyl_acetate:11,ethyl_acetate:0.5,ethyl_acetate,0.5,primary,leave_one_solvent_out,ethyl_acetate,saturating_mobile,1.27,1.644395746027417
ethyl_acetate:12,ethyl_acetate:0.5,ethyl_acetate,0.5,primary,leave_one_solvent_out,ethyl_acetate,saturating_mobile,1.23,1.644395746027417
ethyl_acetate:13,ethyl_acetate:0.5,ethyl_acetate,0.5,primary,leave_one_solvent_out,ethyl_acetate,saturating_mobile,1.17,1.644395746027417
ethyl_acetate:14,ethyl_acetate:0.1,ethyl_acetate,0.1,primary,leave_one_solvent_out,ethyl_acetate,saturating_mobile,0.26,0.46123664598368147
ethyl_acetate:15,ethyl_acetate:0.1,ethyl_acetate,0.1,primary,leave_one_solvent_out,ethyl_acetate,saturating_mobile,0.31,0.46123664598368147
ethyl_acetate:16,ethyl_acetate:0.1,ethyl_acetate,0.1,primary,leave_one_solvent_out,ethyl_acetate,saturating_mobile,0.33,0.46123664598368147
ethyl_acetate:17,ethyl_acetate:0.25,ethyl_acetate,0.25,primary,leave_one_solvent_out,ethyl_acetate,saturating_mobile,0.5,1.0018878569271419
ethyl_acetate:18,ethyl_acetate:0.25,ethyl_acetate,0.25,primary,leave_one_solvent_out,ethyl_acetate,saturating_mobile,0.62,1.0018878569271419
ethyl_acetate:19,ethyl_acetate:0.25,ethyl_acetate,0.25,primary,leave_one_solvent_out,ethyl_acetate,saturating_mobile,0.54,1.0018878569271419
ethyl_acetate:20,ethyl_acetate:1,ethyl_acetate,1.0,primary,leave_one_solvent_out,ethyl_acetate,saturating_mobile,0.68,2.420537825060595
ethyl_acetate:21,ethyl_acetate:1,ethyl_acetate,1.0,primary,leave_one_solvent_out,ethyl_acetate,saturating_mobile,0.68,2.420537825060595
ethyl_acetate:22,ethyl_acetate:1,ethyl_acetate,1.0,primary,leave_one_solvent_out,ethyl_acetate,saturating_mobile,0.62,2.420537825060595
ethyl_acetate:23,ethyl_acetate:2,ethyl_acetate,2.0,primary,leave_one_solvent_out,ethyl_acetate,saturating_mobile,0.99,3.168227196361192
ethyl_acetate:24,ethyl_acetate:2,ethyl_acetate,2.0,primary,leave_one_solvent_out,ethyl_acetate,saturating_mobile,1.0299999999999998,3.168227196361192
ethyl_acetate:25,ethyl_acetate:2,ethyl_acetate,2.0,primary,leave_one_solvent_out,ethyl_acetate,saturating_mobile,1.0699999999999998,3.168227196361192
ethyl_acetate:26,ethyl_acetate:3,ethyl_acetate,3.0,primary,leave_one_solvent_out,ethyl_acetate,saturating_mobile,1.28,3.5318866070032846
ethyl_acetate:27,ethyl_acetate:3,ethyl_acetate,3.0,primary,leave_one_solvent_out,ethyl_acetate,saturating_mobile,1.25,3.5318866070032846
ethyl_acetate:28,ethyl_acetate:3,ethyl_acetate,3.0,primary,leave_one_solvent_out,ethyl_acetate,saturating_mobile,1.1,3.5318866070032846
ethyl_acetate:29,ethyl_acetate:5,ethyl_acetate,5.0,primary,leave_one_solvent_out,ethyl_acetate,saturating_mobile,1.5699999999999998,3.8890002761313576
ethyl_acetate:30,ethyl_acetate:5,ethyl_acetate,5.0,primary,leave_one_solvent_out,ethyl_acetate,saturating_mobile,1.26,3.8890002761313576
ethyl_acetate:31,ethyl_acetate:5,ethyl_acetate,5.0,primary,leave_one_solvent_out,ethyl_acetate,saturating_mobile,1.34,3.8890002761313576
ethyl_acetate:32,ethyl_acetate:10,ethyl_acetate,10.0,primary,leave_one_solvent_out,ethyl_acetate,saturating_mobile,2.43,4.208116385239526
ethyl_acetate:33,ethyl_acetate:10,ethyl_acetate,10.0,primary,leave_one_solvent_out,ethyl_acetate,saturating_mobile,2.5700000000000003,4.208116385239526
ethyl_acetate:34,ethyl_acetate:10,ethyl_acetate,10.0,primary,leave_one_solvent_out,ethyl_acetate,saturating_mobile,3.18,4.208116385239526
hexane:2,hexane:0.02,hexane,0.02,primary,leave_one_solvent_out,hexane,fixed_lld,0.0399999999999999,0.024800411759561228
hexane:3,hexane:0.02,hexane,0.02,primary,leave_one_solvent_out,hexane,fixed_lld,0.0599999999999999,0.024800411759561228
hexane:4,hexane:0.02,hexane,0.02,primary,leave_one_solvent_out,hexane,fixed_lld,0.0499999999999999,0.024800411759561228
hexane:5,hexane:0.02,hexane,0.02,primary,leave_one_solvent_out,hexane,fixed_lld,0.0899999999999999,0.024800411759561228
hexane:6,hexane:0.02,hexane,0.02,primary,leave_one_solvent_out,hexane,fixed_lld,0.1099999999999999,0.024800411759561228
hexane:7,hexane:0.02,hexane,0.02,primary,leave_one_solvent_out,hexane,fixed_lld,0.09,0.024800411759561228
hexane:8,hexane:0.05,hexane,0.05,primary,leave_one_solvent_out,hexane,fixed_lld,0.14,0.06199910200562607
hexane:9,hexane:0.05,hexane,0.05,primary,leave_one_solvent_out,hexane,fixed_lld,0.18,0.06199910200562607
hexane:10,hexane:0.05,hexane,0.05,primary,leave_one_solvent_out,hexane,fixed_lld,0.14,0.06199910200562607
hexane:11,hexane:0.05,hexane,0.05,primary,leave_one_solvent_out,hexane,fixed_lld,0.15,0.06199910200562607
hexane:12,hexane:0.05,hexane,0.05,primary,leave_one_solvent_out,hexane,fixed_lld,0.1499999999999999,0.06199910200562607
hexane:13,hexane:0.05,hexane,0.05,primary,leave_one_solvent_out,hexane,fixed_lld,0.1699999999999999,0.06199910200562607
hexane:14,hexane:0.07,hexane,0.07,primary,leave_one_solvent_out,hexane,fixed_lld,0.13,0.08679694400068515
hexane:15,hexane:0.07,hexane,0.07,primary,leave_one_solvent_out,hexane,fixed_lld,0.1499999999999999,0.08679694400068515
hexane:16,hexane:0.07,hexane,0.07,primary,leave_one_solvent_out,hexane,fixed_lld,0.1399999999999999,0.08679694400068515
hexane:17,hexane:0.07,hexane,0.07,primary,leave_one_solvent_out,hexane,fixed_lld,0.23,0.08679694400068515
hexane:18,hexane:0.07,hexane,0.07,primary,leave_one_solvent_out,hexane,fixed_lld,0.21,0.08679694400068515
hexane:19,hexane:0.07,hexane,0.07,primary,leave_one_solvent_out,hexane,fixed_lld,0.2199999999999999,0.08679694400068515
hexane:20,hexane:0.09,hexane,0.09,primary,leave_one_solvent_out,hexane,fixed_lld,0.3399999999999999,0.11159375820177701
hexane:21,hexane:0.09,hexane,0.09,primary,leave_one_solvent_out,hexane,fixed_lld,0.3199999999999999,0.11159375820177701
hexane:22,hexane:0.09,hexane,0.09,primary,leave_one_solvent_out,hexane,fixed_lld,0.3299999999999999,0.11159375820177701
hexane:23,hexane:0.1,hexane,0.1,primary,leave_one_solvent_out,hexane,fixed_lld,0.41,0.12399177989955329
hexane:24,hexane:0.1,hexane,0.1,primary,leave_one_solvent_out,hexane,fixed_lld,0.42,0.12399177989955329
hexane:25,hexane:0.1,hexane,0.1,primary,leave_one_solvent_out,hexane,fixed_lld,0.43,0.12399177989955329
hexane:26,hexane:0.1,hexane,0.1,primary,leave_one_solvent_out,hexane,fixed_lld,0.31,0.12399177989955329
hexane:27,hexane:0.1,hexane,0.1,primary,leave_one_solvent_out,hexane,fixed_lld,0.29,0.12399177989955329
hexane:28,hexane:0.1,hexane,0.1,primary,leave_one_solvent_out,hexane,fixed_lld,0.31,0.12399177989955329
hexane:29,hexane:0.15,hexane,0.15,primary,leave_one_solvent_out,hexane,fixed_lld,0.5,0.18597803468019306
hexane:30,hexane:0.15,hexane,0.15,primary,leave_one_solvent_out,hexane,fixed_lld,0.52,0.18597803468019306
hexane:31,hexane:0.15,hexane,0.15,primary,leave_one_solvent_out,hexane,fixed_lld,0.48,0.18597803468019306
hexane:32,hexane:0.25,hexane,0.25,primary,leave_one_solvent_out,hexane,fixed_lld,0.5700000000000001,0.3099312788942214
hexane:33,hexane:0.25,hexane,0.25,primary,leave_one_solvent_out,hexane,fixed_lld,0.5499999999999999,0.3099312788942214
hexane:34,hexane:0.25,hexane,0.25,primary,leave_one_solvent_out,hexane,fixed_lld,0.53,0.3099312788942214
hexane:35,hexane:0.5,hexane,0.5,primary,leave_one_solvent_out,hexane,fixed_lld,0.77,0.6197020547957477
hexane:36,hexane:0.5,hexane,0.5,primary,leave_one_solvent_out,hexane,fixed_lld,0.78,0.6197020547957477
hexane:37,hexane:0.5,hexane,0.5,primary,leave_one_solvent_out,hexane,fixed_lld,0.79,0.6197020547957477
hexane:38,hexane:1,hexane,1.0,primary,leave_one_solvent_out,hexane,fixed_lld,1.42,1.238762596077214
hexane:39,hexane:1,hexane,1.0,primary,leave_one_solvent_out,hexane,fixed_lld,1.42,1.238762596077214
hexane:40,hexane:1,hexane,1.0,primary,leave_one_solvent_out,hexane,fixed_lld,1.44,1.238762596077214
hexane:41,hexane:1.5,hexane,1.5,primary,leave_one_solvent_out,hexane,fixed_lld,2.22,1.8571826194680634
hexane:42,hexane:1.5,hexane,1.5,primary,leave_one_solvent_out,hexane,fixed_lld,2.22,1.8571826194680634
hexane:43,hexane:1.5,hexane,1.5,primary,leave_one_solvent_out,hexane,fixed_lld,2.21,1.8571826194680634
hexane:44,hexane:2,hexane,2.0,primary,leave_one_solvent_out,hexane,fixed_lld,2.9799999999999995,2.4749631185327585
hexane:45,hexane:2,hexane,2.0,primary,leave_one_solvent_out,hexane,fixed_lld,2.96,2.4749631185327585
hexane:46,hexane:2,hexane,2.0,primary,leave_one_solvent_out,hexane,fixed_lld,2.99,2.4749631185327585
hexane:47,hexane:2.5,hexane,2.5,primary,leave_one_solvent_out,hexane,fixed_lld,2.98,3.092105084781883
hexane:48,hexane:2.5,hexane,2.5,primary,leave_one_solvent_out,hexane,fixed_lld,3.06,3.092105084781883
hexane:49,hexane:2.5,hexane,2.5,primary,leave_one_solvent_out,hexane,fixed_lld,3.01,3.092105084781883
hexane:50,hexane:3,hexane,3.0,primary,leave_one_solvent_out,hexane,fixed_lld,3.73,3.7086095076774446
hexane:51,hexane:3,hexane,3.0,primary,leave_one_solvent_out,hexane,fixed_lld,3.65,3.7086095076774446
hexane:52,hexane:3,hexane,3.0,primary,leave_one_solvent_out,hexane,fixed_lld,3.64,3.7086095076774446
hexane:53,hexane:5,hexane,5.0,primary,leave_one_solvent_out,hexane,fixed_lld,5.890000000000001,6.168271483559736
hexane:54,hexane:5,hexane,5.0,primary,leave_one_solvent_out,hexane,fixed_lld,5.9,6.168271483559736
hexane:55,hexane:5,hexane,5.0,primary,leave_one_solvent_out,hexane,fixed_lld,6.0,6.168271483559736
hexane:56,hexane:7,hexane,7.0,primary,leave_one_solvent_out,hexane,fixed_lld,9.3,8.617811393697655
hexane:57,hexane:7,hexane,7.0,primary,leave_one_solvent_out,hexane,fixed_lld,9.33,8.617811393697655
hexane:58,hexane:7,hexane,7.0,primary,leave_one_solvent_out,hexane,fixed_lld,9.24,8.617811393697655
hexane:59,hexane:10,hexane,10.0,primary,leave_one_solvent_out,hexane,fixed_lld,12.67,12.273278644211166
hexane:2,hexane:0.02,hexane,0.02,primary,leave_one_solvent_out,hexane,local_mean,0.0399999999999999,0.6013333333333333
hexane:3,hexane:0.02,hexane,0.02,primary,leave_one_solvent_out,hexane,local_mean,0.0599999999999999,0.6013333333333333
hexane:4,hexane:0.02,hexane,0.02,primary,leave_one_solvent_out,hexane,local_mean,0.0499999999999999,0.6013333333333333
hexane:5,hexane:0.02,hexane,0.02,primary,leave_one_solvent_out,hexane,local_mean,0.0899999999999999,0.6013333333333333
hexane:6,hexane:0.02,hexane,0.02,primary,leave_one_solvent_out,hexane,local_mean,0.1099999999999999,0.6013333333333333
hexane:7,hexane:0.02,hexane,0.02,primary,leave_one_solvent_out,hexane,local_mean,0.09,0.6013333333333333
hexane:8,hexane:0.05,hexane,0.05,primary,leave_one_solvent_out,hexane,local_mean,0.14,0.6013333333333333
hexane:9,hexane:0.05,hexane,0.05,primary,leave_one_solvent_out,hexane,local_mean,0.18,0.6013333333333333
hexane:10,hexane:0.05,hexane,0.05,primary,leave_one_solvent_out,hexane,local_mean,0.14,0.6013333333333333
hexane:11,hexane:0.05,hexane,0.05,primary,leave_one_solvent_out,hexane,local_mean,0.15,0.6013333333333333
hexane:12,hexane:0.05,hexane,0.05,primary,leave_one_solvent_out,hexane,local_mean,0.1499999999999999,0.6013333333333333
hexane:13,hexane:0.05,hexane,0.05,primary,leave_one_solvent_out,hexane,local_mean,0.1699999999999999,0.6013333333333333
hexane:14,hexane:0.07,hexane,0.07,primary,leave_one_solvent_out,hexane,local_mean,0.13,0.6013333333333333
hexane:15,hexane:0.07,hexane,0.07,primary,leave_one_solvent_out,hexane,local_mean,0.1499999999999999,0.6013333333333333
hexane:16,hexane:0.07,hexane,0.07,primary,leave_one_solvent_out,hexane,local_mean,0.1399999999999999,0.6013333333333333
hexane:17,hexane:0.07,hexane,0.07,primary,leave_one_solvent_out,hexane,local_mean,0.23,0.6013333333333333
hexane:18,hexane:0.07,hexane,0.07,primary,leave_one_solvent_out,hexane,local_mean,0.21,0.6013333333333333
hexane:19,hexane:0.07,hexane,0.07,primary,leave_one_solvent_out,hexane,local_mean,0.2199999999999999,0.6013333333333333
hexane:20,hexane:0.09,hexane,0.09,primary,leave_one_solvent_out,hexane,local_mean,0.3399999999999999,0.6013333333333333
hexane:21,hexane:0.09,hexane,0.09,primary,leave_one_solvent_out,hexane,local_mean,0.3199999999999999,0.6013333333333333
hexane:22,hexane:0.09,hexane,0.09,primary,leave_one_solvent_out,hexane,local_mean,0.3299999999999999,0.6013333333333333
hexane:23,hexane:0.1,hexane,0.1,primary,leave_one_solvent_out,hexane,local_mean,0.41,0.6013333333333333
hexane:24,hexane:0.1,hexane,0.1,primary,leave_one_solvent_out,hexane,local_mean,0.42,0.6013333333333333
hexane:25,hexane:0.1,hexane,0.1,primary,leave_one_solvent_out,hexane,local_mean,0.43,0.6013333333333333
hexane:26,hexane:0.1,hexane,0.1,primary,leave_one_solvent_out,hexane,local_mean,0.31,0.6013333333333333
hexane:27,hexane:0.1,hexane,0.1,primary,leave_one_solvent_out,hexane,local_mean,0.29,0.6013333333333333
hexane:28,hexane:0.1,hexane,0.1,primary,leave_one_solvent_out,hexane,local_mean,0.31,0.6013333333333333
hexane:29,hexane:0.15,hexane,0.15,primary,leave_one_solvent_out,hexane,local_mean,0.5,0.6013333333333333
hexane:30,hexane:0.15,hexane,0.15,primary,leave_one_solvent_out,hexane,local_mean,0.52,0.6013333333333333
hexane:31,hexane:0.15,hexane,0.15,primary,leave_one_solvent_out,hexane,local_mean,0.48,0.6013333333333333
hexane:32,hexane:0.25,hexane,0.25,primary,leave_one_solvent_out,hexane,local_mean,0.5700000000000001,0.6013333333333333
hexane:33,hexane:0.25,hexane,0.25,primary,leave_one_solvent_out,hexane,local_mean,0.5499999999999999,0.6013333333333333
hexane:34,hexane:0.25,hexane,0.25,primary,leave_one_solvent_out,hexane,local_mean,0.53,0.6013333333333333
hexane:35,hexane:0.5,hexane,0.5,primary,leave_one_solvent_out,hexane,local_mean,0.77,0.6013333333333333
hexane:36,hexane:0.5,hexane,0.5,primary,leave_one_solvent_out,hexane,local_mean,0.78,0.6013333333333333
hexane:37,hexane:0.5,hexane,0.5,primary,leave_one_solvent_out,hexane,local_mean,0.79,0.6013333333333333
hexane:38,hexane:1,hexane,1.0,primary,leave_one_solvent_out,hexane,local_mean,1.42,0.6013333333333333
hexane:39,hexane:1,hexane,1.0,primary,leave_one_solvent_out,hexane,local_mean,1.42,0.6013333333333333
hexane:40,hexane:1,hexane,1.0,primary,leave_one_solvent_out,hexane,local_mean,1.44,0.6013333333333333
hexane:41,hexane:1.5,hexane,1.5,primary,leave_one_solvent_out,hexane,local_mean,2.22,0.6013333333333333
hexane:42,hexane:1.5,hexane,1.5,primary,leave_one_solvent_out,hexane,local_mean,2.22,0.6013333333333333
hexane:43,hexane:1.5,hexane,1.5,primary,leave_one_solvent_out,hexane,local_mean,2.21,0.6013333333333333
hexane:44,hexane:2,hexane,2.0,primary,leave_one_solvent_out,hexane,local_mean,2.9799999999999995,0.6013333333333333
hexane:45,hexane:2,hexane,2.0,primary,leave_one_solvent_out,hexane,local_mean,2.96,0.6013333333333333
hexane:46,hexane:2,hexane,2.0,primary,leave_one_solvent_out,hexane,local_mean,2.99,0.6013333333333333
hexane:47,hexane:2.5,hexane,2.5,primary,leave_one_solvent_out,hexane,local_mean,2.98,0.6013333333333333
hexane:48,hexane:2.5,hexane,2.5,primary,leave_one_solvent_out,hexane,local_mean,3.06,0.6013333333333333
hexane:49,hexane:2.5,hexane,2.5,primary,leave_one_solvent_out,hexane,local_mean,3.01,0.6013333333333333
hexane:50,hexane:3,hexane,3.0,primary,leave_one_solvent_out,hexane,local_mean,3.73,0.6013333333333333
hexane:51,hexane:3,hexane,3.0,primary,leave_one_solvent_out,hexane,local_mean,3.65,0.6013333333333333
hexane:52,hexane:3,hexane,3.0,primary,leave_one_solvent_out,hexane,local_mean,3.64,0.6013333333333333
hexane:53,hexane:5,hexane,5.0,primary,leave_one_solvent_out,hexane,local_mean,5.890000000000001,0.6013333333333333
hexane:54,hexane:5,hexane,5.0,primary,leave_one_solvent_out,hexane,local_mean,5.9,0.6013333333333333
hexane:55,hexane:5,hexane,5.0,primary,leave_one_solvent_out,hexane,local_mean,6.0,0.6013333333333333
hexane:56,hexane:7,hexane,7.0,primary,leave_one_solvent_out,hexane,local_mean,9.3,0.6013333333333333
hexane:57,hexane:7,hexane,7.0,primary,leave_one_solvent_out,hexane,local_mean,9.33,0.6013333333333333
hexane:58,hexane:7,hexane,7.0,primary,leave_one_solvent_out,hexane,local_mean,9.24,0.6013333333333333
hexane:59,hexane:10,hexane,10.0,primary,leave_one_solvent_out,hexane,local_mean,12.67,0.6013333333333333
hexane:2,hexane:0.02,hexane,0.02,primary,leave_one_solvent_out,hexane,scaled_lld,0.0399999999999999,0.00019367696511560418
hexane:3,hexane:0.02,hexane,0.02,primary,leave_one_solvent_out,hexane,scaled_lld,0.0599999999999999,0.00019367696511560418
hexane:4,hexane:0.02,hexane,0.02,primary,leave_one_solvent_out,hexane,scaled_lld,0.0499999999999999,0.00019367696511560418
hexane:5,hexane:0.02,hexane,0.02,primary,leave_one_solvent_out,hexane,scaled_lld,0.0899999999999999,0.00019367696511560418
hexane:6,hexane:0.02,hexane,0.02,primary,leave_one_solvent_out,hexane,scaled_lld,0.1099999999999999,0.00019367696511560418
hexane:7,hexane:0.02,hexane,0.02,primary,leave_one_solvent_out,hexane,scaled_lld,0.09,0.00019367696511560418
hexane:8,hexane:0.05,hexane,0.05,primary,leave_one_solvent_out,hexane,scaled_lld,0.14,0.00048417736095502913
hexane:9,hexane:0.05,hexane,0.05,primary,leave_one_solvent_out,hexane,scaled_lld,0.18,0.00048417736095502913
hexane:10,hexane:0.05,hexane,0.05,primary,leave_one_solvent_out,hexane,scaled_lld,0.14,0.00048417736095502913
hexane:11,hexane:0.05,hexane,0.05,primary,leave_one_solvent_out,hexane,scaled_lld,0.15,0.00048417736095502913
hexane:12,hexane:0.05,hexane,0.05,primary,leave_one_solvent_out,hexane,scaled_lld,0.1499999999999999,0.00048417736095502913
hexane:13,hexane:0.05,hexane,0.05,primary,leave_one_solvent_out,hexane,scaled_lld,0.1699999999999999,0.00048417736095502913
hexane:14,hexane:0.07,hexane,0.07,primary,leave_one_solvent_out,hexane,scaled_lld,0.13,0.0006778342576865007
hexane:15,hexane:0.07,hexane,0.07,primary,leave_one_solvent_out,hexane,scaled_lld,0.1499999999999999,0.0006778342576865007
hexane:16,hexane:0.07,hexane,0.07,primary,leave_one_solvent_out,hexane,scaled_lld,0.1399999999999999,0.0006778342576865007
hexane:17,hexane:0.07,hexane,0.07,primary,leave_one_solvent_out,hexane,scaled_lld,0.23,0.0006778342576865007
hexane:18,hexane:0.07,hexane,0.07,primary,leave_one_solvent_out,hexane,scaled_lld,0.21,0.0006778342576865007
hexane:19,hexane:0.07,hexane,0.07,primary,leave_one_solvent_out,hexane,scaled_lld,0.2199999999999999,0.0006778342576865007
hexane:20,hexane:0.09,hexane,0.09,primary,leave_one_solvent_out,hexane,scaled_lld,0.3399999999999999,0.0008714831279376757
hexane:21,hexane:0.09,hexane,0.09,primary,leave_one_solvent_out,hexane,scaled_lld,0.3199999999999999,0.0008714831279376757
hexane:22,hexane:0.09,hexane,0.09,primary,leave_one_solvent_out,hexane,scaled_lld,0.3299999999999999,0.0008714831279376757
hexane:23,hexane:0.1,hexane,0.1,primary,leave_one_solvent_out,hexane,scaled_lld,0.41,0.000968304553289091
hexane:24,hexane:0.1,hexane,0.1,primary,leave_one_solvent_out,hexane,scaled_lld,0.42,0.000968304553289091
hexane:25,hexane:0.1,hexane,0.1,primary,leave_one_solvent_out,hexane,scaled_lld,0.43,0.000968304553289091
hexane:26,hexane:0.1,hexane,0.1,primary,leave_one_solvent_out,hexane,scaled_lld,0.31,0.000968304553289091
hexane:27,hexane:0.1,hexane,0.1,primary,leave_one_solvent_out,hexane,scaled_lld,0.29,0.000968304553289091
hexane:28,hexane:0.1,hexane,0.1,primary,leave_one_solvent_out,hexane,scaled_lld,0.31,0.000968304553289091
hexane:29,hexane:0.15,hexane,0.15,primary,leave_one_solvent_out,hexane,scaled_lld,0.5,0.001452381584799205
hexane:30,hexane:0.15,hexane,0.15,primary,leave_one_solvent_out,hexane,scaled_lld,0.52,0.001452381584799205
hexane:31,hexane:0.15,hexane,0.15,primary,leave_one_solvent_out,hexane,scaled_lld,0.48,0.001452381584799205
hexane:32,hexane:0.25,hexane,0.25,primary,leave_one_solvent_out,hexane,scaled_lld,0.5700000000000001,0.002420385196527588
hexane:33,hexane:0.25,hexane,0.25,primary,leave_one_solvent_out,hexane,scaled_lld,0.5499999999999999,0.002420385196527588
hexane:34,hexane:0.25,hexane,0.25,primary,leave_one_solvent_out,hexane,scaled_lld,0.53,0.002420385196527588
hexane:35,hexane:0.5,hexane,0.5,primary,leave_one_solvent_out,hexane,scaled_lld,0.77,0.004839516956909901
hexane:36,hexane:0.5,hexane,0.5,primary,leave_one_solvent_out,hexane,scaled_lld,0.78,0.004839516956909901
hexane:37,hexane:0.5,hexane,0.5,primary,leave_one_solvent_out,hexane,scaled_lld,0.79,0.004839516956909901
hexane:38,hexane:1,hexane,1.0,primary,leave_one_solvent_out,hexane,scaled_lld,1.42,0.009674024061897532
hexane:39,hexane:1,hexane,1.0,primary,leave_one_solvent_out,hexane,scaled_lld,1.42,0.009674024061897532
hexane:40,hexane:1,hexane,1.0,primary,leave_one_solvent_out,hexane,scaled_lld,1.44,0.009674024061897532
hexane:41,hexane:1.5,hexane,1.5,primary,leave_one_solvent_out,hexane,scaled_lld,2.22,0.014503529090211615
hexane:42,hexane:1.5,hexane,1.5,primary,leave_one_solvent_out,hexane,scaled_lld,2.22,0.014503529090211615
hexane:43,hexane:1.5,hexane,1.5,primary,leave_one_solvent_out,hexane,scaled_lld,2.21,0.014503529090211615
hexane:44,hexane:2,hexane,2.0,primary,leave_one_solvent_out,hexane,scaled_lld,2.9799999999999995,0.019328039801019683
hexane:45,hexane:2,hexane,2.0,primary,leave_one_solvent_out,hexane,scaled_lld,2.96,0.019328039801019683
hexane:46,hexane:2,hexane,2.0,primary,leave_one_solvent_out,hexane,scaled_lld,2.99,0.019328039801019683
hexane:47,hexane:2.5,hexane,2.5,primary,leave_one_solvent_out,hexane,scaled_lld,2.98,0.024147563937449656
hexane:48,hexane:2.5,hexane,2.5,primary,leave_one_solvent_out,hexane,scaled_lld,3.06,0.024147563937449656
hexane:49,hexane:2.5,hexane,2.5,primary,leave_one_solvent_out,hexane,scaled_lld,3.01,0.024147563937449656
hexane:50,hexane:3,hexane,3.0,primary,leave_one_solvent_out,hexane,scaled_lld,3.73,0.02896210922663125
hexane:51,hexane:3,hexane,3.0,primary,leave_one_solvent_out,hexane,scaled_lld,3.65,0.02896210922663125
hexane:52,hexane:3,hexane,3.0,primary,leave_one_solvent_out,hexane,scaled_lld,3.64,0.02896210922663125
hexane:53,hexane:5,hexane,5.0,primary,leave_one_solvent_out,hexane,scaled_lld,5.890000000000001,0.0481706558958403
hexane:54,hexane:5,hexane,5.0,primary,leave_one_solvent_out,hexane,scaled_lld,5.9,0.0481706558958403
hexane:55,hexane:5,hexane,5.0,primary,leave_one_solvent_out,hexane,scaled_lld,6.0,0.0481706558958403
hexane:56,hexane:7,hexane,7.0,primary,leave_one_solvent_out,hexane,scaled_lld,9.3,0.0673001550478921
hexane:57,hexane:7,hexane,7.0,primary,leave_one_solvent_out,hexane,scaled_lld,9.33,0.0673001550478921
hexane:58,hexane:7,hexane,7.0,primary,leave_one_solvent_out,hexane,scaled_lld,9.24,0.0673001550478921
hexane:59,hexane:10,hexane,10.0,primary,leave_one_solvent_out,hexane,scaled_lld,12.67,0.09584725378249248
hexane:2,hexane:0.02,hexane,0.02,primary,leave_one_solvent_out,hexane,saturating_mobile,0.0399999999999999,0.13638075373264183
hexane:3,hexane:0.02,hexane,0.02,primary,leave_one_solvent_out,hexane,saturating_mobile,0.0599999999999999,0.13638075373264183
hexane:4,hexane:0.02,hexane,0.02,primary,leave_one_solvent_out,hexane,saturating_mobile,0.0499999999999999,0.13638075373264183
hexane:5,hexane:0.02,hexane,0.02,primary,leave_one_solvent_out,hexane,saturating_mobile,0.0899999999999999,0.13638075373264183
hexane:6,hexane:0.02,hexane,0.02,primary,leave_one_solvent_out,hexane,saturating_mobile,0.1099999999999999,0.13638075373264183
hexane:7,hexane:0.02,hexane,0.02,primary,leave_one_solvent_out,hexane,saturating_mobile,0.09,0.13638075373264183
hexane:8,hexane:0.05,hexane,0.05,primary,leave_one_solvent_out,hexane,saturating_mobile,0.14,0.2816970147449279
hexane:9,hexane:0.05,hexane,0.05,primary,leave_one_solvent_out,hexane,saturating_mobile,0.18,0.2816970147449279
hexane:10,hexane:0.05,hexane,0.05,primary,leave_one_solvent_out,hexane,saturating_mobile,0.14,0.2816970147449279
hexane:11,hexane:0.05,hexane,0.05,primary,leave_one_solvent_out,hexane,saturating_mobile,0.15,0.2816970147449279
hexane:12,hexane:0.05,hexane,0.05,primary,leave_one_solvent_out,hexane,saturating_mobile,0.1499999999999999,0.2816970147449279
hexane:13,hexane:0.05,hexane,0.05,primary,leave_one_solvent_out,hexane,saturating_mobile,0.1699999999999999,0.2816970147449279
hexane:14,hexane:0.07,hexane,0.07,primary,leave_one_solvent_out,hexane,saturating_mobile,0.13,0.35342716742336905
hexane:15,hexane:0.07,hexane,0.07,primary,leave_one_solvent_out,hexane,saturating_mobile,0.1499999999999999,0.35342716742336905
hexane:16,hexane:0.07,hexane,0.07,primary,leave_one_solvent_out,hexane,saturating_mobile,0.1399999999999999,0.35342716742336905
hexane:17,hexane:0.07,hexane,0.07,primary,leave_one_solvent_out,hexane,saturating_mobile,0.23,0.35342716742336905
hexane:18,hexane:0.07,hexane,0.07,primary,leave_one_solvent_out,hexane,saturating_mobile,0.21,0.35342716742336905
hexane:19,hexane:0.07,hexane,0.07,primary,leave_one_solvent_out,hexane,saturating_mobile,0.2199999999999999,0.35342716742336905
hexane:20,hexane:0.09,hexane,0.09,primary,leave_one_solvent_out,hexane,saturating_mobile,0.3399999999999999,0.4116627737403223
hexane:21,hexane:0.09,hexane,0.09,primary,leave_one_solvent_out,hexane,saturating_mobile,0.3199999999999999,0.4116627737403223
hexane:22,hexane:0.09,hexane,0.09,primary,leave_one_solvent_out,hexane,saturating_mobile,0.3299999999999999,0.4116627737403223
hexane:23,hexane:0.1,hexane,0.1,primary,leave_one_solvent_out,hexane,saturating_mobile,0.41,0.4368566915480177
hexane:24,hexane:0.1,hexane,0.1,primary,leave_one_solvent_out,hexane,saturating_mobile,0.42,0.4368566915480177
hexane:25,hexane:0.1,hexane,0.1,primary,leave_one_solvent_out,hexane,saturating_mobile,0.43,0.4368566915480177
hexane:26,hexane:0.1,hexane,0.1,primary,leave_one_solvent_out,hexane,saturating_mobile,0.31,0.4368566915480177
hexane:27,hexane:0.1,hexane,0.1,primary,leave_one_solvent_out,hexane,saturating_mobile,0.29,0.4368566915480177
hexane:28,hexane:0.1,hexane,0.1,primary,leave_one_solvent_out,hexane,saturating_mobile,0.31,0.4368566915480177
hexane:29,hexane:0.15,hexane,0.15,primary,leave_one_solvent_out,hexane,saturating_mobile,0.5,0.5351020334320686
hexane:30,hexane:0.15,hexane,0.15,primary,leave_one_solvent_out,hexane,saturating_mobile,0.52,0.5351020334320686
hexane:31,hexane:0.15,hexane,0.15,primary,leave_one_solvent_out,hexane,saturating_mobile,0.48,0.5351020334320686
hexane:32,hexane:0.25,hexane,0.25,primary,leave_one_solvent_out,hexane,saturating_mobile,0.5700000000000001,0.6524943649765504
hexane:33,hexane:0.25,hexane,0.25,primary,leave_one_solvent_out,hexane,saturating_mobile,0.5499999999999999,0.6524943649765504
hexane:34,hexane:0.25,hexane,0.25,primary,leave_one_solvent_out,hexane,saturating_mobile,0.53,0.6524943649765504
hexane:35,hexane:0.5,hexane,0.5,primary,leave_one_solvent_out,hexane,saturating_mobile,0.77,0.780997610138145
hexane:36,hexane:0.5,hexane,0.5,primary,leave_one_solvent_out,hexane,saturating_mobile,0.78,0.780997610138145
hexane:37,hexane:0.5,hexane,0.5,primary,leave_one_solvent_out,hexane,saturating_mobile,0.79,0.780997610138145
hexane:38,hexane:1,hexane,1.0,primary,leave_one_solvent_out,hexane,saturating_mobile,1.42,0.8663031482544838
hexane:39,hexane:1,hexane,1.0,primary,leave_one_solvent_out,hexane,saturating_mobile,1.42,0.8663031482544838
hexane:40,hexane:1,hexane,1.0,primary,leave_one_solvent_out,hexane,saturating_mobile,1.44,0.8663031482544838
hexane:41,hexane:1.5,hexane,1.5,primary,leave_one_solvent_out,hexane,saturating_mobile,2.22,0.899035961379593
hexane:42,hexane:1.5,hexane,1.5,primary,leave_one_solvent_out,hexane,saturating_mobile,2.22,0.899035961379593
hexane:43,hexane:1.5,hexane,1.5,primary,leave_one_solvent_out,hexane,saturating_mobile,2.21,0.899035961379593
hexane:44,hexane:2,hexane,2.0,primary,leave_one_solvent_out,hexane,saturating_mobile,2.9799999999999995,0.9163478239412762
hexane:45,hexane:2,hexane,2.0,primary,leave_one_solvent_out,hexane,saturating_mobile,2.96,0.9163478239412762
hexane:46,hexane:2,hexane,2.0,primary,leave_one_solvent_out,hexane,saturating_mobile,2.99,0.9163478239412762
hexane:47,hexane:2.5,hexane,2.5,primary,leave_one_solvent_out,hexane,saturating_mobile,2.98,0.9270587055431742
hexane:48,hexane:2.5,hexane,2.5,primary,leave_one_solvent_out,hexane,saturating_mobile,3.06,0.9270587055431742
hexane:49,hexane:2.5,hexane,2.5,primary,leave_one_solvent_out,hexane,saturating_mobile,3.01,0.9270587055431742
hexane:50,hexane:3,hexane,3.0,primary,leave_one_solvent_out,hexane,saturating_mobile,3.73,0.9343394923192151
hexane:51,hexane:3,hexane,3.0,primary,leave_one_solvent_out,hexane,saturating_mobile,3.65,0.9343394923192151
hexane:52,hexane:3,hexane,3.0,primary,leave_one_solvent_out,hexane,saturating_mobile,3.64,0.9343394923192151
hexane:53,hexane:5,hexane,5.0,primary,leave_one_solvent_out,hexane,saturating_mobile,5.890000000000001,0.9492496249246009
hexane:54,hexane:5,hexane,5.0,primary,leave_one_solvent_out,hexane,saturating_mobile,5.9,0.9492496249246009
hexane:55,hexane:5,hexane,5.0,primary,leave_one_solvent_out,hexane,saturating_mobile,6.0,0.9492496249246009
hexane:56,hexane:7,hexane,7.0,primary,leave_one_solvent_out,hexane,saturating_mobile,9.3,0.9557863593823003
hexane:57,hexane:7,hexane,7.0,primary,leave_one_solvent_out,hexane,saturating_mobile,9.33,0.9557863593823003
hexane:58,hexane:7,hexane,7.0,primary,leave_one_solvent_out,hexane,saturating_mobile,9.24,0.9557863593823003
hexane:59,hexane:10,hexane,10.0,primary,leave_one_solvent_out,hexane,saturating_mobile,12.67,0.9607482969482513
toluene:17,toluene:0.0025,toluene,0.0025,primary,leave_one_solvent_out,toluene,fixed_lld,0.13,0.003674197715243912
toluene:18,toluene:0.0025,toluene,0.0025,primary,leave_one_solvent_out,toluene,fixed_lld,0.14,0.003674197715243912
toluene:19,toluene:0.0025,toluene,0.0025,primary,leave_one_solvent_out,toluene,fixed_lld,0.14,0.003674197715243912
toluene:20,toluene:0.005,toluene,0.005,primary,leave_one_solvent_out,toluene,fixed_lld,0.09,0.007348376393292602
toluene:21,toluene:0.005,toluene,0.005,primary,leave_one_solvent_out,toluene,fixed_lld,0.1,0.007348376393292602
toluene:22,toluene:0.005,toluene,0.005,primary,leave_one_solvent_out,toluene,fixed_lld,0.09,0.007348376393292602
toluene:23,toluene:0.01,toluene,0.01,primary,leave_one_solvent_out,toluene,fixed_lld,0.3,0.014696676638396135
toluene:24,toluene:0.01,toluene,0.01,primary,leave_one_solvent_out,toluene,fixed_lld,0.31,0.014696676638396135
toluene:25,toluene:0.01,toluene,0.01,primary,leave_one_solvent_out,toluene,fixed_lld,0.24,0.014696676638396135
toluene:26,toluene:0.015,toluene,0.015,primary,leave_one_solvent_out,toluene,fixed_lld,0.18,0.02204490073649423
toluene:27,toluene:0.015,toluene,0.015,primary,leave_one_solvent_out,toluene,fixed_lld,0.1499999999999999,0.02204490073649423
toluene:28,toluene:0.015,toluene,0.015,primary,leave_one_solvent_out,toluene,fixed_lld,0.16,0.02204490073649423
toluene:29,toluene:0.025,toluene,0.025,primary,leave_one_solvent_out,toluene,fixed_lld,0.1799999999999999,0.03674112049640852
toluene:30,toluene:0.025,toluene,0.025,primary,leave_one_solvent_out,toluene,fixed_lld,0.18,0.03674112049640852
toluene:31,toluene:0.025,toluene,0.025,primary,leave_one_solvent_out,toluene,fixed_lld,0.17,0.03674112049640852
toluene:32,toluene:0.05,toluene,0.05,primary,leave_one_solvent_out,toluene,fixed_lld,0.3,0.07348033740644865
toluene:33,toluene:0.05,toluene,0.05,primary,leave_one_solvent_out,toluene,fixed_lld,0.25,0.07348033740644865
toluene:34,toluene:0.05,toluene,0.05,primary,leave_one_solvent_out,toluene,fixed_lld,0.31,0.07348033740644865
toluene:35,toluene:0.1,toluene,0.1,primary,leave_one_solvent_out,toluene,fixed_lld,0.15,0.1469530610591509
toluene:36,toluene:0.1,toluene,0.1,primary,leave_one_solvent_out,toluene,fixed_lld,0.19,0.1469530610591509
toluene:37,toluene:0.1,toluene,0.1,primary,leave_one_solvent_out,toluene,fixed_lld,0.18,0.1469530610591509
toluene:38,toluene:0.25,toluene,0.25,primary,leave_one_solvent_out,toluene,fixed_lld,0.26,0.36732556132656446
toluene:39,toluene:0.25,toluene,0.25,primary,leave_one_solvent_out,toluene,fixed_lld,0.31,0.36732556132656446
toluene:40,toluene:0.25,toluene,0.25,primary,leave_one_solvent_out,toluene,fixed_lld,0.39,0.36732556132656446
toluene:41,toluene:10,toluene,10.0,primary,leave_one_solvent_out,toluene,fixed_lld,0.0999999999999999,14.54609222853195
toluene:42,toluene:10,toluene,10.0,primary,leave_one_solvent_out,toluene,fixed_lld,0.0999999999999999,14.54609222853195
toluene:43,toluene:10,toluene,10.0,primary,leave_one_solvent_out,toluene,fixed_lld,0.14,14.54609222853195
toluene:45,toluene:40,toluene,40.0,primary,leave_one_solvent_out,toluene,fixed_lld,0.15,56.44752208087026
toluene:46,toluene:40,toluene,40.0,primary,leave_one_solvent_out,toluene,fixed_lld,0.12,56.44752208087026
toluene:47,toluene:50,toluene,50.0,primary,leave_one_solvent_out,toluene,fixed_lld,0.2099999999999999,69.86423607299828
toluene:48,toluene:50,toluene,50.0,primary,leave_one_solvent_out,toluene,fixed_lld,0.1899999999999999,69.86423607299828
toluene:49,toluene:50,toluene,50.0,primary,leave_one_solvent_out,toluene,fixed_lld,0.1799999999999999,69.86423607299828
toluene:50,toluene:50,toluene,50.0,primary,leave_one_solvent_out,toluene,fixed_lld,0.17,69.86423607299828
toluene:51,toluene:50,toluene,50.0,primary,leave_one_solvent_out,toluene,fixed_lld,0.14,69.86423607299828
toluene:52,toluene:50,toluene,50.0,primary,leave_one_solvent_out,toluene,fixed_lld,0.12,69.86423607299828
toluene:17,toluene:0.0025,toluene,0.0025,primary,leave_one_solvent_out,toluene,local_mean,0.13,2.1642666666666663
toluene:18,toluene:0.0025,toluene,0.0025,primary,leave_one_solvent_out,toluene,local_mean,0.14,2.1642666666666663
toluene:19,toluene:0.0025,toluene,0.0025,primary,leave_one_solvent_out,toluene,local_mean,0.14,2.1642666666666663
toluene:20,toluene:0.005,toluene,0.005,primary,leave_one_solvent_out,toluene,local_mean,0.09,2.1642666666666663
toluene:21,toluene:0.005,toluene,0.005,primary,leave_one_solvent_out,toluene,local_mean,0.1,2.1642666666666663
toluene:22,toluene:0.005,toluene,0.005,primary,leave_one_solvent_out,toluene,local_mean,0.09,2.1642666666666663
toluene:23,toluene:0.01,toluene,0.01,primary,leave_one_solvent_out,toluene,local_mean,0.3,2.1642666666666663
toluene:24,toluene:0.01,toluene,0.01,primary,leave_one_solvent_out,toluene,local_mean,0.31,2.1642666666666663
toluene:25,toluene:0.01,toluene,0.01,primary,leave_one_solvent_out,toluene,local_mean,0.24,2.1642666666666663
toluene:26,toluene:0.015,toluene,0.015,primary,leave_one_solvent_out,toluene,local_mean,0.18,2.1642666666666663
toluene:27,toluene:0.015,toluene,0.015,primary,leave_one_solvent_out,toluene,local_mean,0.1499999999999999,2.1642666666666663
toluene:28,toluene:0.015,toluene,0.015,primary,leave_one_solvent_out,toluene,local_mean,0.16,2.1642666666666663
toluene:29,toluene:0.025,toluene,0.025,primary,leave_one_solvent_out,toluene,local_mean,0.1799999999999999,2.1642666666666663
toluene:30,toluene:0.025,toluene,0.025,primary,leave_one_solvent_out,toluene,local_mean,0.18,2.1642666666666663
toluene:31,toluene:0.025,toluene,0.025,primary,leave_one_solvent_out,toluene,local_mean,0.17,2.1642666666666663
toluene:32,toluene:0.05,toluene,0.05,primary,leave_one_solvent_out,toluene,local_mean,0.3,2.1642666666666663
toluene:33,toluene:0.05,toluene,0.05,primary,leave_one_solvent_out,toluene,local_mean,0.25,2.1642666666666663
toluene:34,toluene:0.05,toluene,0.05,primary,leave_one_solvent_out,toluene,local_mean,0.31,2.1642666666666663
toluene:35,toluene:0.1,toluene,0.1,primary,leave_one_solvent_out,toluene,local_mean,0.15,2.1642666666666663
toluene:36,toluene:0.1,toluene,0.1,primary,leave_one_solvent_out,toluene,local_mean,0.19,2.1642666666666663
toluene:37,toluene:0.1,toluene,0.1,primary,leave_one_solvent_out,toluene,local_mean,0.18,2.1642666666666663
toluene:38,toluene:0.25,toluene,0.25,primary,leave_one_solvent_out,toluene,local_mean,0.26,2.1642666666666663
toluene:39,toluene:0.25,toluene,0.25,primary,leave_one_solvent_out,toluene,local_mean,0.31,2.1642666666666663
toluene:40,toluene:0.25,toluene,0.25,primary,leave_one_solvent_out,toluene,local_mean,0.39,2.1642666666666663
toluene:41,toluene:10,toluene,10.0,primary,leave_one_solvent_out,toluene,local_mean,0.0999999999999999,2.1642666666666663
toluene:42,toluene:10,toluene,10.0,primary,leave_one_solvent_out,toluene,local_mean,0.0999999999999999,2.1642666666666663
toluene:43,toluene:10,toluene,10.0,primary,leave_one_solvent_out,toluene,local_mean,0.14,2.1642666666666663
toluene:45,toluene:40,toluene,40.0,primary,leave_one_solvent_out,toluene,local_mean,0.15,2.1642666666666663
toluene:46,toluene:40,toluene,40.0,primary,leave_one_solvent_out,toluene,local_mean,0.12,2.1642666666666663
toluene:47,toluene:50,toluene,50.0,primary,leave_one_solvent_out,toluene,local_mean,0.2099999999999999,2.1642666666666663
toluene:48,toluene:50,toluene,50.0,primary,leave_one_solvent_out,toluene,local_mean,0.1899999999999999,2.1642666666666663
toluene:49,toluene:50,toluene,50.0,primary,leave_one_solvent_out,toluene,local_mean,0.1799999999999999,2.1642666666666663
toluene:50,toluene:50,toluene,50.0,primary,leave_one_solvent_out,toluene,local_mean,0.17,2.1642666666666663
toluene:51,toluene:50,toluene,50.0,primary,leave_one_solvent_out,toluene,local_mean,0.14,2.1642666666666663
toluene:52,toluene:50,toluene,50.0,primary,leave_one_solvent_out,toluene,local_mean,0.12,2.1642666666666663
toluene:17,toluene:0.0025,toluene,0.0025,primary,leave_one_solvent_out,toluene,scaled_lld,0.13,0.0028291610506399577
toluene:18,toluene:0.0025,toluene,0.0025,primary,leave_one_solvent_out,toluene,scaled_lld,0.14,0.0028291610506399577
toluene:19,toluene:0.0025,toluene,0.0025,primary,leave_one_solvent_out,toluene,scaled_lld,0.14,0.0028291610506399577
toluene:20,toluene:0.005,toluene,0.005,primary,leave_one_solvent_out,toluene,scaled_lld,0.09,0.005658307442490321
toluene:21,toluene:0.005,toluene,0.005,primary,leave_one_solvent_out,toluene,scaled_lld,0.1,0.005658307442490321
toluene:22,toluene:0.005,toluene,0.005,primary,leave_one_solvent_out,toluene,scaled_lld,0.09,0.005658307442490321
toluene:23,toluene:0.01,toluene,0.01,primary,leave_one_solvent_out,toluene,scaled_lld,0.3,0.01131655625027797
toluene:24,toluene:0.01,toluene,0.01,primary,leave_one_solvent_out,toluene,scaled_lld,0.31,0.01131655625027797
toluene:25,toluene:0.01,toluene,0.01,primary,leave_one_solvent_out,toluene,scaled_lld,0.24,0.01131655625027797
toluene:26,toluene:0.015,toluene,0.015,primary,leave_one_solvent_out,toluene,scaled_lld,0.18,0.016974746424274354
toluene:27,toluene:0.015,toluene,0.015,primary,leave_one_solvent_out,toluene,scaled_lld,0.1499999999999999,0.016974746424274354
toluene:28,toluene:0.015,toluene,0.015,primary,leave_one_solvent_out,toluene,scaled_lld,0.16,0.016974746424274354
toluene:29,toluene:0.025,toluene,0.025,primary,leave_one_solvent_out,toluene,scaled_lld,0.1799999999999999,0.028290950874538853
toluene:30,toluene:0.025,toluene,0.025,primary,leave_one_solvent_out,toluene,scaled_lld,0.18,0.028290950874538853
toluene:31,toluene:0.025,toluene,0.025,primary,leave_one_solvent_out,toluene,scaled_lld,0.17,0.028290950874538853
toluene:32,toluene:0.05,toluene,0.05,primary,leave_one_solvent_out,toluene,scaled_lld,0.3,0.05658043597264775
toluene:33,toluene:0.05,toluene,0.05,primary,leave_one_solvent_out,toluene,scaled_lld,0.25,0.05658043597264775
toluene:34,toluene:0.05,toluene,0.05,primary,leave_one_solvent_out,toluene,scaled_lld,0.31,0.05658043597264775
toluene:35,toluene:0.1,toluene,0.1,primary,leave_one_solvent_out,toluene,scaled_lld,0.15,0.11315500929521027
toluene:36,toluene:0.1,toluene,0.1,primary,leave_one_solvent_out,toluene,scaled_lld,0.19,0.11315500929521027
toluene:37,toluene:0.1,toluene,0.1,primary,leave_one_solvent_out,toluene,scaled_lld,0.18,0.11315500929521027
toluene:38,toluene:0.25,toluene,0.25,primary,leave_one_solvent_out,toluene,scaled_lld,0.26,0.2828435624729537
toluene:39,toluene:0.25,toluene,0.25,primary,leave_one_solvent_out,toluene,scaled_lld,0.31,0.2828435624729537
toluene:40,toluene:0.25,toluene,0.25,primary,leave_one_solvent_out,toluene,scaled_lld,0.39,0.2828435624729537
toluene:41,toluene:10,toluene,10.0,primary,leave_one_solvent_out,toluene,scaled_lld,0.0999999999999999,11.200605073928967
toluene:42,toluene:10,toluene,10.0,primary,leave_one_solvent_out,toluene,scaled_lld,0.0999999999999999,11.200605073928967
toluene:43,toluene:10,toluene,10.0,primary,leave_one_solvent_out,toluene,scaled_lld,0.14,11.200605073928967
toluene:45,toluene:40,toluene,40.0,primary,leave_one_solvent_out,toluene,scaled_lld,0.15,43.465034615246736
toluene:46,toluene:40,toluene,40.0,primary,leave_one_solvent_out,toluene,scaled_lld,0.12,43.465034615246736
toluene:47,toluene:50,toluene,50.0,primary,leave_one_solvent_out,toluene,scaled_lld,0.2099999999999999,53.79600959153075
toluene:48,toluene:50,toluene,50.0,primary,leave_one_solvent_out,toluene,scaled_lld,0.1899999999999999,53.79600959153075
toluene:49,toluene:50,toluene,50.0,primary,leave_one_solvent_out,toluene,scaled_lld,0.1799999999999999,53.79600959153075
toluene:50,toluene:50,toluene,50.0,primary,leave_one_solvent_out,toluene,scaled_lld,0.17,53.79600959153075
toluene:51,toluene:50,toluene,50.0,primary,leave_one_solvent_out,toluene,scaled_lld,0.14,53.79600959153075
toluene:52,toluene:50,toluene,50.0,primary,leave_one_solvent_out,toluene,scaled_lld,0.12,53.79600959153075
toluene:17,toluene:0.0025,toluene,0.0025,primary,leave_one_solvent_out,toluene,saturating_mobile,0.13,0.0028210743846642317
toluene:18,toluene:0.0025,toluene,0.0025,primary,leave_one_solvent_out,toluene,saturating_mobile,0.14,0.0028210743846642317
toluene:19,toluene:0.0025,toluene,0.0025,primary,leave_one_solvent_out,toluene,saturating_mobile,0.14,0.0028210743846642317
toluene:20,toluene:0.005,toluene,0.005,primary,leave_one_solvent_out,toluene,saturating_mobile,0.09,0.00564161134262267
toluene:21,toluene:0.005,toluene,0.005,primary,leave_one_solvent_out,toluene,saturating_mobile,0.1,0.00564161134262267
toluene:22,toluene:0.005,toluene,0.005,primary,leave_one_solvent_out,toluene,saturating_mobile,0.09,0.00564161134262267
toluene:23,toluene:0.01,toluene,0.01,primary,leave_one_solvent_out,toluene,saturating_mobile,0.3,0.011281073592597644
toluene:24,toluene:0.01,toluene,0.01,primary,leave_one_solvent_out,toluene,saturating_mobile,0.31,0.011281073592597644
toluene:25,toluene:0.01,toluene,0.01,primary,leave_one_solvent_out,toluene,saturating_mobile,0.24,0.011281073592597644
toluene:26,toluene:0.015,toluene,0.015,primary,leave_one_solvent_out,toluene,saturating_mobile,0.18,0.016918387977691084
toluene:27,toluene:0.015,toluene,0.015,primary,leave_one_solvent_out,toluene,saturating_mobile,0.1499999999999999,0.016918387977691084
toluene:28,toluene:0.015,toluene,0.015,primary,leave_one_solvent_out,toluene,saturating_mobile,0.16,0.016918387977691084
toluene:29,toluene:0.025,toluene,0.025,primary,leave_one_solvent_out,toluene,saturating_mobile,0.1799999999999999,0.028186578059623716
toluene:30,toluene:0.025,toluene,0.025,primary,leave_one_solvent_out,toluene,saturating_mobile,0.18,0.028186578059623716
toluene:31,toluene:0.025,toluene,0.025,primary,leave_one_solvent_out,toluene,saturating_mobile,0.17,0.028186578059623716
toluene:32,toluene:0.05,toluene,0.05,primary,leave_one_solvent_out,toluene,saturating_mobile,0.3,0.05631955139288493
toluene:33,toluene:0.05,toluene,0.05,primary,leave_one_solvent_out,toluene,saturating_mobile,0.25,0.05631955139288493
toluene:34,toluene:0.05,toluene,0.05,primary,leave_one_solvent_out,toluene,saturating_mobile,0.31,0.05631955139288493
toluene:35,toluene:0.1,toluene,0.1,primary,leave_one_solvent_out,toluene,saturating_mobile,0.15,0.11242529438628793
toluene:36,toluene:0.1,toluene,0.1,primary,leave_one_solvent_out,toluene,saturating_mobile,0.19,0.11242529438628793
toluene:37,toluene:0.1,toluene,0.1,primary,leave_one_solvent_out,toluene,saturating_mobile,0.18,0.11242529438628793
toluene:38,toluene:0.25,toluene,0.25,primary,leave_one_solvent_out,toluene,saturating_mobile,0.26,0.27947177938343554
toluene:39,toluene:0.25,toluene,0.25,primary,leave_one_solvent_out,toluene,saturating_mobile,0.31,0.27947177938343554
toluene:40,toluene:0.25,toluene,0.25,primary,leave_one_solvent_out,toluene,saturating_mobile,0.39,0.27947177938343554
toluene:41,toluene:10,toluene,10.0,primary,leave_one_solvent_out,toluene,saturating_mobile,0.0999999999999999,8.171404525376026
toluene:42,toluene:10,toluene,10.0,primary,leave_one_solvent_out,toluene,saturating_mobile,0.0999999999999999,8.171404525376026
toluene:43,toluene:10,toluene,10.0,primary,leave_one_solvent_out,toluene,saturating_mobile,0.14,8.171404525376026
toluene:45,toluene:40,toluene,40.0,primary,leave_one_solvent_out,toluene,saturating_mobile,0.15,17.88260186780472
toluene:46,toluene:40,toluene,40.0,primary,leave_one_solvent_out,toluene,saturating_mobile,0.12,17.88260186780472
toluene:47,toluene:50,toluene,50.0,primary,leave_one_solvent_out,toluene,saturating_mobile,0.2099999999999999,19.421337247405724
toluene:48,toluene:50,toluene,50.0,primary,leave_one_solvent_out,toluene,saturating_mobile,0.1899999999999999,19.421337247405724
toluene:49,toluene:50,toluene,50.0,primary,leave_one_solvent_out,toluene,saturating_mobile,0.1799999999999999,19.421337247405724
toluene:50,toluene:50,toluene,50.0,primary,leave_one_solvent_out,toluene,saturating_mobile,0.17,19.421337247405724
toluene:51,toluene:50,toluene,50.0,primary,leave_one_solvent_out,toluene,saturating_mobile,0.14,19.421337247405724
toluene:52,toluene:50,toluene,50.0,primary,leave_one_solvent_out,toluene,saturating_mobile,0.12,19.421337247405724
ethyl_acetate:2,ethyl_acetate:0.1,ethyl_acetate,0.1,primary,ood_low_concentration,low,fixed_lld,0.53,0.10863659294136205
ethyl_acetate:3,ethyl_acetate:0.1,ethyl_acetate,0.1,primary,ood_low_concentration,low,fixed_lld,0.54,0.10863659294136205
ethyl_acetate:4,ethyl_acetate:0.1,ethyl_acetate,0.1,primary,ood_low_concentration,low,fixed_lld,0.54,0.10863659294136205
ethyl_acetate:5,ethyl_acetate:0.15,ethyl_acetate,0.15,primary,ood_low_concentration,low,fixed_lld,0.6699999999999999,0.16294644746574394
ethyl_acetate:6,ethyl_acetate:0.15,ethyl_acetate,0.15,primary,ood_low_concentration,low,fixed_lld,0.6499999999999999,0.16294644746574394
ethyl_acetate:7,ethyl_acetate:0.15,ethyl_acetate,0.15,primary,ood_low_concentration,low,fixed_lld,0.71,0.16294644746574394
ethyl_acetate:14,ethyl_acetate:0.1,ethyl_acetate,0.1,primary,ood_low_concentration,low,fixed_lld,0.26,0.10863659294136205
ethyl_acetate:15,ethyl_acetate:0.1,ethyl_acetate,0.1,primary,ood_low_concentration,low,fixed_lld,0.31,0.10863659294136205
ethyl_acetate:16,ethyl_acetate:0.1,ethyl_acetate,0.1,primary,ood_low_concentration,low,fixed_lld,0.33,0.10863659294136205
ethyl_acetate:2,ethyl_acetate:0.1,ethyl_acetate,0.1,primary,ood_low_concentration,low,local_mean,0.53,1.268809523809524
ethyl_acetate:3,ethyl_acetate:0.1,ethyl_acetate,0.1,primary,ood_low_concentration,low,local_mean,0.54,1.268809523809524
ethyl_acetate:4,ethyl_acetate:0.1,ethyl_acetate,0.1,primary,ood_low_concentration,low,local_mean,0.54,1.268809523809524
ethyl_acetate:5,ethyl_acetate:0.15,ethyl_acetate,0.15,primary,ood_low_concentration,low,local_mean,0.6699999999999999,1.268809523809524
ethyl_acetate:6,ethyl_acetate:0.15,ethyl_acetate,0.15,primary,ood_low_concentration,low,local_mean,0.6499999999999999,1.268809523809524
ethyl_acetate:7,ethyl_acetate:0.15,ethyl_acetate,0.15,primary,ood_low_concentration,low,local_mean,0.71,1.268809523809524
ethyl_acetate:14,ethyl_acetate:0.1,ethyl_acetate,0.1,primary,ood_low_concentration,low,local_mean,0.26,1.268809523809524
ethyl_acetate:15,ethyl_acetate:0.1,ethyl_acetate,0.1,primary,ood_low_concentration,low,local_mean,0.31,1.268809523809524
ethyl_acetate:16,ethyl_acetate:0.1,ethyl_acetate,0.1,primary,ood_low_concentration,low,local_mean,0.33,1.268809523809524
ethyl_acetate:2,ethyl_acetate:0.1,ethyl_acetate,0.1,primary,ood_low_concentration,low,scaled_lld,0.53,0.029941902758322106
ethyl_acetate:3,ethyl_acetate:0.1,ethyl_acetate,0.1,primary,ood_low_concentration,low,scaled_lld,0.54,0.029941902758322106
ethyl_acetate:4,ethyl_acetate:0.1,ethyl_acetate,0.1,primary,ood_low_concentration,low,scaled_lld,0.54,0.029941902758322106
ethyl_acetate:5,ethyl_acetate:0.15,ethyl_acetate,0.15,primary,ood_low_concentration,low,scaled_lld,0.6699999999999999,0.04491052740826296
ethyl_acetate:6,ethyl_acetate:0.15,ethyl_acetate,0.15,primary,ood_low_concentration,low,scaled_lld,0.6499999999999999,0.04491052740826296
ethyl_acetate:7,ethyl_acetate:0.15,ethyl_acetate,0.15,primary,ood_low_concentration,low,scaled_lld,0.71,0.04491052740826296
ethyl_acetate:14,ethyl_acetate:0.1,ethyl_acetate,0.1,primary,ood_low_concentration,low,scaled_lld,0.26,0.029941902758322106
ethyl_acetate:15,ethyl_acetate:0.1,ethyl_acetate,0.1,primary,ood_low_concentration,low,scaled_lld,0.31,0.029941902758322106
ethyl_acetate:16,ethyl_acetate:0.1,ethyl_acetate,0.1,primary,ood_low_concentration,low,scaled_lld,0.33,0.029941902758322106
ethyl_acetate:2,ethyl_acetate:0.1,ethyl_acetate,0.1,primary,ood_low_concentration,low,saturating_mobile,0.53,0.07842108077160503
ethyl_acetate:3,ethyl_acetate:0.1,ethyl_acetate,0.1,primary,ood_low_concentration,low,saturating_mobile,0.54,0.07842108077160503
ethyl_acetate:4,ethyl_acetate:0.1,ethyl_acetate,0.1,primary,ood_low_concentration,low,saturating_mobile,0.54,0.07842108077160503
ethyl_acetate:5,ethyl_acetate:0.15,ethyl_acetate,0.15,primary,ood_low_concentration,low,saturating_mobile,0.6699999999999999,0.11629684958409992
ethyl_acetate:6,ethyl_acetate:0.15,ethyl_acetate,0.15,primary,ood_low_concentration,low,saturating_mobile,0.6499999999999999,0.11629684958409992
ethyl_acetate:7,ethyl_acetate:0.15,ethyl_acetate,0.15,primary,ood_low_concentration,low,saturating_mobile,0.71,0.11629684958409992
ethyl_acetate:14,ethyl_acetate:0.1,ethyl_acetate,0.1,primary,ood_low_concentration,low,saturating_mobile,0.26,0.07842108077160503
ethyl_acetate:15,ethyl_acetate:0.1,ethyl_acetate,0.1,primary,ood_low_concentration,low,saturating_mobile,0.31,0.07842108077160503
ethyl_acetate:16,ethyl_acetate:0.1,ethyl_acetate,0.1,primary,ood_low_concentration,low,saturating_mobile,0.33,0.07842108077160503
hexane:2,hexane:0.02,hexane,0.02,primary,ood_low_concentration,low,fixed_lld,0.0399999999999999,0.024800411759561228
hexane:3,hexane:0.02,hexane,0.02,primary,ood_low_concentration,low,fixed_lld,0.0599999999999999,0.024800411759561228
hexane:4,hexane:0.02,hexane,0.02,primary,ood_low_concentration,low,fixed_lld,0.0499999999999999,0.024800411759561228
hexane:5,hexane:0.02,hexane,0.02,primary,ood_low_concentration,low,fixed_lld,0.0899999999999999,0.024800411759561228
hexane:6,hexane:0.02,hexane,0.02,primary,ood_low_concentration,low,fixed_lld,0.1099999999999999,0.024800411759561228
hexane:7,hexane:0.02,hexane,0.02,primary,ood_low_concentration,low,fixed_lld,0.09,0.024800411759561228
hexane:8,hexane:0.05,hexane,0.05,primary,ood_low_concentration,low,fixed_lld,0.14,0.06199910200562607
hexane:9,hexane:0.05,hexane,0.05,primary,ood_low_concentration,low,fixed_lld,0.18,0.06199910200562607
hexane:10,hexane:0.05,hexane,0.05,primary,ood_low_concentration,low,fixed_lld,0.14,0.06199910200562607
hexane:11,hexane:0.05,hexane,0.05,primary,ood_low_concentration,low,fixed_lld,0.15,0.06199910200562607
hexane:12,hexane:0.05,hexane,0.05,primary,ood_low_concentration,low,fixed_lld,0.1499999999999999,0.06199910200562607
hexane:13,hexane:0.05,hexane,0.05,primary,ood_low_concentration,low,fixed_lld,0.1699999999999999,0.06199910200562607
hexane:14,hexane:0.07,hexane,0.07,primary,ood_low_concentration,low,fixed_lld,0.13,0.08679694400068515
hexane:15,hexane:0.07,hexane,0.07,primary,ood_low_concentration,low,fixed_lld,0.1499999999999999,0.08679694400068515
hexane:16,hexane:0.07,hexane,0.07,primary,ood_low_concentration,low,fixed_lld,0.1399999999999999,0.08679694400068515
hexane:17,hexane:0.07,hexane,0.07,primary,ood_low_concentration,low,fixed_lld,0.23,0.08679694400068515
hexane:18,hexane:0.07,hexane,0.07,primary,ood_low_concentration,low,fixed_lld,0.21,0.08679694400068515
hexane:19,hexane:0.07,hexane,0.07,primary,ood_low_concentration,low,fixed_lld,0.2199999999999999,0.08679694400068515
hexane:20,hexane:0.09,hexane,0.09,primary,ood_low_concentration,low,fixed_lld,0.3399999999999999,0.11159375820177701
hexane:21,hexane:0.09,hexane,0.09,primary,ood_low_concentration,low,fixed_lld,0.3199999999999999,0.11159375820177701
hexane:22,hexane:0.09,hexane,0.09,primary,ood_low_concentration,low,fixed_lld,0.3299999999999999,0.11159375820177701
hexane:2,hexane:0.02,hexane,0.02,primary,ood_low_concentration,low,local_mean,0.0399999999999999,3.6159722222222217
hexane:3,hexane:0.02,hexane,0.02,primary,ood_low_concentration,low,local_mean,0.0599999999999999,3.6159722222222217
hexane:4,hexane:0.02,hexane,0.02,primary,ood_low_concentration,low,local_mean,0.0499999999999999,3.6159722222222217
hexane:5,hexane:0.02,hexane,0.02,primary,ood_low_concentration,low,local_mean,0.0899999999999999,3.6159722222222217
hexane:6,hexane:0.02,hexane,0.02,primary,ood_low_concentration,low,local_mean,0.1099999999999999,3.6159722222222217
hexane:7,hexane:0.02,hexane,0.02,primary,ood_low_concentration,low,local_mean,0.09,3.6159722222222217
hexane:8,hexane:0.05,hexane,0.05,primary,ood_low_concentration,low,local_mean,0.14,3.6159722222222217
hexane:9,hexane:0.05,hexane,0.05,primary,ood_low_concentration,low,local_mean,0.18,3.6159722222222217
hexane:10,hexane:0.05,hexane,0.05,primary,ood_low_concentration,low,local_mean,0.14,3.6159722222222217
hexane:11,hexane:0.05,hexane,0.05,primary,ood_low_concentration,low,local_mean,0.15,3.6159722222222217
hexane:12,hexane:0.05,hexane,0.05,primary,ood_low_concentration,low,local_mean,0.1499999999999999,3.6159722222222217
hexane:13,hexane:0.05,hexane,0.05,primary,ood_low_concentration,low,local_mean,0.1699999999999999,3.6159722222222217
hexane:14,hexane:0.07,hexane,0.07,primary,ood_low_concentration,low,local_mean,0.13,3.6159722222222217
hexane:15,hexane:0.07,hexane,0.07,primary,ood_low_concentration,low,local_mean,0.1499999999999999,3.6159722222222217
hexane:16,hexane:0.07,hexane,0.07,primary,ood_low_concentration,low,local_mean,0.1399999999999999,3.6159722222222217
hexane:17,hexane:0.07,hexane,0.07,primary,ood_low_concentration,low,local_mean,0.23,3.6159722222222217
hexane:18,hexane:0.07,hexane,0.07,primary,ood_low_concentration,low,local_mean,0.21,3.6159722222222217
hexane:19,hexane:0.07,hexane,0.07,primary,ood_low_concentration,low,local_mean,0.2199999999999999,3.6159722222222217
hexane:20,hexane:0.09,hexane,0.09,primary,ood_low_concentration,low,local_mean,0.3399999999999999,3.6159722222222217
hexane:21,hexane:0.09,hexane,0.09,primary,ood_low_concentration,low,local_mean,0.3199999999999999,3.6159722222222217
hexane:22,hexane:0.09,hexane,0.09,primary,ood_low_concentration,low,local_mean,0.3299999999999999,3.6159722222222217
hexane:2,hexane:0.02,hexane,0.02,primary,ood_low_concentration,low,scaled_lld,0.0399999999999999,0.025735459530755886
hexane:3,hexane:0.02,hexane,0.02,primary,ood_low_concentration,low,scaled_lld,0.0599999999999999,0.025735459530755886
hexane:4,hexane:0.02,hexane,0.02,primary,ood_low_concentration,low,scaled_lld,0.0499999999999999,0.025735459530755886
hexane:5,hexane:0.02,hexane,0.02,primary,ood_low_concentration,low,scaled_lld,0.0899999999999999,0.025735459530755886
hexane:6,hexane:0.02,hexane,0.02,primary,ood_low_concentration,low,scaled_lld,0.1099999999999999,0.025735459530755886
hexane:7,hexane:0.02,hexane,0.02,primary,ood_low_concentration,low,scaled_lld,0.09,0.025735459530755886
hexane:8,hexane:0.05,hexane,0.05,primary,ood_low_concentration,low,scaled_lld,0.14,0.06433664876527134
hexane:9,hexane:0.05,hexane,0.05,primary,ood_low_concentration,low,scaled_lld,0.18,0.06433664876527134
hexane:10,hexane:0.05,hexane,0.05,primary,ood_low_concentration,low,scaled_lld,0.14,0.06433664876527134
hexane:11,hexane:0.05,hexane,0.05,primary,ood_low_concentration,low,scaled_lld,0.15,0.06433664876527134
hexane:12,hexane:0.05,hexane,0.05,primary,ood_low_concentration,low,scaled_lld,0.1499999999999999,0.06433664876527134
hexane:13,hexane:0.05,hexane,0.05,primary,ood_low_concentration,low,scaled_lld,0.1699999999999999,0.06433664876527134
hexane:14,hexane:0.07,hexane,0.07,primary,ood_low_concentration,low,scaled_lld,0.13,0.09006944164391718
hexane:15,hexane:0.07,hexane,0.07,primary,ood_low_concentration,low,scaled_lld,0.1499999999999999,0.09006944164391718
hexane:16,hexane:0.07,hexane,0.07,primary,ood_low_concentration,low,scaled_lld,0.1399999999999999,0.09006944164391718
hexane:17,hexane:0.07,hexane,0.07,primary,ood_low_concentration,low,scaled_lld,0.23,0.09006944164391718
hexane:18,hexane:0.07,hexane,0.07,primary,ood_low_concentration,low,scaled_lld,0.21,0.09006944164391718
hexane:19,hexane:0.07,hexane,0.07,primary,ood_low_concentration,low,scaled_lld,0.2199999999999999,0.09006944164391718
hexane:20,hexane:0.09,hexane,0.09,primary,ood_low_concentration,low,scaled_lld,0.3399999999999999,0.1158011679777691
hexane:21,hexane:0.09,hexane,0.09,primary,ood_low_concentration,low,scaled_lld,0.3199999999999999,0.1158011679777691
hexane:22,hexane:0.09,hexane,0.09,primary,ood_low_concentration,low,scaled_lld,0.3299999999999999,0.1158011679777691
hexane:2,hexane:0.02,hexane,0.02,primary,ood_low_concentration,low,saturating_mobile,0.0399999999999999,0.02592640515201502
hexane:3,hexane:0.02,hexane,0.02,primary,ood_low_concentration,low,saturating_mobile,0.0599999999999999,0.02592640515201502
hexane:4,hexane:0.02,hexane,0.02,primary,ood_low_concentration,low,saturating_mobile,0.0499999999999999,0.02592640515201502
hexane:5,hexane:0.02,hexane,0.02,primary,ood_low_concentration,low,saturating_mobile,0.0899999999999999,0.02592640515201502
hexane:6,hexane:0.02,hexane,0.02,primary,ood_low_concentration,low,saturating_mobile,0.1099999999999999,0.02592640515201502
hexane:7,hexane:0.02,hexane,0.02,primary,ood_low_concentration,low,saturating_mobile,0.09,0.02592640515201502
hexane:8,hexane:0.05,hexane,0.05,primary,ood_low_concentration,low,saturating_mobile,0.14,0.06481210691919591
hexane:9,hexane:0.05,hexane,0.05,primary,ood_low_concentration,low,saturating_mobile,0.18,0.06481210691919591
hexane:10,hexane:0.05,hexane,0.05,primary,ood_low_concentration,low,saturating_mobile,0.14,0.06481210691919591
hexane:11,hexane:0.05,hexane,0.05,primary,ood_low_concentration,low,saturating_mobile,0.15,0.06481210691919591
hexane:12,hexane:0.05,hexane,0.05,primary,ood_low_concentration,low,saturating_mobile,0.1499999999999999,0.06481210691919591
hexane:13,hexane:0.05,hexane,0.05,primary,ood_low_concentration,low,saturating_mobile,0.1699999999999999,0.06481210691919591
hexane:14,hexane:0.07,hexane,0.07,primary,ood_low_concentration,low,saturating_mobile,0.13,0.0907333044895573
hexane:15,hexane:0.07,hexane,0.07,primary,ood_low_concentration,low,saturating_mobile,0.1499999999999999,0.0907333044895573
hexane:16,hexane:0.07,hexane,0.07,primary,ood_low_concentration,low,saturating_mobile,0.1399999999999999,0.0907333044895573
hexane:17,hexane:0.07,hexane,0.07,primary,ood_low_concentration,low,saturating_mobile,0.23,0.0907333044895573
hexane:18,hexane:0.07,hexane,0.07,primary,ood_low_concentration,low,saturating_mobile,0.21,0.0907333044895573
hexane:19,hexane:0.07,hexane,0.07,primary,ood_low_concentration,low,saturating_mobile,0.2199999999999999,0.0907333044895573
hexane:20,hexane:0.09,hexane,0.09,primary,ood_low_concentration,low,saturating_mobile,0.3399999999999999,0.11665241946656656
hexane:21,hexane:0.09,hexane,0.09,primary,ood_low_concentration,low,saturating_mobile,0.3199999999999999,0.11665241946656656
hexane:22,hexane:0.09,hexane,0.09,primary,ood_low_concentration,low,saturating_mobile,0.3299999999999999,0.11665241946656656
toluene:17,toluene:0.0025,toluene,0.0025,primary,ood_low_concentration,low,fixed_lld,0.13,0.003674197715243912
toluene:18,toluene:0.0025,toluene,0.0025,primary,ood_low_concentration,low,fixed_lld,0.14,0.003674197715243912
toluene:19,toluene:0.0025,toluene,0.0025,primary,ood_low_concentration,low,fixed_lld,0.14,0.003674197715243912
toluene:20,toluene:0.005,toluene,0.005,primary,ood_low_concentration,low,fixed_lld,0.09,0.007348376393292602
toluene:21,toluene:0.005,toluene,0.005,primary,ood_low_concentration,low,fixed_lld,0.1,0.007348376393292602
toluene:22,toluene:0.005,toluene,0.005,primary,ood_low_concentration,low,fixed_lld,0.09,0.007348376393292602
toluene:23,toluene:0.01,toluene,0.01,primary,ood_low_concentration,low,fixed_lld,0.3,0.014696676638396135
toluene:24,toluene:0.01,toluene,0.01,primary,ood_low_concentration,low,fixed_lld,0.31,0.014696676638396135
toluene:25,toluene:0.01,toluene,0.01,primary,ood_low_concentration,low,fixed_lld,0.24,0.014696676638396135
toluene:17,toluene:0.0025,toluene,0.0025,primary,ood_low_concentration,low,local_mean,0.13,0.19208333333333333
toluene:18,toluene:0.0025,toluene,0.0025,primary,ood_low_concentration,low,local_mean,0.14,0.19208333333333333
toluene:19,toluene:0.0025,toluene,0.0025,primary,ood_low_concentration,low,local_mean,0.14,0.19208333333333333
toluene:20,toluene:0.005,toluene,0.005,primary,ood_low_concentration,low,local_mean,0.09,0.19208333333333333
toluene:21,toluene:0.005,toluene,0.005,primary,ood_low_concentration,low,local_mean,0.1,0.19208333333333333
toluene:22,toluene:0.005,toluene,0.005,primary,ood_low_concentration,low,local_mean,0.09,0.19208333333333333
toluene:23,toluene:0.01,toluene,0.01,primary,ood_low_concentration,low,local_mean,0.3,0.19208333333333333
toluene:24,toluene:0.01,toluene,0.01,primary,ood_low_concentration,low,local_mean,0.31,0.19208333333333333
toluene:25,toluene:0.01,toluene,0.01,primary,ood_low_concentration,low,local_mean,0.24,0.19208333333333333
toluene:17,toluene:0.0025,toluene,0.0025,primary,ood_low_concentration,low,scaled_lld,0.13,9.410012252426167e-06
toluene:18,toluene:0.0025,toluene,0.0025,primary,ood_low_concentration,low,scaled_lld,0.14,9.410012252426167e-06
toluene:19,toluene:0.0025,toluene,0.0025,primary,ood_low_concentration,low,scaled_lld,0.14,9.410012252426167e-06
toluene:20,toluene:0.005,toluene,0.005,primary,ood_low_concentration,low,scaled_lld,0.09,1.8819975748564792e-05
toluene:21,toluene:0.005,toluene,0.005,primary,ood_low_concentration,low,scaled_lld,0.1,1.8819975748564792e-05
toluene:22,toluene:0.005,toluene,0.005,primary,ood_low_concentration,low,scaled_lld,0.09,1.8819975748564792e-05
toluene:23,toluene:0.01,toluene,0.01,primary,ood_low_concentration,low,scaled_lld,0.3,3.763975647349513e-05
toluene:24,toluene:0.01,toluene,0.01,primary,ood_low_concentration,low,scaled_lld,0.31,3.763975647349513e-05
toluene:25,toluene:0.01,toluene,0.01,primary,ood_low_concentration,low,scaled_lld,0.24,3.763975647349513e-05
toluene:17,toluene:0.0025,toluene,0.0025,primary,ood_low_concentration,low,saturating_mobile,0.13,0.17004543934176336
toluene:18,toluene:0.0025,toluene,0.0025,primary,ood_low_concentration,low,saturating_mobile,0.14,0.17004543934176336
toluene:19,toluene:0.0025,toluene,0.0025,primary,ood_low_concentration,low,saturating_mobile,0.14,0.17004543934176336
toluene:20,toluene:0.005,toluene,0.005,primary,ood_low_concentration,low,saturating_mobile,0.09,0.1808960003893016
toluene:21,toluene:0.005,toluene,0.005,primary,ood_low_concentration,low,saturating_mobile,0.1,0.1808960003893016
toluene:22,toluene:0.005,toluene,0.005,primary,ood_low_concentration,low,saturating_mobile,0.09,0.1808960003893016
toluene:23,toluene:0.01,toluene,0.01,primary,ood_low_concentration,low,saturating_mobile,0.3,0.18685767333863257
toluene:24,toluene:0.01,toluene,0.01,primary,ood_low_concentration,low,saturating_mobile,0.31,0.18685767333863257
toluene:25,toluene:0.01,toluene,0.01,primary,ood_low_concentration,low,saturating_mobile,0.24,0.18685767333863257
ethyl_acetate:29,ethyl_acetate:5,ethyl_acetate,5.0,primary,ood_high_concentration,high,fixed_lld,1.5699999999999998,5.404390507613842
ethyl_acetate:30,ethyl_acetate:5,ethyl_acetate,5.0,primary,ood_high_concentration,high,fixed_lld,1.26,5.404390507613842
ethyl_acetate:31,ethyl_acetate:5,ethyl_acetate,5.0,primary,ood_high_concentration,high,fixed_lld,1.34,5.404390507613842
ethyl_acetate:32,ethyl_acetate:10,ethyl_acetate,10.0,primary,ood_high_concentration,high,fixed_lld,2.43,10.753351368995746
ethyl_acetate:33,ethyl_acetate:10,ethyl_acetate,10.0,primary,ood_high_concentration,high,fixed_lld,2.5700000000000003,10.753351368995746
ethyl_acetate:34,ethyl_acetate:10,ethyl_acetate,10.0,primary,ood_high_concentration,high,fixed_lld,3.18,10.753351368995746
ethyl_acetate:29,ethyl_acetate:5,ethyl_acetate,5.0,primary,ood_high_concentration,high,local_mean,1.5699999999999998,0.8371428571428572
ethyl_acetate:30,ethyl_acetate:5,ethyl_acetate,5.0,primary,ood_high_concentration,high,local_mean,1.26,0.8371428571428572
ethyl_acetate:31,ethyl_acetate:5,ethyl_acetate,5.0,primary,ood_high_concentration,high,local_mean,1.34,0.8371428571428572
ethyl_acetate:32,ethyl_acetate:10,ethyl_acetate,10.0,primary,ood_high_concentration,high,local_mean,2.43,0.8371428571428572
ethyl_acetate:33,ethyl_acetate:10,ethyl_acetate,10.0,primary,ood_high_concentration,high,local_mean,2.5700000000000003,0.8371428571428572
ethyl_acetate:34,ethyl_acetate:10,ethyl_acetate,10.0,primary,ood_high_concentration,high,local_mean,3.18,0.8371428571428572
ethyl_acetate:29,ethyl_acetate:5,ethyl_acetate,5.0,primary,ood_high_concentration,high,scaled_lld,1.5699999999999998,2.5267258913187156
ethyl_acetate:30,ethyl_acetate:5,ethyl_acetate,5.0,primary,ood_high_concentration,high,scaled_lld,1.26,2.5267258913187156
ethyl_acetate:31,ethyl_acetate:5,ethyl_acetate,5.0,primary,ood_high_concentration,high,scaled_lld,1.34,2.5267258913187156
ethyl_acetate:32,ethyl_acetate:10,ethyl_acetate,10.0,primary,ood_high_concentration,high,scaled_lld,2.43,5.0275366452905725
ethyl_acetate:33,ethyl_acetate:10,ethyl_acetate,10.0,primary,ood_high_concentration,high,scaled_lld,2.5700000000000003,5.0275366452905725
ethyl_acetate:34,ethyl_acetate:10,ethyl_acetate,10.0,primary,ood_high_concentration,high,scaled_lld,3.18,5.0275366452905725
ethyl_acetate:29,ethyl_acetate:5,ethyl_acetate,5.0,primary,ood_high_concentration,high,saturating_mobile,1.5699999999999998,1.0981165741898031
ethyl_acetate:30,ethyl_acetate:5,ethyl_acetate,5.0,primary,ood_high_concentration,high,saturating_mobile,1.26,1.0981165741898031
ethyl_acetate:31,ethyl_acetate:5,ethyl_acetate,5.0,primary,ood_high_concentration,high,saturating_mobile,1.34,1.0981165741898031
ethyl_acetate:32,ethyl_acetate:10,ethyl_acetate,10.0,primary,ood_high_concentration,high,saturating_mobile,2.43,1.1121253440920083
ethyl_acetate:33,ethyl_acetate:10,ethyl_acetate,10.0,primary,ood_high_concentration,high,saturating_mobile,2.5700000000000003,1.1121253440920083
ethyl_acetate:34,ethyl_acetate:10,ethyl_acetate,10.0,primary,ood_high_concentration,high,saturating_mobile,3.18,1.1121253440920083
hexane:50,hexane:3,hexane,3.0,primary,ood_high_concentration,high,fixed_lld,3.73,3.7086095076774446
hexane:51,hexane:3,hexane,3.0,primary,ood_high_concentration,high,fixed_lld,3.65,3.7086095076774446
hexane:52,hexane:3,hexane,3.0,primary,ood_high_concentration,high,fixed_lld,3.64,3.7086095076774446
hexane:53,hexane:5,hexane,5.0,primary,ood_high_concentration,high,fixed_lld,5.890000000000001,6.168271483559736
hexane:54,hexane:5,hexane,5.0,primary,ood_high_concentration,high,fixed_lld,5.9,6.168271483559736
hexane:55,hexane:5,hexane,5.0,primary,ood_high_concentration,high,fixed_lld,6.0,6.168271483559736
hexane:56,hexane:7,hexane,7.0,primary,ood_high_concentration,high,fixed_lld,9.3,8.617811393697655
hexane:57,hexane:7,hexane,7.0,primary,ood_high_concentration,high,fixed_lld,9.33,8.617811393697655
hexane:58,hexane:7,hexane,7.0,primary,ood_high_concentration,high,fixed_lld,9.24,8.617811393697655
hexane:59,hexane:10,hexane,10.0,primary,ood_high_concentration,high,fixed_lld,12.67,12.273278644211166
hexane:50,hexane:3,hexane,3.0,primary,ood_high_concentration,high,local_mean,3.73,1.0472222222222223
hexane:51,hexane:3,hexane,3.0,primary,ood_high_concentration,high,local_mean,3.65,1.0472222222222223
hexane:52,hexane:3,hexane,3.0,primary,ood_high_concentration,high,local_mean,3.64,1.0472222222222223
hexane:53,hexane:5,hexane,5.0,primary,ood_high_concentration,high,local_mean,5.890000000000001,1.0472222222222223
hexane:54,hexane:5,hexane,5.0,primary,ood_high_concentration,high,local_mean,5.9,1.0472222222222223
hexane:55,hexane:5,hexane,5.0,primary,ood_high_concentration,high,local_mean,6.0,1.0472222222222223
hexane:56,hexane:7,hexane,7.0,primary,ood_high_concentration,high,local_mean,9.3,1.0472222222222223
hexane:57,hexane:7,hexane,7.0,primary,ood_high_concentration,high,local_mean,9.33,1.0472222222222223
hexane:58,hexane:7,hexane,7.0,primary,ood_high_concentration,high,local_mean,9.24,1.0472222222222223
hexane:59,hexane:10,hexane,10.0,primary,ood_high_concentration,high,local_mean,12.67,1.0472222222222223
hexane:50,hexane:3,hexane,3.0,primary,ood_high_concentration,high,scaled_lld,3.73,4.094742612230623
hexane:51,hexane:3,hexane,3.0,primary,ood_high_concentration,high,scaled_lld,3.65,4.094742612230623
hexane:52,hexane:3,hexane,3.0,primary,ood_high_concentration,high,scaled_lld,3.64,4.094742612230623
hexane:53,hexane:5,hexane,5.0,primary,ood_high_concentration,high,scaled_lld,5.890000000000001,6.810499739929971
hexane:54,hexane:5,hexane,5.0,primary,ood_high_concentration,high,scaled_lld,5.9,6.810499739929971
hexane:55,hexane:5,hexane,5.0,primary,ood_high_concentration,high,scaled_lld,6.0,6.810499739929971
hexane:56,hexane:7,hexane,7.0,primary,ood_high_concentration,high,scaled_lld,9.3,9.515080912371296
hexane:57,hexane:7,hexane,7.0,primary,ood_high_concentration,high,scaled_lld,9.33,9.515080912371296
hexane:58,hexane:7,hexane,7.0,primary,ood_high_concentration,high,scaled_lld,9.24,9.515080912371296
hexane:59,hexane:10,hexane,10.0,primary,ood_high_concentration,high,scaled_lld,12.67,13.551148200476042
hexane:50,hexane:3,hexane,3.0,primary,ood_high_concentration,high,saturating_mobile,3.73,3.505007483840574
hexane:51,hexane:3,hexane,3.0,primary,ood_high_concentration,high,saturating_mobile,3.65,3.505007483840574
hexane:52,hexane:3,hexane,3.0,primary,ood_high_concentration,high,saturating_mobile,3.64,3.505007483840574
hexane:53,hexane:5,hexane,5.0,primary,ood_high_concentration,high,saturating_mobile,5.890000000000001,4.5526752849286485
hexane:54,hexane:5,hexane,5.0,primary,ood_high_concentration,high,saturating_mobile,5.9,4.5526752849286485
hexane:55,hexane:5,hexane,5.0,primary,ood_high_concentration,high,saturating_mobile,6.0,4.5526752849286485
hexane:56,hexane:7,hexane,7.0,primary,ood_high_concentration,high,saturating_mobile,9.3,5.221572122508084
hexane:57,hexane:7,hexane,7.0,primary,ood_high_concentration,high,saturating_mobile,9.33,5.221572122508084
hexane:58,hexane:7,hexane,7.0,primary,ood_high_concentration,high,saturating_mobile,9.24,5.221572122508084
hexane:59,hexane:10,hexane,10.0,primary,ood_high_concentration,high,saturating_mobile,12.67,5.86820705018284
toluene:41,toluene:10,toluene,10.0,primary,ood_high_concentration,high,fixed_lld,0.0999999999999999,14.54609222853195
toluene:42,toluene:10,toluene,10.0,primary,ood_high_concentration,high,fixed_lld,0.0999999999999999,14.54609222853195
toluene:43,toluene:10,toluene,10.0,primary,ood_high_concentration,high,fixed_lld,0.14,14.54609222853195
toluene:45,toluene:40,toluene,40.0,primary,ood_high_concentration,high,fixed_lld,0.15,56.44752208087026
toluene:46,toluene:40,toluene,40.0,primary,ood_high_concentration,high,fixed_lld,0.12,56.44752208087026
toluene:47,toluene:50,toluene,50.0,primary,ood_high_concentration,high,fixed_lld,0.2099999999999999,69.86423607299828
toluene:48,toluene:50,toluene,50.0,primary,ood_high_concentration,high,fixed_lld,0.1899999999999999,69.86423607299828
toluene:49,toluene:50,toluene,50.0,primary,ood_high_concentration,high,fixed_lld,0.1799999999999999,69.86423607299828
toluene:50,toluene:50,toluene,50.0,primary,ood_high_concentration,high,fixed_lld,0.17,69.86423607299828
toluene:51,toluene:50,toluene,50.0,primary,ood_high_concentration,high,fixed_lld,0.14,69.86423607299828
toluene:52,toluene:50,toluene,50.0,primary,ood_high_concentration,high,fixed_lld,0.12,69.86423607299828
toluene:41,toluene:10,toluene,10.0,primary,ood_high_concentration,high,local_mean,0.0999999999999999,0.20416666666666666
toluene:42,toluene:10,toluene,10.0,primary,ood_high_concentration,high,local_mean,0.0999999999999999,0.20416666666666666
toluene:43,toluene:10,toluene,10.0,primary,ood_high_concentration,high,local_mean,0.14,0.20416666666666666
toluene:45,toluene:40,toluene,40.0,primary,ood_high_concentration,high,local_mean,0.15,0.20416666666666666
toluene:46,toluene:40,toluene,40.0,primary,ood_high_concentration,high,local_mean,0.12,0.20416666666666666
toluene:47,toluene:50,toluene,50.0,primary,ood_high_concentration,high,local_mean,0.2099999999999999,0.20416666666666666
toluene:48,toluene:50,toluene,50.0,primary,ood_high_concentration,high,local_mean,0.1899999999999999,0.20416666666666666
toluene:49,toluene:50,toluene,50.0,primary,ood_high_concentration,high,local_mean,0.1799999999999999,0.20416666666666666
toluene:50,toluene:50,toluene,50.0,primary,ood_high_concentration,high,local_mean,0.17,0.20416666666666666
toluene:51,toluene:50,toluene,50.0,primary,ood_high_concentration,high,local_mean,0.14,0.20416666666666666
toluene:52,toluene:50,toluene,50.0,primary,ood_high_concentration,high,local_mean,0.12,0.20416666666666666
toluene:41,toluene:10,toluene,10.0,primary,ood_high_concentration,high,scaled_lld,0.0999999999999999,15.918931077376483
toluene:42,toluene:10,toluene,10.0,primary,ood_high_concentration,high,scaled_lld,0.0999999999999999,15.918931077376483
toluene:43,toluene:10,toluene,10.0,primary,ood_high_concentration,high,scaled_lld,0.14,15.918931077376483
toluene:45,toluene:40,toluene,40.0,primary,ood_high_concentration,high,scaled_lld,0.15,61.774956419669934
toluene:46,toluene:40,toluene,40.0,primary,ood_high_concentration,high,scaled_lld,0.12,61.774956419669934
toluene:47,toluene:50,toluene,50.0,primary,ood_high_concentration,high,scaled_lld,0.2099999999999999,76.45792019922202
toluene:48,toluene:50,toluene,50.0,primary,ood_high_concentration,high,scaled_lld,0.1899999999999999,76.45792019922202
toluene:49,toluene:50,toluene,50.0,primary,ood_high_concentration,high,scaled_lld,0.1799999999999999,76.45792019922202
toluene:50,toluene:50,toluene,50.0,primary,ood_high_concentration,high,scaled_lld,0.17,76.45792019922202
toluene:51,toluene:50,toluene,50.0,primary,ood_high_concentration,high,scaled_lld,0.14,76.45792019922202
toluene:52,toluene:50,toluene,50.0,primary,ood_high_concentration,high,scaled_lld,0.12,76.45792019922202
toluene:41,toluene:10,toluene,10.0,primary,ood_high_concentration,high,saturating_mobile,0.0999999999999999,0.25840516296356764
toluene:42,toluene:10,toluene,10.0,primary,ood_high_concentration,high,saturating_mobile,0.0999999999999999,0.25840516296356764
toluene:43,toluene:10,toluene,10.0,primary,ood_high_concentration,high,saturating_mobile,0.14,0.25840516296356764
toluene:45,toluene:40,toluene,40.0,primary,ood_high_concentration,high,saturating_mobile,0.15,0.2584742614761966
toluene:46,toluene:40,toluene,40.0,primary,ood_high_concentration,high,saturating_mobile,0.12,0.2584742614761966
toluene:47,toluene:50,toluene,50.0,primary,ood_high_concentration,high,saturating_mobile,0.2099999999999999,0.258478869357663
toluene:48,toluene:50,toluene,50.0,primary,ood_high_concentration,high,saturating_mobile,0.1899999999999999,0.258478869357663
toluene:49,toluene:50,toluene,50.0,primary,ood_high_concentration,high,saturating_mobile,0.1799999999999999,0.258478869357663
toluene:50,toluene:50,toluene,50.0,primary,ood_high_concentration,high,saturating_mobile,0.17,0.258478869357663
toluene:51,toluene:50,toluene,50.0,primary,ood_high_concentration,high,saturating_mobile,0.14,0.258478869357663
toluene:52,toluene:50,toluene,50.0,primary,ood_high_concentration,high,saturating_mobile,0.12,0.258478869357663
ethyl_acetate:26,ethyl_acetate:3,ethyl_acetate,3.0,including_summaries_sensitivity,grouped_cv,1,fixed_lld,1.28,3.249333962222371
ethyl_acetate:27,ethyl_acetate:3,ethyl_acetate,3.0,including_summaries_sensitivity,grouped_cv,1,fixed_lld,1.25,3.249333962222371
ethyl_acetate:28,ethyl_acetate:3,ethyl_acetate,3.0,including_summaries_sensitivity,grouped_cv,1,fixed_lld,1.1,3.249333962222371
ethyl_acetate:26,ethyl_acetate:3,ethyl_acetate,3.0,including_summaries_sensitivity,grouped_cv,1,local_mean,1.28,1.0958333333333332
ethyl_acetate:27,ethyl_acetate:3,ethyl_acetate,3.0,including_summaries_sensitivity,grouped_cv,1,local_mean,1.25,1.0958333333333332
ethyl_acetate:28,ethyl_acetate:3,ethyl_acetate,3.0,including_summaries_sensitivity,grouped_cv,1,local_mean,1.1,1.0958333333333332
ethyl_acetate:26,ethyl_acetate:3,ethyl_acetate,3.0,including_summaries_sensitivity,grouped_cv,1,scaled_lld,1.28,0.876719539053233
ethyl_acetate:27,ethyl_acetate:3,ethyl_acetate,3.0,including_summaries_sensitivity,grouped_cv,1,scaled_lld,1.25,0.876719539053233
ethyl_acetate:28,ethyl_acetate:3,ethyl_acetate,3.0,including_summaries_sensitivity,grouped_cv,1,scaled_lld,1.1,0.876719539053233
ethyl_acetate:26,ethyl_acetate:3,ethyl_acetate,3.0,including_summaries_sensitivity,grouped_cv,1,saturating_mobile,1.28,1.6533160532654354
ethyl_acetate:27,ethyl_acetate:3,ethyl_acetate,3.0,including_summaries_sensitivity,grouped_cv,1,saturating_mobile,1.25,1.6533160532654354
ethyl_acetate:28,ethyl_acetate:3,ethyl_acetate,3.0,including_summaries_sensitivity,grouped_cv,1,saturating_mobile,1.1,1.6533160532654354
hexane:29,hexane:0.15,hexane,0.15,including_summaries_sensitivity,grouped_cv,1,fixed_lld,0.5,0.18597803468019306
hexane:30,hexane:0.15,hexane,0.15,including_summaries_sensitivity,grouped_cv,1,fixed_lld,0.52,0.18597803468019306
hexane:31,hexane:0.15,hexane,0.15,including_summaries_sensitivity,grouped_cv,1,fixed_lld,0.48,0.18597803468019306
hexane:35,hexane:0.5,hexane,0.5,including_summaries_sensitivity,grouped_cv,1,fixed_lld,0.77,0.6197020547957477
hexane:36,hexane:0.5,hexane,0.5,including_summaries_sensitivity,grouped_cv,1,fixed_lld,0.78,0.6197020547957477
hexane:37,hexane:0.5,hexane,0.5,including_summaries_sensitivity,grouped_cv,1,fixed_lld,0.79,0.6197020547957477
hexane:50,hexane:3,hexane,3.0,including_summaries_sensitivity,grouped_cv,1,fixed_lld,3.73,3.7086095076774446
hexane:51,hexane:3,hexane,3.0,including_summaries_sensitivity,grouped_cv,1,fixed_lld,3.65,3.7086095076774446
hexane:52,hexane:3,hexane,3.0,including_summaries_sensitivity,grouped_cv,1,fixed_lld,3.64,3.7086095076774446
hexane:59,hexane:10,hexane,10.0,including_summaries_sensitivity,grouped_cv,1,fixed_lld,12.67,12.273278644211166
hexane:29,hexane:0.15,hexane,0.15,including_summaries_sensitivity,grouped_cv,1,local_mean,0.5,2.208888888888889
hexane:30,hexane:0.15,hexane,0.15,including_summaries_sensitivity,grouped_cv,1,local_mean,0.52,2.208888888888889
hexane:31,hexane:0.15,hexane,0.15,including_summaries_sensitivity,grouped_cv,1,local_mean,0.48,2.208888888888889
hexane:35,hexane:0.5,hexane,0.5,including_summaries_sensitivity,grouped_cv,1,local_mean,0.77,2.208888888888889
hexane:36,hexane:0.5,hexane,0.5,including_summaries_sensitivity,grouped_cv,1,local_mean,0.78,2.208888888888889
hexane:37,hexane:0.5,hexane,0.5,including_summaries_sensitivity,grouped_cv,1,local_mean,0.79,2.208888888888889
hexane:50,hexane:3,hexane,3.0,including_summaries_sensitivity,grouped_cv,1,local_mean,3.73,2.208888888888889
hexane:51,hexane:3,hexane,3.0,including_summaries_sensitivity,grouped_cv,1,local_mean,3.65,2.208888888888889
hexane:52,hexane:3,hexane,3.0,including_summaries_sensitivity,grouped_cv,1,local_mean,3.64,2.208888888888889
hexane:59,hexane:10,hexane,10.0,including_summaries_sensitivity,grouped_cv,1,local_mean,12.67,2.208888888888889
hexane:29,hexane:0.15,hexane,0.15,including_summaries_sensitivity,grouped_cv,1,scaled_lld,0.5,0.19488462801413892
hexane:30,hexane:0.15,hexane,0.15,including_summaries_sensitivity,grouped_cv,1,scaled_lld,0.52,0.19488462801413892
hexane:31,hexane:0.15,hexane,0.15,including_summaries_sensitivity,grouped_cv,1,scaled_lld,0.48,0.19488462801413892
hexane:35,hexane:0.5,hexane,0.5,including_summaries_sensitivity,grouped_cv,1,scaled_lld,0.77,0.6493799369164377
hexane:36,hexane:0.5,hexane,0.5,including_summaries_sensitivity,grouped_cv,1,scaled_lld,0.78,0.6493799369164377
hexane:37,hexane:0.5,hexane,0.5,including_summaries_sensitivity,grouped_cv,1,scaled_lld,0.79,0.6493799369164377
hexane:50,hexane:3,hexane,3.0,including_summaries_sensitivity,grouped_cv,1,scaled_lld,3.73,3.88621691586459
hexane:51,hexane:3,hexane,3.0,including_summaries_sensitivity,grouped_cv,1,scaled_lld,3.65,3.88621691586459
hexane:52,hexane:3,hexane,3.0,including_summaries_sensitivity,grouped_cv,1,scaled_lld,3.64,3.88621691586459
hexane:59,hexane:10,hexane,10.0,including_summaries_sensitivity,grouped_cv,1,scaled_lld,12.67,12.861052904468112
hexane:29,hexane:0.15,hexane,0.15,including_summaries_sensitivity,grouped_cv,1,saturating_mobile,0.5,0.1941417346400304
hexane:30,hexane:0.15,hexane,0.15,including_summaries_sensitivity,grouped_cv,1,saturating_mobile,0.52,0.1941417346400304
hexane:31,hexane:0.15,hexane,0.15,including_summaries_sensitivity,grouped_cv,1,saturating_mobile,0.48,0.1941417346400304
hexane:35,hexane:0.5,hexane,0.5,including_summaries_sensitivity,grouped_cv,1,saturating_mobile,0.77,0.6470621669529225
hexane:36,hexane:0.5,hexane,0.5,including_summaries_sensitivity,grouped_cv,1,saturating_mobile,0.78,0.6470621669529225
hexane:37,hexane:0.5,hexane,0.5,including_summaries_sensitivity,grouped_cv,1,saturating_mobile,0.79,0.6470621669529225
hexane:50,hexane:3,hexane,3.0,including_summaries_sensitivity,grouped_cv,1,saturating_mobile,3.73,3.879078398586315
hexane:51,hexane:3,hexane,3.0,including_summaries_sensitivity,grouped_cv,1,saturating_mobile,3.65,3.879078398586315
hexane:52,hexane:3,hexane,3.0,including_summaries_sensitivity,grouped_cv,1,saturating_mobile,3.64,3.879078398586315
hexane:59,hexane:10,hexane,10.0,including_summaries_sensitivity,grouped_cv,1,saturating_mobile,12.67,12.89961062270361
toluene:2,toluene:0.0025,toluene,0.0025,including_summaries_sensitivity,grouped_cv,1,fixed_lld,0.13,0.003674197715243912
toluene:3,toluene:0.005,toluene,0.005,including_summaries_sensitivity,grouped_cv,1,fixed_lld,0.09,0.007348376393292602
toluene:10,toluene:0.5,toluene,0.5,including_summaries_sensitivity,grouped_cv,1,fixed_lld,0.47,0.7344608970905568
toluene:16,toluene:50,toluene,50.0,including_summaries_sensitivity,grouped_cv,1,fixed_lld,0.1699999999999999,69.86423607299828
toluene:17,toluene:0.0025,toluene,0.0025,including_summaries_sensitivity,grouped_cv,1,fixed_lld,0.13,0.003674197715243912
toluene:18,toluene:0.0025,toluene,0.0025,including_summaries_sensitivity,grouped_cv,1,fixed_lld,0.14,0.003674197715243912
toluene:19,toluene:0.0025,toluene,0.0025,including_summaries_sensitivity,grouped_cv,1,fixed_lld,0.14,0.003674197715243912
toluene:20,toluene:0.005,toluene,0.005,including_summaries_sensitivity,grouped_cv,1,fixed_lld,0.09,0.007348376393292602
toluene:21,toluene:0.005,toluene,0.005,including_summaries_sensitivity,grouped_cv,1,fixed_lld,0.1,0.007348376393292602
toluene:22,toluene:0.005,toluene,0.005,including_summaries_sensitivity,grouped_cv,1,fixed_lld,0.09,0.007348376393292602
toluene:47,toluene:50,toluene,50.0,including_summaries_sensitivity,grouped_cv,1,fixed_lld,0.2099999999999999,69.86423607299828
toluene:48,toluene:50,toluene,50.0,including_summaries_sensitivity,grouped_cv,1,fixed_lld,0.1899999999999999,69.86423607299828
toluene:49,toluene:50,toluene,50.0,including_summaries_sensitivity,grouped_cv,1,fixed_lld,0.1799999999999999,69.86423607299828
toluene:50,toluene:50,toluene,50.0,including_summaries_sensitivity,grouped_cv,1,fixed_lld,0.17,69.86423607299828
toluene:51,toluene:50,toluene,50.0,including_summaries_sensitivity,grouped_cv,1,fixed_lld,0.14,69.86423607299828
toluene:52,toluene:50,toluene,50.0,including_summaries_sensitivity,grouped_cv,1,fixed_lld,0.12,69.86423607299828
toluene:2,toluene:0.0025,toluene,0.0025,including_summaries_sensitivity,grouped_cv,1,local_mean,0.13,0.25159090909090903
toluene:3,toluene:0.005,toluene,0.005,including_summaries_sensitivity,grouped_cv,1,local_mean,0.09,0.25159090909090903
toluene:10,toluene:0.5,toluene,0.5,including_summaries_sensitivity,grouped_cv,1,local_mean,0.47,0.25159090909090903
toluene:16,toluene:50,toluene,50.0,including_summaries_sensitivity,grouped_cv,1,local_mean,0.1699999999999999,0.25159090909090903
toluene:17,toluene:0.0025,toluene,0.0025,including_summaries_sensitivity,grouped_cv,1,local_mean,0.13,0.25159090909090903
toluene:18,toluene:0.0025,toluene,0.0025,including_summaries_sensitivity,grouped_cv,1,local_mean,0.14,0.25159090909090903
toluene:19,toluene:0.0025,toluene,0.0025,including_summaries_sensitivity,grouped_cv,1,local_mean,0.14,0.25159090909090903
toluene:20,toluene:0.005,toluene,0.005,including_summaries_sensitivity,grouped_cv,1,local_mean,0.09,0.25159090909090903
toluene:21,toluene:0.005,toluene,0.005,including_summaries_sensitivity,grouped_cv,1,local_mean,0.1,0.25159090909090903
toluene:22,toluene:0.005,toluene,0.005,including_summaries_sensitivity,grouped_cv,1,local_mean,0.09,0.25159090909090903
toluene:47,toluene:50,toluene,50.0,including_summaries_sensitivity,grouped_cv,1,local_mean,0.2099999999999999,0.25159090909090903
toluene:48,toluene:50,toluene,50.0,including_summaries_sensitivity,grouped_cv,1,local_mean,0.1899999999999999,0.25159090909090903
toluene:49,toluene:50,toluene,50.0,including_summaries_sensitivity,grouped_cv,1,local_mean,0.1799999999999999,0.25159090909090903
toluene:50,toluene:50,toluene,50.0,including_summaries_sensitivity,grouped_cv,1,local_mean,0.17,0.25159090909090903
toluene:51,toluene:50,toluene,50.0,including_summaries_sensitivity,grouped_cv,1,local_mean,0.14,0.25159090909090903
toluene:52,toluene:50,toluene,50.0,including_summaries_sensitivity,grouped_cv,1,local_mean,0.12,0.25159090909090903
toluene:2,toluene:0.0025,toluene,0.0025,including_summaries_sensitivity,grouped_cv,1,scaled_lld,0.13,1.4406072258321316e-05
toluene:3,toluene:0.005,toluene,0.005,including_summaries_sensitivity,grouped_cv,1,scaled_lld,0.09,2.8812069874167943e-05
toluene:10,toluene:0.5,toluene,0.5,including_summaries_sensitivity,grouped_cv,1,scaled_lld,0.47,0.0028797298279566474
toluene:16,toluene:50,toluene,50.0,including_summaries_sensitivity,grouped_cv,1,scaled_lld,0.1699999999999999,0.27392898018641804
toluene:17,toluene:0.0025,toluene,0.0025,including_summaries_sensitivity,grouped_cv,1,scaled_lld,0.13,1.4406072258321316e-05
toluene:18,toluene:0.0025,toluene,0.0025,including_summaries_sensitivity,grouped_cv,1,scaled_lld,0.14,1.4406072258321316e-05
toluene:19,toluene:0.0025,toluene,0.0025,including_summaries_sensitivity,grouped_cv,1,scaled_lld,0.14,1.4406072258321316e-05
toluene:20,toluene:0.005,toluene,0.005,including_summaries_sensitivity,grouped_cv,1,scaled_lld,0.09,2.8812069874167943e-05
toluene:21,toluene:0.005,toluene,0.005,including_summaries_sensitivity,grouped_cv,1,scaled_lld,0.1,2.8812069874167943e-05
toluene:22,toluene:0.005,toluene,0.005,including_summaries_sensitivity,grouped_cv,1,scaled_lld,0.09,2.8812069874167943e-05
toluene:47,toluene:50,toluene,50.0,including_summaries_sensitivity,grouped_cv,1,scaled_lld,0.2099999999999999,0.27392898018641804
toluene:48,toluene:50,toluene,50.0,including_summaries_sensitivity,grouped_cv,1,scaled_lld,0.1899999999999999,0.27392898018641804
toluene:49,toluene:50,toluene,50.0,including_summaries_sensitivity,grouped_cv,1,scaled_lld,0.1799999999999999,0.27392898018641804
toluene:50,toluene:50,toluene,50.0,including_summaries_sensitivity,grouped_cv,1,scaled_lld,0.17,0.27392898018641804
toluene:51,toluene:50,toluene,50.0,including_summaries_sensitivity,grouped_cv,1,scaled_lld,0.14,0.27392898018641804
toluene:52,toluene:50,toluene,50.0,including_summaries_sensitivity,grouped_cv,1,scaled_lld,0.12,0.27392898018641804
toluene:2,toluene:0.0025,toluene,0.0025,including_summaries_sensitivity,grouped_cv,1,saturating_mobile,0.13,0.1316434584918395
toluene:3,toluene:0.005,toluene,0.005,including_summaries_sensitivity,grouped_cv,1,saturating_mobile,0.09,0.17569873662626703
toluene:10,toluene:0.5,toluene,0.5,including_summaries_sensitivity,grouped_cv,1,saturating_mobile,0.47,0.2627504511018051
toluene:16,toluene:50,toluene,50.0,including_summaries_sensitivity,grouped_cv,1,saturating_mobile,0.1699999999999999,0.26405875689565617
toluene:17,toluene:0.0025,toluene,0.0025,including_summaries_sensitivity,grouped_cv,1,saturating_mobile,0.13,0.1316434584918395
toluene:18,toluene:0.0025,toluene,0.0025,including_summaries_sensitivity,grouped_cv,1,saturating_mobile,0.14,0.1316434584918395
toluene:19,toluene:0.0025,toluene,0.0025,including_summaries_sensitivity,grouped_cv,1,saturating_mobile,0.14,0.1316434584918395
toluene:20,toluene:0.005,toluene,0.005,including_summaries_sensitivity,grouped_cv,1,saturating_mobile,0.09,0.17569873662626703
toluene:21,toluene:0.005,toluene,0.005,including_summaries_sensitivity,grouped_cv,1,saturating_mobile,0.1,0.17569873662626703
toluene:22,toluene:0.005,toluene,0.005,including_summaries_sensitivity,grouped_cv,1,saturating_mobile,0.09,0.17569873662626703
toluene:47,toluene:50,toluene,50.0,including_summaries_sensitivity,grouped_cv,1,saturating_mobile,0.2099999999999999,0.26405875689565617
toluene:48,toluene:50,toluene,50.0,including_summaries_sensitivity,grouped_cv,1,saturating_mobile,0.1899999999999999,0.26405875689565617
toluene:49,toluene:50,toluene,50.0,including_summaries_sensitivity,grouped_cv,1,saturating_mobile,0.1799999999999999,0.26405875689565617
toluene:50,toluene:50,toluene,50.0,including_summaries_sensitivity,grouped_cv,1,saturating_mobile,0.17,0.26405875689565617
toluene:51,toluene:50,toluene,50.0,including_summaries_sensitivity,grouped_cv,1,saturating_mobile,0.14,0.26405875689565617
toluene:52,toluene:50,toluene,50.0,including_summaries_sensitivity,grouped_cv,1,saturating_mobile,0.12,0.26405875689565617
ethyl_acetate:2,ethyl_acetate:0.1,ethyl_acetate,0.1,including_summaries_sensitivity,grouped_cv,2,fixed_lld,0.53,0.10863659294136205
ethyl_acetate:3,ethyl_acetate:0.1,ethyl_acetate,0.1,including_summaries_sensitivity,grouped_cv,2,fixed_lld,0.54,0.10863659294136205
ethyl_acetate:4,ethyl_acetate:0.1,ethyl_acetate,0.1,including_summaries_sensitivity,grouped_cv,2,fixed_lld,0.54,0.10863659294136205
ethyl_acetate:14,ethyl_acetate:0.1,ethyl_acetate,0.1,including_summaries_sensitivity,grouped_cv,2,fixed_lld,0.26,0.10863659294136205
ethyl_acetate:15,ethyl_acetate:0.1,ethyl_acetate,0.1,including_summaries_sensitivity,grouped_cv,2,fixed_lld,0.31,0.10863659294136205
ethyl_acetate:16,ethyl_acetate:0.1,ethyl_acetate,0.1,including_summaries_sensitivity,grouped_cv,2,fixed_lld,0.33,0.10863659294136205
ethyl_acetate:32,ethyl_acetate:10,ethyl_acetate,10.0,including_summaries_sensitivity,grouped_cv,2,fixed_lld,2.43,10.753351368995746
ethyl_acetate:33,ethyl_acetate:10,ethyl_acetate,10.0,including_summaries_sensitivity,grouped_cv,2,fixed_lld,2.5700000000000003,10.753351368995746
ethyl_acetate:34,ethyl_acetate:10,ethyl_acetate,10.0,including_summaries_sensitivity,grouped_cv,2,fixed_lld,3.18,10.753351368995746
ethyl_acetate:2,ethyl_acetate:0.1,ethyl_acetate,0.1,including_summaries_sensitivity,grouped_cv,2,local_mean,0.53,0.975952380952381
ethyl_acetate:3,ethyl_acetate:0.1,ethyl_acetate,0.1,including_summaries_sensitivity,grouped_cv,2,local_mean,0.54,0.975952380952381
ethyl_acetate:4,ethyl_acetate:0.1,ethyl_acetate,0.1,including_summaries_sensitivity,grouped_cv,2,local_mean,0.54,0.975952380952381
ethyl_acetate:14,ethyl_acetate:0.1,ethyl_acetate,0.1,including_summaries_sensitivity,grouped_cv,2,local_mean,0.26,0.975952380952381
ethyl_acetate:15,ethyl_acetate:0.1,ethyl_acetate,0.1,including_summaries_sensitivity,grouped_cv,2,local_mean,0.31,0.975952380952381
ethyl_acetate:16,ethyl_acetate:0.1,ethyl_acetate,0.1,including_summaries_sensitivity,grouped_cv,2,local_mean,0.33,0.975952380952381
ethyl_acetate:32,ethyl_acetate:10,ethyl_acetate,10.0,including_summaries_sensitivity,grouped_cv,2,local_mean,2.43,0.975952380952381
ethyl_acetate:33,ethyl_acetate:10,ethyl_acetate,10.0,including_summaries_sensitivity,grouped_cv,2,local_mean,2.5700000000000003,0.975952380952381
ethyl_acetate:34,ethyl_acetate:10,ethyl_acetate,10.0,including_summaries_sensitivity,grouped_cv,2,local_mean,3.18,0.975952380952381
ethyl_acetate:2,ethyl_acetate:0.1,ethyl_acetate,0.1,including_summaries_sensitivity,grouped_cv,2,scaled_lld,0.53,0.03620133178710523
ethyl_acetate:3,ethyl_acetate:0.1,ethyl_acetate,0.1,including_summaries_sensitivity,grouped_cv,2,scaled_lld,0.54,0.03620133178710523
ethyl_acetate:4,ethyl_acetate:0.1,ethyl_acetate,0.1,including_summaries_sensitivity,grouped_cv,2,scaled_lld,0.54,0.03620133178710523
ethyl_acetate:14,ethyl_acetate:0.1,ethyl_acetate,0.1,including_summaries_sensitivity,grouped_cv,2,scaled_lld,0.26,0.03620133178710523
ethyl_acetate:15,ethyl_acetate:0.1,ethyl_acetate,0.1,including_summaries_sensitivity,grouped_cv,2,scaled_lld,0.31,0.03620133178710523
ethyl_acetate:16,ethyl_acetate:0.1,ethyl_acetate,0.1,including_summaries_sensitivity,grouped_cv,2,scaled_lld,0.33,0.03620133178710523
ethyl_acetate:32,ethyl_acetate:10,ethyl_acetate,10.0,including_summaries_sensitivity,grouped_cv,2,scaled_lld,2.43,3.5833749033574627
ethyl_acetate:33,ethyl_acetate:10,ethyl_acetate,10.0,including_summaries_sensitivity,grouped_cv,2,scaled_lld,2.5700000000000003,3.5833749033574627
ethyl_acetate:34,ethyl_acetate:10,ethyl_acetate,10.0,including_summaries_sensitivity,grouped_cv,2,scaled_lld,3.18,3.5833749033574627
ethyl_acetate:2,ethyl_acetate:0.1,ethyl_acetate,0.1,including_summaries_sensitivity,grouped_cv,2,saturating_mobile,0.53,0.4806457968407442
ethyl_acetate:3,ethyl_acetate:0.1,ethyl_acetate,0.1,including_summaries_sensitivity,grouped_cv,2,saturating_mobile,0.54,0.4806457968407442
ethyl_acetate:4,ethyl_acetate:0.1,ethyl_acetate,0.1,including_summaries_sensitivity,grouped_cv,2,saturating_mobile,0.54,0.4806457968407442
ethyl_acetate:14,ethyl_acetate:0.1,ethyl_acetate,0.1,including_summaries_sensitivity,grouped_cv,2,saturating_mobile,0.26,0.4806457968407442
ethyl_acetate:15,ethyl_acetate:0.1,ethyl_acetate,0.1,including_summaries_sensitivity,grouped_cv,2,saturating_mobile,0.31,0.4806457968407442
ethyl_acetate:16,ethyl_acetate:0.1,ethyl_acetate,0.1,including_summaries_sensitivity,grouped_cv,2,saturating_mobile,0.33,0.4806457968407442
ethyl_acetate:32,ethyl_acetate:10,ethyl_acetate,10.0,including_summaries_sensitivity,grouped_cv,2,saturating_mobile,2.43,1.2004183196692635
ethyl_acetate:33,ethyl_acetate:10,ethyl_acetate,10.0,including_summaries_sensitivity,grouped_cv,2,saturating_mobile,2.5700000000000003,1.2004183196692635
ethyl_acetate:34,ethyl_acetate:10,ethyl_acetate,10.0,including_summaries_sensitivity,grouped_cv,2,saturating_mobile,3.18,1.2004183196692635
hexane:14,hexane:0.07,hexane,0.07,including_summaries_sensitivity,grouped_cv,2,fixed_lld,0.13,0.08679694400068515
hexane:15,hexane:0.07,hexane,0.07,including_summaries_sensitivity,grouped_cv,2,fixed_lld,0.1499999999999999,0.08679694400068515
hexane:16,hexane:0.07,hexane,0.07,including_summaries_sensitivity,grouped_cv,2,fixed_lld,0.1399999999999999,0.08679694400068515
hexane:17,hexane:0.07,hexane,0.07,including_summaries_sensitivity,grouped_cv,2,fixed_lld,0.23,0.08679694400068515
hexane:18,hexane:0.07,hexane,0.07,including_summaries_sensitivity,grouped_cv,2,fixed_lld,0.21,0.08679694400068515
hexane:19,hexane:0.07,hexane,0.07,including_summaries_sensitivity,grouped_cv,2,fixed_lld,0.2199999999999999,0.08679694400068515
hexane:38,hexane:1,hexane,1.0,including_summaries_sensitivity,grouped_cv,2,fixed_lld,1.42,1.238762596077214
hexane:39,hexane:1,hexane,1.0,including_summaries_sensitivity,grouped_cv,2,fixed_lld,1.42,1.238762596077214
hexane:40,hexane:1,hexane,1.0,including_summaries_sensitivity,grouped_cv,2,fixed_lld,1.44,1.238762596077214
hexane:44,hexane:2,hexane,2.0,including_summaries_sensitivity,grouped_cv,2,fixed_lld,2.9799999999999995,2.4749631185327585
hexane:45,hexane:2,hexane,2.0,including_summaries_sensitivity,grouped_cv,2,fixed_lld,2.96,2.4749631185327585
hexane:46,hexane:2,hexane,2.0,including_summaries_sensitivity,grouped_cv,2,fixed_lld,2.99,2.4749631185327585
hexane:56,hexane:7,hexane,7.0,including_summaries_sensitivity,grouped_cv,2,fixed_lld,9.3,8.617811393697655
hexane:57,hexane:7,hexane,7.0,including_summaries_sensitivity,grouped_cv,2,fixed_lld,9.33,8.617811393697655
hexane:58,hexane:7,hexane,7.0,including_summaries_sensitivity,grouped_cv,2,fixed_lld,9.24,8.617811393697655
hexane:14,hexane:0.07,hexane,0.07,including_summaries_sensitivity,grouped_cv,2,local_mean,0.13,2.5213888888888887
hexane:15,hexane:0.07,hexane,0.07,including_summaries_sensitivity,grouped_cv,2,local_mean,0.1499999999999999,2.5213888888888887
hexane:16,hexane:0.07,hexane,0.07,including_summaries_sensitivity,grouped_cv,2,local_mean,0.1399999999999999,2.5213888888888887
hexane:17,hexane:0.07,hexane,0.07,including_summaries_sensitivity,grouped_cv,2,local_mean,0.23,2.5213888888888887
hexane:18,hexane:0.07,hexane,0.07,including_summaries_sensitivity,grouped_cv,2,local_mean,0.21,2.5213888888888887
hexane:19,hexane:0.07,hexane,0.07,including_summaries_sensitivity,grouped_cv,2,local_mean,0.2199999999999999,2.5213888888888887
hexane:38,hexane:1,hexane,1.0,including_summaries_sensitivity,grouped_cv,2,local_mean,1.42,2.5213888888888887
hexane:39,hexane:1,hexane,1.0,including_summaries_sensitivity,grouped_cv,2,local_mean,1.42,2.5213888888888887
hexane:40,hexane:1,hexane,1.0,including_summaries_sensitivity,grouped_cv,2,local_mean,1.44,2.5213888888888887
hexane:44,hexane:2,hexane,2.0,including_summaries_sensitivity,grouped_cv,2,local_mean,2.9799999999999995,2.5213888888888887
hexane:45,hexane:2,hexane,2.0,including_summaries_sensitivity,grouped_cv,2,local_mean,2.96,2.5213888888888887
hexane:46,hexane:2,hexane,2.0,including_summaries_sensitivity,grouped_cv,2,local_mean,2.99,2.5213888888888887
hexane:56,hexane:7,hexane,7.0,including_summaries_sensitivity,grouped_cv,2,local_mean,9.3,2.5213888888888887
hexane:57,hexane:7,hexane,7.0,including_summaries_sensitivity,grouped_cv,2,local_mean,9.33,2.5213888888888887
hexane:58,hexane:7,hexane,7.0,including_summaries_sensitivity,grouped_cv,2,local_mean,9.24,2.5213888888888887
hexane:14,hexane:0.07,hexane,0.07,including_summaries_sensitivity,grouped_cv,2,scaled_lld,0.13,0.08840268400081323
hexane:15,hexane:0.07,hexane,0.07,including_summaries_sensitivity,grouped_cv,2,scaled_lld,0.1499999999999999,0.08840268400081323
hexane:16,hexane:0.07,hexane,0.07,including_summaries_sensitivity,grouped_cv,2,scaled_lld,0.1399999999999999,0.08840268400081323
hexane:17,hexane:0.07,hexane,0.07,including_summaries_sensitivity,grouped_cv,2,scaled_lld,0.23,0.08840268400081323
hexane:18,hexane:0.07,hexane,0.07,including_summaries_sensitivity,grouped_cv,2,scaled_lld,0.21,0.08840268400081323
hexane:19,hexane:0.07,hexane,0.07,including_summaries_sensitivity,grouped_cv,2,scaled_lld,0.2199999999999999,0.08840268400081323
hexane:38,hexane:1,hexane,1.0,including_summaries_sensitivity,grouped_cv,2,scaled_lld,1.42,1.261679654668217
hexane:39,hexane:1,hexane,1.0,including_summaries_sensitivity,grouped_cv,2,scaled_lld,1.42,1.261679654668217
hexane:40,hexane:1,hexane,1.0,including_summaries_sensitivity,grouped_cv,2,scaled_lld,1.44,1.261679654668217
hexane:44,hexane:2,hexane,2.0,including_summaries_sensitivity,grouped_cv,2,scaled_lld,2.9799999999999995,2.5207498374550106
hexane:45,hexane:2,hexane,2.0,including_summaries_sensitivity,grouped_cv,2,scaled_lld,2.96,2.5207498374550106
hexane:46,hexane:2,hexane,2.0,including_summaries_sensitivity,grouped_cv,2,scaled_lld,2.99,2.5207498374550106
hexane:56,hexane:7,hexane,7.0,including_summaries_sensitivity,grouped_cv,2,scaled_lld,9.3,8.777240560562225
hexane:57,hexane:7,hexane,7.0,including_summaries_sensitivity,grouped_cv,2,scaled_lld,9.33,8.777240560562225
hexane:58,hexane:7,hexane,7.0,including_summaries_sensitivity,grouped_cv,2,scaled_lld,9.24,8.777240560562225
hexane:14,hexane:0.07,hexane,0.07,including_summaries_sensitivity,grouped_cv,2,saturating_mobile,0.13,0.08775729157698577
hexane:15,hexane:0.07,hexane,0.07,including_summaries_sensitivity,grouped_cv,2,saturating_mobile,0.1499999999999999,0.08775729157698577
hexane:16,hexane:0.07,hexane,0.07,including_summaries_sensitivity,grouped_cv,2,saturating_mobile,0.1399999999999999,0.08775729157698577
hexane:17,hexane:0.07,hexane,0.07,including_summaries_sensitivity,grouped_cv,2,saturating_mobile,0.23,0.08775729157698577
hexane:18,hexane:0.07,hexane,0.07,including_summaries_sensitivity,grouped_cv,2,saturating_mobile,0.21,0.08775729157698577
hexane:19,hexane:0.07,hexane,0.07,including_summaries_sensitivity,grouped_cv,2,saturating_mobile,0.2199999999999999,0.08775729157698577
hexane:38,hexane:1,hexane,1.0,including_summaries_sensitivity,grouped_cv,2,saturating_mobile,1.42,1.253529442664962
hexane:39,hexane:1,hexane,1.0,including_summaries_sensitivity,grouped_cv,2,saturating_mobile,1.42,1.253529442664962
hexane:40,hexane:1,hexane,1.0,including_summaries_sensitivity,grouped_cv,2,saturating_mobile,1.44,1.253529442664962
hexane:44,hexane:2,hexane,2.0,including_summaries_sensitivity,grouped_cv,2,saturating_mobile,2.9799999999999995,2.506744657506581
hexane:45,hexane:2,hexane,2.0,including_summaries_sensitivity,grouped_cv,2,saturating_mobile,2.96,2.506744657506581
hexane:46,hexane:2,hexane,2.0,including_summaries_sensitivity,grouped_cv,2,saturating_mobile,2.99,2.506744657506581
hexane:56,hexane:7,hexane,7.0,including_summaries_sensitivity,grouped_cv,2,saturating_mobile,9.3,8.768111447141399
hexane:57,hexane:7,hexane,7.0,including_summaries_sensitivity,grouped_cv,2,saturating_mobile,9.33,8.768111447141399
hexane:58,hexane:7,hexane,7.0,including_summaries_sensitivity,grouped_cv,2,saturating_mobile,9.24,8.768111447141399
toluene:9,toluene:0.25,toluene,0.25,including_summaries_sensitivity,grouped_cv,2,fixed_lld,0.31,0.36732556132656446
toluene:38,toluene:0.25,toluene,0.25,including_summaries_sensitivity,grouped_cv,2,fixed_lld,0.26,0.36732556132656446
toluene:39,toluene:0.25,toluene,0.25,including_summaries_sensitivity,grouped_cv,2,fixed_lld,0.31,0.36732556132656446
toluene:40,toluene:0.25,toluene,0.25,including_summaries_sensitivity,grouped_cv,2,fixed_lld,0.39,0.36732556132656446
toluene:9,toluene:0.25,toluene,0.25,including_summaries_sensitivity,grouped_cv,2,local_mean,0.31,0.23686224489795915
toluene:38,toluene:0.25,toluene,0.25,including_summaries_sensitivity,grouped_cv,2,local_mean,0.26,0.23686224489795915
toluene:39,toluene:0.25,toluene,0.25,including_summaries_sensitivity,grouped_cv,2,local_mean,0.31,0.23686224489795915
toluene:40,toluene:0.25,toluene,0.25,including_summaries_sensitivity,grouped_cv,2,local_mean,0.39,0.23686224489795915
toluene:9,toluene:0.25,toluene,0.25,including_summaries_sensitivity,grouped_cv,2,scaled_lld,0.31,0.0011243762117840424
toluene:38,toluene:0.25,toluene,0.25,including_summaries_sensitivity,grouped_cv,2,scaled_lld,0.26,0.0011243762117840424
toluene:39,toluene:0.25,toluene,0.25,including_summaries_sensitivity,grouped_cv,2,scaled_lld,0.31,0.0011243762117840424
toluene:40,toluene:0.25,toluene,0.25,including_summaries_sensitivity,grouped_cv,2,scaled_lld,0.39,0.0011243762117840424
toluene:9,toluene:0.25,toluene,0.25,including_summaries_sensitivity,grouped_cv,2,saturating_mobile,0.31,0.268629057287578
toluene:38,toluene:0.25,toluene,0.25,including_summaries_sensitivity,grouped_cv,2,saturating_mobile,0.26,0.268629057287578
toluene:39,toluene:0.25,toluene,0.25,including_summaries_sensitivity,grouped_cv,2,saturating_mobile,0.31,0.268629057287578
toluene:40,toluene:0.25,toluene,0.25,including_summaries_sensitivity,grouped_cv,2,saturating_mobile,0.39,0.268629057287578
ethyl_acetate:5,ethyl_acetate:0.15,ethyl_acetate,0.15,including_summaries_sensitivity,grouped_cv,3,fixed_lld,0.6699999999999999,0.16294644746574394
ethyl_acetate:6,ethyl_acetate:0.15,ethyl_acetate,0.15,including_summaries_sensitivity,grouped_cv,3,fixed_lld,0.6499999999999999,0.16294644746574394
ethyl_acetate:7,ethyl_acetate:0.15,ethyl_acetate,0.15,including_summaries_sensitivity,grouped_cv,3,fixed_lld,0.71,0.16294644746574394
ethyl_acetate:20,ethyl_acetate:1,ethyl_acetate,1.0,including_summaries_sensitivity,grouped_cv,3,fixed_lld,0.68,1.0853537872433594
ethyl_acetate:21,ethyl_acetate:1,ethyl_acetate,1.0,including_summaries_sensitivity,grouped_cv,3,fixed_lld,0.68,1.0853537872433594
ethyl_acetate:22,ethyl_acetate:1,ethyl_acetate,1.0,including_summaries_sensitivity,grouped_cv,3,fixed_lld,0.62,1.0853537872433594
ethyl_acetate:5,ethyl_acetate:0.15,ethyl_acetate,0.15,including_summaries_sensitivity,grouped_cv,3,local_mean,0.6699999999999999,1.2342857142857144
ethyl_acetate:6,ethyl_acetate:0.15,ethyl_acetate,0.15,including_summaries_sensitivity,grouped_cv,3,local_mean,0.6499999999999999,1.2342857142857144
ethyl_acetate:7,ethyl_acetate:0.15,ethyl_acetate,0.15,including_summaries_sensitivity,grouped_cv,3,local_mean,0.71,1.2342857142857144
ethyl_acetate:20,ethyl_acetate:1,ethyl_acetate,1.0,including_summaries_sensitivity,grouped_cv,3,local_mean,0.68,1.2342857142857144
ethyl_acetate:21,ethyl_acetate:1,ethyl_acetate,1.0,including_summaries_sensitivity,grouped_cv,3,local_mean,0.68,1.2342857142857144
ethyl_acetate:22,ethyl_acetate:1,ethyl_acetate,1.0,including_summaries_sensitivity,grouped_cv,3,local_mean,0.62,1.2342857142857144
ethyl_acetate:5,ethyl_acetate:0.15,ethyl_acetate,0.15,including_summaries_sensitivity,grouped_cv,3,scaled_lld,0.6699999999999999,0.044555695284229584
ethyl_acetate:6,ethyl_acetate:0.15,ethyl_acetate,0.15,including_summaries_sensitivity,grouped_cv,3,scaled_lld,0.6499999999999999,0.044555695284229584
ethyl_acetate:7,ethyl_acetate:0.15,ethyl_acetate,0.15,including_summaries_sensitivity,grouped_cv,3,scaled_lld,0.71,0.044555695284229584
ethyl_acetate:20,ethyl_acetate:1,ethyl_acetate,1.0,including_summaries_sensitivity,grouped_cv,3,scaled_lld,0.68,0.29677659974861414
ethyl_acetate:21,ethyl_acetate:1,ethyl_acetate,1.0,including_summaries_sensitivity,grouped_cv,3,scaled_lld,0.68,0.29677659974861414
ethyl_acetate:22,ethyl_acetate:1,ethyl_acetate,1.0,including_summaries_sensitivity,grouped_cv,3,scaled_lld,0.62,0.29677659974861414
ethyl_acetate:5,ethyl_acetate:0.15,ethyl_acetate,0.15,including_summaries_sensitivity,grouped_cv,3,saturating_mobile,0.6699999999999999,0.13041700514644375
ethyl_acetate:6,ethyl_acetate:0.15,ethyl_acetate,0.15,including_summaries_sensitivity,grouped_cv,3,saturating_mobile,0.6499999999999999,0.13041700514644375
ethyl_acetate:7,ethyl_acetate:0.15,ethyl_acetate,0.15,including_summaries_sensitivity,grouped_cv,3,saturating_mobile,0.71,0.13041700514644375
ethyl_acetate:20,ethyl_acetate:1,ethyl_acetate,1.0,including_summaries_sensitivity,grouped_cv,3,saturating_mobile,0.68,0.7038777779122536
ethyl_acetate:21,ethyl_acetate:1,ethyl_acetate,1.0,including_summaries_sensitivity,grouped_cv,3,saturating_mobile,0.68,0.7038777779122536
ethyl_acetate:22,ethyl_acetate:1,ethyl_acetate,1.0,including_summaries_sensitivity,grouped_cv,3,saturating_mobile,0.62,0.7038777779122536
hexane:8,hexane:0.05,hexane,0.05,including_summaries_sensitivity,grouped_cv,3,fixed_lld,0.14,0.06199910200562607
hexane:9,hexane:0.05,hexane,0.05,including_summaries_sensitivity,grouped_cv,3,fixed_lld,0.18,0.06199910200562607
hexane:10,hexane:0.05,hexane,0.05,including_summaries_sensitivity,grouped_cv,3,fixed_lld,0.14,0.06199910200562607
hexane:11,hexane:0.05,hexane,0.05,including_summaries_sensitivity,grouped_cv,3,fixed_lld,0.15,0.06199910200562607
hexane:12,hexane:0.05,hexane,0.05,including_summaries_sensitivity,grouped_cv,3,fixed_lld,0.1499999999999999,0.06199910200562607
hexane:13,hexane:0.05,hexane,0.05,including_summaries_sensitivity,grouped_cv,3,fixed_lld,0.1699999999999999,0.06199910200562607
hexane:23,hexane:0.1,hexane,0.1,including_summaries_sensitivity,grouped_cv,3,fixed_lld,0.41,0.12399177989955329
hexane:24,hexane:0.1,hexane,0.1,including_summaries_sensitivity,grouped_cv,3,fixed_lld,0.42,0.12399177989955329
hexane:25,hexane:0.1,hexane,0.1,including_summaries_sensitivity,grouped_cv,3,fixed_lld,0.43,0.12399177989955329
hexane:26,hexane:0.1,hexane,0.1,including_summaries_sensitivity,grouped_cv,3,fixed_lld,0.31,0.12399177989955329
hexane:27,hexane:0.1,hexane,0.1,including_summaries_sensitivity,grouped_cv,3,fixed_lld,0.29,0.12399177989955329
hexane:28,hexane:0.1,hexane,0.1,including_summaries_sensitivity,grouped_cv,3,fixed_lld,0.31,0.12399177989955329
hexane:41,hexane:1.5,hexane,1.5,including_summaries_sensitivity,grouped_cv,3,fixed_lld,2.22,1.8571826194680634
hexane:42,hexane:1.5,hexane,1.5,including_summaries_sensitivity,grouped_cv,3,fixed_lld,2.22,1.8571826194680634
hexane:43,hexane:1.5,hexane,1.5,including_summaries_sensitivity,grouped_cv,3,fixed_lld,2.21,1.8571826194680634
hexane:47,hexane:2.5,hexane,2.5,including_summaries_sensitivity,grouped_cv,3,fixed_lld,2.98,3.092105084781883
hexane:48,hexane:2.5,hexane,2.5,including_summaries_sensitivity,grouped_cv,3,fixed_lld,3.06,3.092105084781883
hexane:49,hexane:2.5,hexane,2.5,including_summaries_sensitivity,grouped_cv,3,fixed_lld,3.01,3.092105084781883
hexane:8,hexane:0.05,hexane,0.05,including_summaries_sensitivity,grouped_cv,3,local_mean,0.14,3.198333333333333
hexane:9,hexane:0.05,hexane,0.05,including_summaries_sensitivity,grouped_cv,3,local_mean,0.18,3.198333333333333
hexane:10,hexane:0.05,hexane,0.05,including_summaries_sensitivity,grouped_cv,3,local_mean,0.14,3.198333333333333
hexane:11,hexane:0.05,hexane,0.05,including_summaries_sensitivity,grouped_cv,3,local_mean,0.15,3.198333333333333
hexane:12,hexane:0.05,hexane,0.05,including_summaries_sensitivity,grouped_cv,3,local_mean,0.1499999999999999,3.198333333333333
hexane:13,hexane:0.05,hexane,0.05,including_summaries_sensitivity,grouped_cv,3,local_mean,0.1699999999999999,3.198333333333333
hexane:23,hexane:0.1,hexane,0.1,including_summaries_sensitivity,grouped_cv,3,local_mean,0.41,3.198333333333333
hexane:24,hexane:0.1,hexane,0.1,including_summaries_sensitivity,grouped_cv,3,local_mean,0.42,3.198333333333333
hexane:25,hexane:0.1,hexane,0.1,including_summaries_sensitivity,grouped_cv,3,local_mean,0.43,3.198333333333333
hexane:26,hexane:0.1,hexane,0.1,including_summaries_sensitivity,grouped_cv,3,local_mean,0.31,3.198333333333333
hexane:27,hexane:0.1,hexane,0.1,including_summaries_sensitivity,grouped_cv,3,local_mean,0.29,3.198333333333333
hexane:28,hexane:0.1,hexane,0.1,including_summaries_sensitivity,grouped_cv,3,local_mean,0.31,3.198333333333333
hexane:41,hexane:1.5,hexane,1.5,including_summaries_sensitivity,grouped_cv,3,local_mean,2.22,3.198333333333333
hexane:42,hexane:1.5,hexane,1.5,including_summaries_sensitivity,grouped_cv,3,local_mean,2.22,3.198333333333333
hexane:43,hexane:1.5,hexane,1.5,including_summaries_sensitivity,grouped_cv,3,local_mean,2.21,3.198333333333333
hexane:47,hexane:2.5,hexane,2.5,including_summaries_sensitivity,grouped_cv,3,local_mean,2.98,3.198333333333333
hexane:48,hexane:2.5,hexane,2.5,including_summaries_sensitivity,grouped_cv,3,local_mean,3.06,3.198333333333333
hexane:49,hexane:2.5,hexane,2.5,including_summaries_sensitivity,grouped_cv,3,local_mean,3.01,3.198333333333333
hexane:8,hexane:0.05,hexane,0.05,including_summaries_sensitivity,grouped_cv,3,scaled_lld,0.14,0.06434974060765525
hexane:9,hexane:0.05,hexane,0.05,including_summaries_sensitivity,grouped_cv,3,scaled_lld,0.18,0.06434974060765525
hexane:10,hexane:0.05,hexane,0.05,including_summaries_sensitivity,grouped_cv,3,scaled_lld,0.14,0.06434974060765525
hexane:11,hexane:0.05,hexane,0.05,including_summaries_sensitivity,grouped_cv,3,scaled_lld,0.15,0.06434974060765525
hexane:12,hexane:0.05,hexane,0.05,including_summaries_sensitivity,grouped_cv,3,scaled_lld,0.1499999999999999,0.06434974060765525
hexane:13,hexane:0.05,hexane,0.05,including_summaries_sensitivity,grouped_cv,3,scaled_lld,0.1699999999999999,0.06434974060765525
hexane:23,hexane:0.1,hexane,0.1,including_summaries_sensitivity,grouped_cv,3,scaled_lld,0.41,0.12869281353935905
hexane:24,hexane:0.1,hexane,0.1,including_summaries_sensitivity,grouped_cv,3,scaled_lld,0.42,0.12869281353935905
hexane:25,hexane:0.1,hexane,0.1,including_summaries_sensitivity,grouped_cv,3,scaled_lld,0.43,0.12869281353935905
hexane:26,hexane:0.1,hexane,0.1,including_summaries_sensitivity,grouped_cv,3,scaled_lld,0.31,0.12869281353935905
hexane:27,hexane:0.1,hexane,0.1,including_summaries_sensitivity,grouped_cv,3,scaled_lld,0.29,0.12869281353935905
hexane:28,hexane:0.1,hexane,0.1,including_summaries_sensitivity,grouped_cv,3,scaled_lld,0.31,0.12869281353935905
hexane:41,hexane:1.5,hexane,1.5,including_summaries_sensitivity,grouped_cv,3,scaled_lld,2.22,1.9275959805509892
hexane:42,hexane:1.5,hexane,1.5,including_summaries_sensitivity,grouped_cv,3,scaled_lld,2.22,1.9275959805509892
hexane:43,hexane:1.5,hexane,1.5,including_summaries_sensitivity,grouped_cv,3,scaled_lld,2.21,1.9275959805509892
hexane:47,hexane:2.5,hexane,2.5,including_summaries_sensitivity,grouped_cv,3,scaled_lld,2.98,3.2093393888071162
hexane:48,hexane:2.5,hexane,2.5,including_summaries_sensitivity,grouped_cv,3,scaled_lld,3.06,3.2093393888071162
hexane:49,hexane:2.5,hexane,2.5,including_summaries_sensitivity,grouped_cv,3,scaled_lld,3.01,3.2093393888071162
hexane:8,hexane:0.05,hexane,0.05,including_summaries_sensitivity,grouped_cv,3,saturating_mobile,0.14,0.06490111648480912
hexane:9,hexane:0.05,hexane,0.05,including_summaries_sensitivity,grouped_cv,3,saturating_mobile,0.18,0.06490111648480912
hexane:10,hexane:0.05,hexane,0.05,including_summaries_sensitivity,grouped_cv,3,saturating_mobile,0.14,0.06490111648480912
hexane:11,hexane:0.05,hexane,0.05,including_summaries_sensitivity,grouped_cv,3,saturating_mobile,0.15,0.06490111648480912
hexane:12,hexane:0.05,hexane,0.05,including_summaries_sensitivity,grouped_cv,3,saturating_mobile,0.1499999999999999,0.06490111648480912
hexane:13,hexane:0.05,hexane,0.05,including_summaries_sensitivity,grouped_cv,3,saturating_mobile,0.1699999999999999,0.06490111648480912
hexane:23,hexane:0.1,hexane,0.1,including_summaries_sensitivity,grouped_cv,3,saturating_mobile,0.41,0.1297884224538954
hexane:24,hexane:0.1,hexane,0.1,including_summaries_sensitivity,grouped_cv,3,saturating_mobile,0.42,0.1297884224538954
hexane:25,hexane:0.1,hexane,0.1,including_summaries_sensitivity,grouped_cv,3,saturating_mobile,0.43,0.1297884224538954
hexane:26,hexane:0.1,hexane,0.1,including_summaries_sensitivity,grouped_cv,3,saturating_mobile,0.31,0.1297884224538954
hexane:27,hexane:0.1,hexane,0.1,including_summaries_sensitivity,grouped_cv,3,saturating_mobile,0.29,0.1297884224538954
hexane:28,hexane:0.1,hexane,0.1,including_summaries_sensitivity,grouped_cv,3,saturating_mobile,0.31,0.1297884224538954
hexane:41,hexane:1.5,hexane,1.5,including_summaries_sensitivity,grouped_cv,3,saturating_mobile,2.22,1.9410437642384597
hexane:42,hexane:1.5,hexane,1.5,including_summaries_sensitivity,grouped_cv,3,saturating_mobile,2.22,1.9410437642384597
hexane:43,hexane:1.5,hexane,1.5,including_summaries_sensitivity,grouped_cv,3,saturating_mobile,2.21,1.9410437642384597
hexane:47,hexane:2.5,hexane,2.5,including_summaries_sensitivity,grouped_cv,3,saturating_mobile,2.98,3.2282239037142055
hexane:48,hexane:2.5,hexane,2.5,including_summaries_sensitivity,grouped_cv,3,saturating_mobile,3.06,3.2282239037142055
hexane:49,hexane:2.5,hexane,2.5,including_summaries_sensitivity,grouped_cv,3,saturating_mobile,3.01,3.2282239037142055
toluene:8,toluene:0.1,toluene,0.1,including_summaries_sensitivity,grouped_cv,3,fixed_lld,0.38,0.1469530610591509
toluene:35,toluene:0.1,toluene,0.1,including_summaries_sensitivity,grouped_cv,3,fixed_lld,0.15,0.1469530610591509
toluene:36,toluene:0.1,toluene,0.1,including_summaries_sensitivity,grouped_cv,3,fixed_lld,0.19,0.1469530610591509
toluene:37,toluene:0.1,toluene,0.1,including_summaries_sensitivity,grouped_cv,3,fixed_lld,0.18,0.1469530610591509
toluene:8,toluene:0.1,toluene,0.1,including_summaries_sensitivity,grouped_cv,3,local_mean,0.38,0.24346938775510202
toluene:35,toluene:0.1,toluene,0.1,including_summaries_sensitivity,grouped_cv,3,local_mean,0.15,0.24346938775510202
toluene:36,toluene:0.1,toluene,0.1,including_summaries_sensitivity,grouped_cv,3,local_mean,0.19,0.24346938775510202
toluene:37,toluene:0.1,toluene,0.1,including_summaries_sensitivity,grouped_cv,3,local_mean,0.18,0.24346938775510202
toluene:8,toluene:0.1,toluene,0.1,including_summaries_sensitivity,grouped_cv,3,scaled_lld,0.38,0.0004512946391359367
toluene:35,toluene:0.1,toluene,0.1,including_summaries_sensitivity,grouped_cv,3,scaled_lld,0.15,0.0004512946391359367
toluene:36,toluene:0.1,toluene,0.1,including_summaries_sensitivity,grouped_cv,3,scaled_lld,0.19,0.0004512946391359367
toluene:37,toluene:0.1,toluene,0.1,including_summaries_sensitivity,grouped_cv,3,scaled_lld,0.18,0.0004512946391359367
toluene:8,toluene:0.1,toluene,0.1,including_summaries_sensitivity,grouped_cv,3,saturating_mobile,0.38,0.2698164860940493
toluene:35,toluene:0.1,toluene,0.1,including_summaries_sensitivity,grouped_cv,3,saturating_mobile,0.15,0.2698164860940493
toluene:36,toluene:0.1,toluene,0.1,including_summaries_sensitivity,grouped_cv,3,saturating_mobile,0.19,0.2698164860940493
toluene:37,toluene:0.1,toluene,0.1,including_summaries_sensitivity,grouped_cv,3,saturating_mobile,0.18,0.2698164860940493
ethyl_acetate:11,ethyl_acetate:0.5,ethyl_acetate,0.5,including_summaries_sensitivity,grouped_cv,4,fixed_lld,1.27,0.5429579277457717
ethyl_acetate:12,ethyl_acetate:0.5,ethyl_acetate,0.5,including_summaries_sensitivity,grouped_cv,4,fixed_lld,1.23,0.5429579277457717
ethyl_acetate:13,ethyl_acetate:0.5,ethyl_acetate,0.5,including_summaries_sensitivity,grouped_cv,4,fixed_lld,1.17,0.5429579277457717
ethyl_acetate:23,ethyl_acetate:2,ethyl_acetate,2.0,including_summaries_sensitivity,grouped_cv,4,fixed_lld,0.99,2.168462788990869
ethyl_acetate:24,ethyl_acetate:2,ethyl_acetate,2.0,including_summaries_sensitivity,grouped_cv,4,fixed_lld,1.0299999999999998,2.168462788990869
ethyl_acetate:25,ethyl_acetate:2,ethyl_acetate,2.0,including_summaries_sensitivity,grouped_cv,4,fixed_lld,1.0699999999999998,2.168462788990869
ethyl_acetate:11,ethyl_acetate:0.5,ethyl_acetate,0.5,including_summaries_sensitivity,grouped_cv,4,local_mean,1.27,1.1033333333333333
ethyl_acetate:12,ethyl_acetate:0.5,ethyl_acetate,0.5,including_summaries_sensitivity,grouped_cv,4,local_mean,1.23,1.1033333333333333
ethyl_acetate:13,ethyl_acetate:0.5,ethyl_acetate,0.5,including_summaries_sensitivity,grouped_cv,4,local_mean,1.17,1.1033333333333333
ethyl_acetate:23,ethyl_acetate:2,ethyl_acetate,2.0,including_summaries_sensitivity,grouped_cv,4,local_mean,0.99,1.1033333333333333
ethyl_acetate:24,ethyl_acetate:2,ethyl_acetate,2.0,including_summaries_sensitivity,grouped_cv,4,local_mean,1.0299999999999998,1.1033333333333333
ethyl_acetate:25,ethyl_acetate:2,ethyl_acetate,2.0,including_summaries_sensitivity,grouped_cv,4,local_mean,1.0699999999999998,1.1033333333333333
ethyl_acetate:11,ethyl_acetate:0.5,ethyl_acetate,0.5,including_summaries_sensitivity,grouped_cv,4,scaled_lld,1.27,0.1448817059146387
ethyl_acetate:12,ethyl_acetate:0.5,ethyl_acetate,0.5,including_summaries_sensitivity,grouped_cv,4,scaled_lld,1.23,0.1448817059146387
ethyl_acetate:13,ethyl_acetate:0.5,ethyl_acetate,0.5,including_summaries_sensitivity,grouped_cv,4,scaled_lld,1.17,0.1448817059146387
ethyl_acetate:23,ethyl_acetate:2,ethyl_acetate,2.0,including_summaries_sensitivity,grouped_cv,4,scaled_lld,0.99,0.5786278678824558
ethyl_acetate:24,ethyl_acetate:2,ethyl_acetate,2.0,including_summaries_sensitivity,grouped_cv,4,scaled_lld,1.0299999999999998,0.5786278678824558
ethyl_acetate:25,ethyl_acetate:2,ethyl_acetate,2.0,including_summaries_sensitivity,grouped_cv,4,scaled_lld,1.0699999999999998,0.5786278678824558
ethyl_acetate:11,ethyl_acetate:0.5,ethyl_acetate,0.5,including_summaries_sensitivity,grouped_cv,4,saturating_mobile,1.27,0.25316003926225134
ethyl_acetate:12,ethyl_acetate:0.5,ethyl_acetate,0.5,including_summaries_sensitivity,grouped_cv,4,saturating_mobile,1.23,0.25316003926225134
ethyl_acetate:13,ethyl_acetate:0.5,ethyl_acetate,0.5,including_summaries_sensitivity,grouped_cv,4,saturating_mobile,1.17,0.25316003926225134
ethyl_acetate:23,ethyl_acetate:2,ethyl_acetate,2.0,including_summaries_sensitivity,grouped_cv,4,saturating_mobile,0.99,0.8787440805163055
ethyl_acetate:24,ethyl_acetate:2,ethyl_acetate,2.0,including_summaries_sensitivity,grouped_cv,4,saturating_mobile,1.0299999999999998,0.8787440805163055
ethyl_acetate:25,ethyl_acetate:2,ethyl_acetate,2.0,including_summaries_sensitivity,grouped_cv,4,saturating_mobile,1.0699999999999998,0.8787440805163055
hexane:2,hexane:0.02,hexane,0.02,including_summaries_sensitivity,grouped_cv,4,fixed_lld,0.0399999999999999,0.024800411759561228
hexane:3,hexane:0.02,hexane,0.02,including_summaries_sensitivity,grouped_cv,4,fixed_lld,0.0599999999999999,0.024800411759561228
hexane:4,hexane:0.02,hexane,0.02,including_summaries_sensitivity,grouped_cv,4,fixed_lld,0.0499999999999999,0.024800411759561228
hexane:5,hexane:0.02,hexane,0.02,including_summaries_sensitivity,grouped_cv,4,fixed_lld,0.0899999999999999,0.024800411759561228
hexane:6,hexane:0.02,hexane,0.02,including_summaries_sensitivity,grouped_cv,4,fixed_lld,0.1099999999999999,0.024800411759561228
hexane:7,hexane:0.02,hexane,0.02,including_summaries_sensitivity,grouped_cv,4,fixed_lld,0.09,0.024800411759561228
hexane:53,hexane:5,hexane,5.0,including_summaries_sensitivity,grouped_cv,4,fixed_lld,5.890000000000001,6.168271483559736
hexane:54,hexane:5,hexane,5.0,including_summaries_sensitivity,grouped_cv,4,fixed_lld,5.9,6.168271483559736
hexane:55,hexane:5,hexane,5.0,including_summaries_sensitivity,grouped_cv,4,fixed_lld,6.0,6.168271483559736
hexane:2,hexane:0.02,hexane,0.02,including_summaries_sensitivity,grouped_cv,4,local_mean,0.0399999999999999,2.723333333333333
hexane:3,hexane:0.02,hexane,0.02,including_summaries_sensitivity,grouped_cv,4,local_mean,0.0599999999999999,2.723333333333333
hexane:4,hexane:0.02,hexane,0.02,including_summaries_sensitivity,grouped_cv,4,local_mean,0.0499999999999999,2.723333333333333
hexane:5,hexane:0.02,hexane,0.02,including_summaries_sensitivity,grouped_cv,4,local_mean,0.0899999999999999,2.723333333333333
hexane:6,hexane:0.02,hexane,0.02,including_summaries_sensitivity,grouped_cv,4,local_mean,0.1099999999999999,2.723333333333333
hexane:7,hexane:0.02,hexane,0.02,including_summaries_sensitivity,grouped_cv,4,local_mean,0.09,2.723333333333333
hexane:53,hexane:5,hexane,5.0,including_summaries_sensitivity,grouped_cv,4,local_mean,5.890000000000001,2.723333333333333
hexane:54,hexane:5,hexane,5.0,including_summaries_sensitivity,grouped_cv,4,local_mean,5.9,2.723333333333333
hexane:55,hexane:5,hexane,5.0,including_summaries_sensitivity,grouped_cv,4,local_mean,6.0,2.723333333333333
hexane:2,hexane:0.02,hexane,0.02,including_summaries_sensitivity,grouped_cv,4,scaled_lld,0.0399999999999999,0.02601617532703548
hexane:3,hexane:0.02,hexane,0.02,including_summaries_sensitivity,grouped_cv,4,scaled_lld,0.0599999999999999,0.02601617532703548
hexane:4,hexane:0.02,hexane,0.02,including_summaries_sensitivity,grouped_cv,4,scaled_lld,0.0499999999999999,0.02601617532703548
hexane:5,hexane:0.02,hexane,0.02,including_summaries_sensitivity,grouped_cv,4,scaled_lld,0.0899999999999999,0.02601617532703548
hexane:6,hexane:0.02,hexane,0.02,including_summaries_sensitivity,grouped_cv,4,scaled_lld,0.1099999999999999,0.02601617532703548
hexane:7,hexane:0.02,hexane,0.02,including_summaries_sensitivity,grouped_cv,4,scaled_lld,0.09,0.02601617532703548
hexane:53,hexane:5,hexane,5.0,including_summaries_sensitivity,grouped_cv,4,scaled_lld,5.890000000000001,6.470651936622624
hexane:54,hexane:5,hexane,5.0,including_summaries_sensitivity,grouped_cv,4,scaled_lld,5.9,6.470651936622624
hexane:55,hexane:5,hexane,5.0,including_summaries_sensitivity,grouped_cv,4,scaled_lld,6.0,6.470651936622624
hexane:2,hexane:0.02,hexane,0.02,including_summaries_sensitivity,grouped_cv,4,saturating_mobile,0.0399999999999999,0.027333397990827155
hexane:3,hexane:0.02,hexane,0.02,including_summaries_sensitivity,grouped_cv,4,saturating_mobile,0.0599999999999999,0.027333397990827155
hexane:4,hexane:0.02,hexane,0.02,including_summaries_sensitivity,grouped_cv,4,saturating_mobile,0.0499999999999999,0.027333397990827155
hexane:5,hexane:0.02,hexane,0.02,including_summaries_sensitivity,grouped_cv,4,saturating_mobile,0.0899999999999999,0.027333397990827155
hexane:6,hexane:0.02,hexane,0.02,including_summaries_sensitivity,grouped_cv,4,saturating_mobile,0.1099999999999999,0.027333397990827155
hexane:7,hexane:0.02,hexane,0.02,including_summaries_sensitivity,grouped_cv,4,saturating_mobile,0.09,0.027333397990827155
hexane:53,hexane:5,hexane,5.0,including_summaries_sensitivity,grouped_cv,4,saturating_mobile,5.890000000000001,6.591229679344695
hexane:54,hexane:5,hexane,5.0,including_summaries_sensitivity,grouped_cv,4,saturating_mobile,5.9,6.591229679344695
hexane:55,hexane:5,hexane,5.0,including_summaries_sensitivity,grouped_cv,4,saturating_mobile,6.0,6.591229679344695
toluene:6,toluene:0.025,toluene,0.025,including_summaries_sensitivity,grouped_cv,4,fixed_lld,0.17,0.03674112049640852
toluene:7,toluene:0.05,toluene,0.05,including_summaries_sensitivity,grouped_cv,4,fixed_lld,0.24,0.07348033740644865
toluene:11,toluene:0.9,toluene,0.9,including_summaries_sensitivity,grouped_cv,4,fixed_lld,0.44,1.321482133816833
toluene:14,toluene:10,toluene,10.0,including_summaries_sensitivity,grouped_cv,4,fixed_lld,0.41,14.54609222853195
toluene:29,toluene:0.025,toluene,0.025,including_summaries_sensitivity,grouped_cv,4,fixed_lld,0.1799999999999999,0.03674112049640852
toluene:30,toluene:0.025,toluene,0.025,including_summaries_sensitivity,grouped_cv,4,fixed_lld,0.18,0.03674112049640852
toluene:31,toluene:0.025,toluene,0.025,including_summaries_sensitivity,grouped_cv,4,fixed_lld,0.17,0.03674112049640852
toluene:32,toluene:0.05,toluene,0.05,including_summaries_sensitivity,grouped_cv,4,fixed_lld,0.3,0.07348033740644865
toluene:33,toluene:0.05,toluene,0.05,including_summaries_sensitivity,grouped_cv,4,fixed_lld,0.25,0.07348033740644865
toluene:34,toluene:0.05,toluene,0.05,including_summaries_sensitivity,grouped_cv,4,fixed_lld,0.31,0.07348033740644865
toluene:41,toluene:10,toluene,10.0,including_summaries_sensitivity,grouped_cv,4,fixed_lld,0.0999999999999999,14.54609222853195
toluene:42,toluene:10,toluene,10.0,including_summaries_sensitivity,grouped_cv,4,fixed_lld,0.0999999999999999,14.54609222853195
toluene:43,toluene:10,toluene,10.0,including_summaries_sensitivity,grouped_cv,4,fixed_lld,0.14,14.54609222853195
toluene:6,toluene:0.025,toluene,0.025,including_summaries_sensitivity,grouped_cv,4,local_mean,0.17,0.23237012987012984
toluene:7,toluene:0.05,toluene,0.05,including_summaries_sensitivity,grouped_cv,4,local_mean,0.24,0.23237012987012984
toluene:11,toluene:0.9,toluene,0.9,including_summaries_sensitivity,grouped_cv,4,local_mean,0.44,0.23237012987012984
toluene:14,toluene:10,toluene,10.0,including_summaries_sensitivity,grouped_cv,4,local_mean,0.41,0.23237012987012984
toluene:29,toluene:0.025,toluene,0.025,including_summaries_sensitivity,grouped_cv,4,local_mean,0.1799999999999999,0.23237012987012984
toluene:30,toluene:0.025,toluene,0.025,including_summaries_sensitivity,grouped_cv,4,local_mean,0.18,0.23237012987012984
toluene:31,toluene:0.025,toluene,0.025,including_summaries_sensitivity,grouped_cv,4,local_mean,0.17,0.23237012987012984
toluene:32,toluene:0.05,toluene,0.05,including_summaries_sensitivity,grouped_cv,4,local_mean,0.3,0.23237012987012984
toluene:33,toluene:0.05,toluene,0.05,including_summaries_sensitivity,grouped_cv,4,local_mean,0.25,0.23237012987012984
toluene:34,toluene:0.05,toluene,0.05,including_summaries_sensitivity,grouped_cv,4,local_mean,0.31,0.23237012987012984
toluene:41,toluene:10,toluene,10.0,including_summaries_sensitivity,grouped_cv,4,local_mean,0.0999999999999999,0.23237012987012984
toluene:42,toluene:10,toluene,10.0,including_summaries_sensitivity,grouped_cv,4,local_mean,0.0999999999999999,0.23237012987012984
toluene:43,toluene:10,toluene,10.0,including_summaries_sensitivity,grouped_cv,4,local_mean,0.14,0.23237012987012984
toluene:6,toluene:0.025,toluene,0.025,including_summaries_sensitivity,grouped_cv,4,scaled_lld,0.17,0.0001007968791405732
toluene:7,toluene:0.05,toluene,0.05,including_summaries_sensitivity,grouped_cv,4,scaled_lld,0.24,0.00020158853591551037
toluene:11,toluene:0.9,toluene,0.9,including_summaries_sensitivity,grouped_cv,4,scaled_lld,0.44,0.0036254004540167096
toluene:14,toluene:10,toluene,10.0,including_summaries_sensitivity,grouped_cv,4,scaled_lld,0.41,0.0399062598123617
toluene:29,toluene:0.025,toluene,0.025,including_summaries_sensitivity,grouped_cv,4,scaled_lld,0.1799999999999999,0.0001007968791405732
toluene:30,toluene:0.025,toluene,0.025,including_summaries_sensitivity,grouped_cv,4,scaled_lld,0.18,0.0001007968791405732
toluene:31,toluene:0.025,toluene,0.025,including_summaries_sensitivity,grouped_cv,4,scaled_lld,0.17,0.0001007968791405732
toluene:32,toluene:0.05,toluene,0.05,including_summaries_sensitivity,grouped_cv,4,scaled_lld,0.3,0.00020158853591551037
toluene:33,toluene:0.05,toluene,0.05,including_summaries_sensitivity,grouped_cv,4,scaled_lld,0.25,0.00020158853591551037
toluene:34,toluene:0.05,toluene,0.05,including_summaries_sensitivity,grouped_cv,4,scaled_lld,0.31,0.00020158853591551037
toluene:41,toluene:10,toluene,10.0,including_summaries_sensitivity,grouped_cv,4,scaled_lld,0.0999999999999999,0.0399062598123617
toluene:42,toluene:10,toluene,10.0,including_summaries_sensitivity,grouped_cv,4,scaled_lld,0.0999999999999999,0.0399062598123617
toluene:43,toluene:10,toluene,10.0,including_summaries_sensitivity,grouped_cv,4,scaled_lld,0.14,0.0399062598123617
toluene:6,toluene:0.025,toluene,0.025,including_summaries_sensitivity,grouped_cv,4,saturating_mobile,0.17,0.23562287723900513
toluene:7,toluene:0.05,toluene,0.05,including_summaries_sensitivity,grouped_cv,4,saturating_mobile,0.24,0.2516421615457551
toluene:11,toluene:0.9,toluene,0.9,including_summaries_sensitivity,grouped_cv,4,saturating_mobile,0.44,0.26890876982661877
toluene:14,toluene:10,toluene,10.0,including_summaries_sensitivity,grouped_cv,4,saturating_mobile,0.41,0.26990010188041624
toluene:29,toluene:0.025,toluene,0.025,including_summaries_sensitivity,grouped_cv,4,saturating_mobile,0.1799999999999999,0.23562287723900513
toluene:30,toluene:0.025,toluene,0.025,including_summaries_sensitivity,grouped_cv,4,saturating_mobile,0.18,0.23562287723900513
toluene:31,toluene:0.025,toluene,0.025,including_summaries_sensitivity,grouped_cv,4,saturating_mobile,0.17,0.23562287723900513
toluene:32,toluene:0.05,toluene,0.05,including_summaries_sensitivity,grouped_cv,4,saturating_mobile,0.3,0.2516421615457551
toluene:33,toluene:0.05,toluene,0.05,including_summaries_sensitivity,grouped_cv,4,saturating_mobile,0.25,0.2516421615457551
toluene:34,toluene:0.05,toluene,0.05,including_summaries_sensitivity,grouped_cv,4,saturating_mobile,0.31,0.2516421615457551
toluene:41,toluene:10,toluene,10.0,including_summaries_sensitivity,grouped_cv,4,saturating_mobile,0.0999999999999999,0.26990010188041624
toluene:42,toluene:10,toluene,10.0,including_summaries_sensitivity,grouped_cv,4,saturating_mobile,0.0999999999999999,0.26990010188041624
toluene:43,toluene:10,toluene,10.0,including_summaries_sensitivity,grouped_cv,4,saturating_mobile,0.14,0.26990010188041624
ethyl_acetate:8,ethyl_acetate:0.25,ethyl_acetate,0.25,including_summaries_sensitivity,grouped_cv,5,fixed_lld,0.7200000000000001,0.27154927699484205
ethyl_acetate:9,ethyl_acetate:0.25,ethyl_acetate,0.25,including_summaries_sensitivity,grouped_cv,5,fixed_lld,0.7700000000000001,0.27154927699484205
ethyl_acetate:10,ethyl_acetate:0.25,ethyl_acetate,0.25,including_summaries_sensitivity,grouped_cv,5,fixed_lld,0.7000000000000001,0.27154927699484205
ethyl_acetate:17,ethyl_acetate:0.25,ethyl_acetate,0.25,including_summaries_sensitivity,grouped_cv,5,fixed_lld,0.5,0.27154927699484205
ethyl_acetate:18,ethyl_acetate:0.25,ethyl_acetate,0.25,including_summaries_sensitivity,grouped_cv,5,fixed_lld,0.62,0.27154927699484205
ethyl_acetate:19,ethyl_acetate:0.25,ethyl_acetate,0.25,including_summaries_sensitivity,grouped_cv,5,fixed_lld,0.54,0.27154927699484205
ethyl_acetate:29,ethyl_acetate:5,ethyl_acetate,5.0,including_summaries_sensitivity,grouped_cv,5,fixed_lld,1.5699999999999998,5.404390507613842
ethyl_acetate:30,ethyl_acetate:5,ethyl_acetate,5.0,including_summaries_sensitivity,grouped_cv,5,fixed_lld,1.26,5.404390507613842
ethyl_acetate:31,ethyl_acetate:5,ethyl_acetate,5.0,including_summaries_sensitivity,grouped_cv,5,fixed_lld,1.34,5.404390507613842
ethyl_acetate:8,ethyl_acetate:0.25,ethyl_acetate,0.25,including_summaries_sensitivity,grouped_cv,5,local_mean,0.7200000000000001,1.135
ethyl_acetate:9,ethyl_acetate:0.25,ethyl_acetate,0.25,including_summaries_sensitivity,grouped_cv,5,local_mean,0.7700000000000001,1.135
ethyl_acetate:10,ethyl_acetate:0.25,ethyl_acetate,0.25,including_summaries_sensitivity,grouped_cv,5,local_mean,0.7000000000000001,1.135
ethyl_acetate:17,ethyl_acetate:0.25,ethyl_acetate,0.25,including_summaries_sensitivity,grouped_cv,5,local_mean,0.5,1.135
ethyl_acetate:18,ethyl_acetate:0.25,ethyl_acetate,0.25,including_summaries_sensitivity,grouped_cv,5,local_mean,0.62,1.135
ethyl_acetate:19,ethyl_acetate:0.25,ethyl_acetate,0.25,including_summaries_sensitivity,grouped_cv,5,local_mean,0.54,1.135
ethyl_acetate:29,ethyl_acetate:5,ethyl_acetate,5.0,including_summaries_sensitivity,grouped_cv,5,local_mean,1.5699999999999998,1.135
ethyl_acetate:30,ethyl_acetate:5,ethyl_acetate,5.0,including_summaries_sensitivity,grouped_cv,5,local_mean,1.26,1.135
ethyl_acetate:31,ethyl_acetate:5,ethyl_acetate,5.0,including_summaries_sensitivity,grouped_cv,5,local_mean,1.34,1.135
ethyl_acetate:8,ethyl_acetate:0.25,ethyl_acetate,0.25,including_summaries_sensitivity,grouped_cv,5,scaled_lld,0.7200000000000001,0.07592830310506715
ethyl_acetate:9,ethyl_acetate:0.25,ethyl_acetate,0.25,including_summaries_sensitivity,grouped_cv,5,scaled_lld,0.7700000000000001,0.07592830310506715
ethyl_acetate:10,ethyl_acetate:0.25,ethyl_acetate,0.25,including_summaries_sensitivity,grouped_cv,5,scaled_lld,0.7000000000000001,0.07592830310506715
ethyl_acetate:17,ethyl_acetate:0.25,ethyl_acetate,0.25,including_summaries_sensitivity,grouped_cv,5,scaled_lld,0.5,0.07592830310506715
ethyl_acetate:18,ethyl_acetate:0.25,ethyl_acetate,0.25,including_summaries_sensitivity,grouped_cv,5,scaled_lld,0.62,0.07592830310506715
ethyl_acetate:19,ethyl_acetate:0.25,ethyl_acetate,0.25,including_summaries_sensitivity,grouped_cv,5,scaled_lld,0.54,0.07592830310506715
ethyl_acetate:29,ethyl_acetate:5,ethyl_acetate,5.0,including_summaries_sensitivity,grouped_cv,5,scaled_lld,1.5699999999999998,1.5111297849931151
ethyl_acetate:30,ethyl_acetate:5,ethyl_acetate,5.0,including_summaries_sensitivity,grouped_cv,5,scaled_lld,1.26,1.5111297849931151
ethyl_acetate:31,ethyl_acetate:5,ethyl_acetate,5.0,including_summaries_sensitivity,grouped_cv,5,scaled_lld,1.34,1.5111297849931151
ethyl_acetate:8,ethyl_acetate:0.25,ethyl_acetate,0.25,including_summaries_sensitivity,grouped_cv,5,saturating_mobile,0.7200000000000001,0.2181251370689709
ethyl_acetate:9,ethyl_acetate:0.25,ethyl_acetate,0.25,including_summaries_sensitivity,grouped_cv,5,saturating_mobile,0.7700000000000001,0.2181251370689709
ethyl_acetate:10,ethyl_acetate:0.25,ethyl_acetate,0.25,including_summaries_sensitivity,grouped_cv,5,saturating_mobile,0.7000000000000001,0.2181251370689709
ethyl_acetate:17,ethyl_acetate:0.25,ethyl_acetate,0.25,including_summaries_sensitivity,grouped_cv,5,saturating_mobile,0.5,0.2181251370689709
ethyl_acetate:18,ethyl_acetate:0.25,ethyl_acetate,0.25,including_summaries_sensitivity,grouped_cv,5,saturating_mobile,0.62,0.2181251370689709
ethyl_acetate:19,ethyl_acetate:0.25,ethyl_acetate,0.25,including_summaries_sensitivity,grouped_cv,5,saturating_mobile,0.54,0.2181251370689709
ethyl_acetate:29,ethyl_acetate:5,ethyl_acetate,5.0,including_summaries_sensitivity,grouped_cv,5,saturating_mobile,1.5699999999999998,2.013335468727913
ethyl_acetate:30,ethyl_acetate:5,ethyl_acetate,5.0,including_summaries_sensitivity,grouped_cv,5,saturating_mobile,1.26,2.013335468727913
ethyl_acetate:31,ethyl_acetate:5,ethyl_acetate,5.0,including_summaries_sensitivity,grouped_cv,5,saturating_mobile,1.34,2.013335468727913
hexane:20,hexane:0.09,hexane,0.09,including_summaries_sensitivity,grouped_cv,5,fixed_lld,0.3399999999999999,0.11159375820177701
hexane:21,hexane:0.09,hexane,0.09,including_summaries_sensitivity,grouped_cv,5,fixed_lld,0.3199999999999999,0.11159375820177701
hexane:22,hexane:0.09,hexane,0.09,including_summaries_sensitivity,grouped_cv,5,fixed_lld,0.3299999999999999,0.11159375820177701
hexane:32,hexane:0.25,hexane,0.25,including_summaries_sensitivity,grouped_cv,5,fixed_lld,0.5700000000000001,0.3099312788942214
hexane:33,hexane:0.25,hexane,0.25,including_summaries_sensitivity,grouped_cv,5,fixed_lld,0.5499999999999999,0.3099312788942214
hexane:34,hexane:0.25,hexane,0.25,including_summaries_sensitivity,grouped_cv,5,fixed_lld,0.53,0.3099312788942214
hexane:20,hexane:0.09,hexane,0.09,including_summaries_sensitivity,grouped_cv,5,local_mean,0.3399999999999999,3.089285714285714
hexane:21,hexane:0.09,hexane,0.09,including_summaries_sensitivity,grouped_cv,5,local_mean,0.3199999999999999,3.089285714285714
hexane:22,hexane:0.09,hexane,0.09,including_summaries_sensitivity,grouped_cv,5,local_mean,0.3299999999999999,3.089285714285714
hexane:32,hexane:0.25,hexane,0.25,including_summaries_sensitivity,grouped_cv,5,local_mean,0.5700000000000001,3.089285714285714
hexane:33,hexane:0.25,hexane,0.25,including_summaries_sensitivity,grouped_cv,5,local_mean,0.5499999999999999,3.089285714285714
hexane:34,hexane:0.25,hexane,0.25,including_summaries_sensitivity,grouped_cv,5,local_mean,0.53,3.089285714285714
hexane:20,hexane:0.09,hexane,0.09,including_summaries_sensitivity,grouped_cv,5,scaled_lld,0.3399999999999999,0.11578011855784284
hexane:21,hexane:0.09,hexane,0.09,including_summaries_sensitivity,grouped_cv,5,scaled_lld,0.3199999999999999,0.11578011855784284
hexane:22,hexane:0.09,hexane,0.09,including_summaries_sensitivity,grouped_cv,5,scaled_lld,0.3299999999999999,0.11578011855784284
hexane:32,hexane:0.25,hexane,0.25,including_summaries_sensitivity,grouped_cv,5,scaled_lld,0.5700000000000001,0.32155813007277495
hexane:33,hexane:0.25,hexane,0.25,including_summaries_sensitivity,grouped_cv,5,scaled_lld,0.5499999999999999,0.32155813007277495
hexane:34,hexane:0.25,hexane,0.25,including_summaries_sensitivity,grouped_cv,5,scaled_lld,0.53,0.32155813007277495
hexane:20,hexane:0.09,hexane,0.09,including_summaries_sensitivity,grouped_cv,5,saturating_mobile,0.3399999999999999,0.1164572701925142
hexane:21,hexane:0.09,hexane,0.09,including_summaries_sensitivity,grouped_cv,5,saturating_mobile,0.3199999999999999,0.1164572701925142
hexane:22,hexane:0.09,hexane,0.09,including_summaries_sensitivity,grouped_cv,5,saturating_mobile,0.3299999999999999,0.1164572701925142
hexane:32,hexane:0.25,hexane,0.25,including_summaries_sensitivity,grouped_cv,5,saturating_mobile,0.5700000000000001,0.32339878737261807
hexane:33,hexane:0.25,hexane,0.25,including_summaries_sensitivity,grouped_cv,5,saturating_mobile,0.5499999999999999,0.32339878737261807
hexane:34,hexane:0.25,hexane,0.25,including_summaries_sensitivity,grouped_cv,5,saturating_mobile,0.53,0.32339878737261807
toluene:4,toluene:0.01,toluene,0.01,including_summaries_sensitivity,grouped_cv,5,fixed_lld,0.29,0.014696676638396135
toluene:5,toluene:0.015,toluene,0.015,including_summaries_sensitivity,grouped_cv,5,fixed_lld,0.1599999999999999,0.02204490073649423
toluene:12,toluene:1.5,toluene,1.5,including_summaries_sensitivity,grouped_cv,5,fixed_lld,0.2599999999999999,2.201102936805792
toluene:13,toluene:2,toluene,2.0,including_summaries_sensitivity,grouped_cv,5,fixed_lld,0.29,2.9332864369842095
toluene:15,toluene:40,toluene,40.0,including_summaries_sensitivity,grouped_cv,5,fixed_lld,0.18,56.44752208087026
toluene:23,toluene:0.01,toluene,0.01,including_summaries_sensitivity,grouped_cv,5,fixed_lld,0.3,0.014696676638396135
toluene:24,toluene:0.01,toluene,0.01,including_summaries_sensitivity,grouped_cv,5,fixed_lld,0.31,0.014696676638396135
toluene:25,toluene:0.01,toluene,0.01,including_summaries_sensitivity,grouped_cv,5,fixed_lld,0.24,0.014696676638396135
toluene:26,toluene:0.015,toluene,0.015,including_summaries_sensitivity,grouped_cv,5,fixed_lld,0.18,0.02204490073649423
toluene:27,toluene:0.015,toluene,0.015,including_summaries_sensitivity,grouped_cv,5,fixed_lld,0.1499999999999999,0.02204490073649423
toluene:28,toluene:0.015,toluene,0.015,including_summaries_sensitivity,grouped_cv,5,fixed_lld,0.16,0.02204490073649423
toluene:45,toluene:40,toluene,40.0,including_summaries_sensitivity,grouped_cv,5,fixed_lld,0.15,56.44752208087026
toluene:46,toluene:40,toluene,40.0,including_summaries_sensitivity,grouped_cv,5,fixed_lld,0.12,56.44752208087026
toluene:4,toluene:0.01,toluene,0.01,including_summaries_sensitivity,grouped_cv,5,local_mean,0.29,0.24860714285714286
toluene:5,toluene:0.015,toluene,0.015,including_summaries_sensitivity,grouped_cv,5,local_mean,0.1599999999999999,0.24860714285714286
toluene:12,toluene:1.5,toluene,1.5,including_summaries_sensitivity,grouped_cv,5,local_mean,0.2599999999999999,0.24860714285714286
toluene:13,toluene:2,toluene,2.0,including_summaries_sensitivity,grouped_cv,5,local_mean,0.29,0.24860714285714286
toluene:15,toluene:40,toluene,40.0,including_summaries_sensitivity,grouped_cv,5,local_mean,0.18,0.24860714285714286
toluene:23,toluene:0.01,toluene,0.01,including_summaries_sensitivity,grouped_cv,5,local_mean,0.3,0.24860714285714286
toluene:24,toluene:0.01,toluene,0.01,including_summaries_sensitivity,grouped_cv,5,local_mean,0.31,0.24860714285714286
toluene:25,toluene:0.01,toluene,0.01,including_summaries_sensitivity,grouped_cv,5,local_mean,0.24,0.24860714285714286
toluene:26,toluene:0.015,toluene,0.015,including_summaries_sensitivity,grouped_cv,5,local_mean,0.18,0.24860714285714286
toluene:27,toluene:0.015,toluene,0.015,including_summaries_sensitivity,grouped_cv,5,local_mean,0.1499999999999999,0.24860714285714286
toluene:28,toluene:0.015,toluene,0.015,including_summaries_sensitivity,grouped_cv,5,local_mean,0.16,0.24860714285714286
toluene:45,toluene:40,toluene,40.0,including_summaries_sensitivity,grouped_cv,5,local_mean,0.15,0.24860714285714286
toluene:46,toluene:40,toluene,40.0,including_summaries_sensitivity,grouped_cv,5,local_mean,0.12,0.24860714285714286
toluene:4,toluene:0.01,toluene,0.01,including_summaries_sensitivity,grouped_cv,5,scaled_lld,0.29,4.5023194539349994e-05
toluene:5,toluene:0.015,toluene,0.015,including_summaries_sensitivity,grouped_cv,5,scaled_lld,0.1599999999999999,6.753444189326301e-05
toluene:12,toluene:1.5,toluene,1.5,including_summaries_sensitivity,grouped_cv,5,scaled_lld,0.2599999999999999,0.006743067712739494
toluene:13,toluene:2,toluene,2.0,including_summaries_sensitivity,grouped_cv,5,scaled_lld,0.29,0.008986108161823813
toluene:15,toluene:40,toluene,40.0,including_summaries_sensitivity,grouped_cv,5,scaled_lld,0.18,0.17292669835788313
toluene:23,toluene:0.01,toluene,0.01,including_summaries_sensitivity,grouped_cv,5,scaled_lld,0.3,4.5023194539349994e-05
toluene:24,toluene:0.01,toluene,0.01,including_summaries_sensitivity,grouped_cv,5,scaled_lld,0.31,4.5023194539349994e-05
toluene:25,toluene:0.01,toluene,0.01,including_summaries_sensitivity,grouped_cv,5,scaled_lld,0.24,4.5023194539349994e-05
toluene:26,toluene:0.015,toluene,0.015,including_summaries_sensitivity,grouped_cv,5,scaled_lld,0.18,6.753444189326301e-05
toluene:27,toluene:0.015,toluene,0.015,including_summaries_sensitivity,grouped_cv,5,scaled_lld,0.1499999999999999,6.753444189326301e-05
toluene:28,toluene:0.015,toluene,0.015,including_summaries_sensitivity,grouped_cv,5,scaled_lld,0.16,6.753444189326301e-05
toluene:45,toluene:40,toluene,40.0,including_summaries_sensitivity,grouped_cv,5,scaled_lld,0.15,0.17292669835788313
toluene:46,toluene:40,toluene,40.0,including_summaries_sensitivity,grouped_cv,5,scaled_lld,0.12,0.17292669835788313
toluene:4,toluene:0.01,toluene,0.01,including_summaries_sensitivity,grouped_cv,5,saturating_mobile,0.29,0.16275836935672475
toluene:5,toluene:0.015,toluene,0.015,including_summaries_sensitivity,grouped_cv,5,saturating_mobile,0.1599999999999999,0.1928250280855697
toluene:12,toluene:1.5,toluene,1.5,including_summaries_sensitivity,grouped_cv,5,saturating_mobile,0.2599999999999999,0.30402970248344735
toluene:13,toluene:2,toluene,2.0,including_summaries_sensitivity,grouped_cv,5,saturating_mobile,0.29,0.3044731205786376
toluene:15,toluene:40,toluene,40.0,including_summaries_sensitivity,grouped_cv,5,saturating_mobile,0.18,0.30574398781436357
toluene:23,toluene:0.01,toluene,0.01,including_summaries_sensitivity,grouped_cv,5,saturating_mobile,0.3,0.16275836935672475
toluene:24,toluene:0.01,toluene,0.01,including_summaries_sensitivity,grouped_cv,5,saturating_mobile,0.31,0.16275836935672475
toluene:25,toluene:0.01,toluene,0.01,including_summaries_sensitivity,grouped_cv,5,saturating_mobile,0.24,0.16275836935672475
toluene:26,toluene:0.015,toluene,0.015,including_summaries_sensitivity,grouped_cv,5,saturating_mobile,0.18,0.1928250280855697
toluene:27,toluene:0.015,toluene,0.015,including_summaries_sensitivity,grouped_cv,5,saturating_mobile,0.1499999999999999,0.1928250280855697
toluene:28,toluene:0.015,toluene,0.015,including_summaries_sensitivity,grouped_cv,5,saturating_mobile,0.16,0.1928250280855697
toluene:45,toluene:40,toluene,40.0,including_summaries_sensitivity,grouped_cv,5,saturating_mobile,0.15,0.30574398781436357
toluene:46,toluene:40,toluene,40.0,including_summaries_sensitivity,grouped_cv,5,saturating_mobile,0.12,0.30574398781436357
ethyl_acetate:2,ethyl_acetate:0.1,ethyl_acetate,0.1,including_summaries_sensitivity,leave_one_solvent_out,ethyl_acetate,fixed_lld,0.53,0.10863659294136205
ethyl_acetate:3,ethyl_acetate:0.1,ethyl_acetate,0.1,including_summaries_sensitivity,leave_one_solvent_out,ethyl_acetate,fixed_lld,0.54,0.10863659294136205
ethyl_acetate:4,ethyl_acetate:0.1,ethyl_acetate,0.1,including_summaries_sensitivity,leave_one_solvent_out,ethyl_acetate,fixed_lld,0.54,0.10863659294136205
ethyl_acetate:5,ethyl_acetate:0.15,ethyl_acetate,0.15,including_summaries_sensitivity,leave_one_solvent_out,ethyl_acetate,fixed_lld,0.6699999999999999,0.16294644746574394
ethyl_acetate:6,ethyl_acetate:0.15,ethyl_acetate,0.15,including_summaries_sensitivity,leave_one_solvent_out,ethyl_acetate,fixed_lld,0.6499999999999999,0.16294644746574394
ethyl_acetate:7,ethyl_acetate:0.15,ethyl_acetate,0.15,including_summaries_sensitivity,leave_one_solvent_out,ethyl_acetate,fixed_lld,0.71,0.16294644746574394
ethyl_acetate:8,ethyl_acetate:0.25,ethyl_acetate,0.25,including_summaries_sensitivity,leave_one_solvent_out,ethyl_acetate,fixed_lld,0.7200000000000001,0.27154927699484205
ethyl_acetate:9,ethyl_acetate:0.25,ethyl_acetate,0.25,including_summaries_sensitivity,leave_one_solvent_out,ethyl_acetate,fixed_lld,0.7700000000000001,0.27154927699484205
ethyl_acetate:10,ethyl_acetate:0.25,ethyl_acetate,0.25,including_summaries_sensitivity,leave_one_solvent_out,ethyl_acetate,fixed_lld,0.7000000000000001,0.27154927699484205
ethyl_acetate:11,ethyl_acetate:0.5,ethyl_acetate,0.5,including_summaries_sensitivity,leave_one_solvent_out,ethyl_acetate,fixed_lld,1.27,0.5429579277457717
ethyl_acetate:12,ethyl_acetate:0.5,ethyl_acetate,0.5,including_summaries_sensitivity,leave_one_solvent_out,ethyl_acetate,fixed_lld,1.23,0.5429579277457717
ethyl_acetate:13,ethyl_acetate:0.5,ethyl_acetate,0.5,including_summaries_sensitivity,leave_one_solvent_out,ethyl_acetate,fixed_lld,1.17,0.5429579277457717
ethyl_acetate:14,ethyl_acetate:0.1,ethyl_acetate,0.1,including_summaries_sensitivity,leave_one_solvent_out,ethyl_acetate,fixed_lld,0.26,0.10863659294136205
ethyl_acetate:15,ethyl_acetate:0.1,ethyl_acetate,0.1,including_summaries_sensitivity,leave_one_solvent_out,ethyl_acetate,fixed_lld,0.31,0.10863659294136205
ethyl_acetate:16,ethyl_acetate:0.1,ethyl_acetate,0.1,including_summaries_sensitivity,leave_one_solvent_out,ethyl_acetate,fixed_lld,0.33,0.10863659294136205
ethyl_acetate:17,ethyl_acetate:0.25,ethyl_acetate,0.25,including_summaries_sensitivity,leave_one_solvent_out,ethyl_acetate,fixed_lld,0.5,0.27154927699484205
ethyl_acetate:18,ethyl_acetate:0.25,ethyl_acetate,0.25,including_summaries_sensitivity,leave_one_solvent_out,ethyl_acetate,fixed_lld,0.62,0.27154927699484205
ethyl_acetate:19,ethyl_acetate:0.25,ethyl_acetate,0.25,including_summaries_sensitivity,leave_one_solvent_out,ethyl_acetate,fixed_lld,0.54,0.27154927699484205
ethyl_acetate:20,ethyl_acetate:1,ethyl_acetate,1.0,including_summaries_sensitivity,leave_one_solvent_out,ethyl_acetate,fixed_lld,0.68,1.0853537872433594
ethyl_acetate:21,ethyl_acetate:1,ethyl_acetate,1.0,including_summaries_sensitivity,leave_one_solvent_out,ethyl_acetate,fixed_lld,0.68,1.0853537872433594
ethyl_acetate:22,ethyl_acetate:1,ethyl_acetate,1.0,including_summaries_sensitivity,leave_one_solvent_out,ethyl_acetate,fixed_lld,0.62,1.0853537872433594
ethyl_acetate:23,ethyl_acetate:2,ethyl_acetate,2.0,including_summaries_sensitivity,leave_one_solvent_out,ethyl_acetate,fixed_lld,0.99,2.168462788990869
ethyl_acetate:24,ethyl_acetate:2,ethyl_acetate,2.0,including_summaries_sensitivity,leave_one_solvent_out,ethyl_acetate,fixed_lld,1.0299999999999998,2.168462788990869
ethyl_acetate:25,ethyl_acetate:2,ethyl_acetate,2.0,including_summaries_sensitivity,leave_one_solvent_out,ethyl_acetate,fixed_lld,1.0699999999999998,2.168462788990869
ethyl_acetate:26,ethyl_acetate:3,ethyl_acetate,3.0,including_summaries_sensitivity,leave_one_solvent_out,ethyl_acetate,fixed_lld,1.28,3.249333962222371
ethyl_acetate:27,ethyl_acetate:3,ethyl_acetate,3.0,including_summaries_sensitivity,leave_one_solvent_out,ethyl_acetate,fixed_lld,1.25,3.249333962222371
ethyl_acetate:28,ethyl_acetate:3,ethyl_acetate,3.0,including_summaries_sensitivity,leave_one_solvent_out,ethyl_acetate,fixed_lld,1.1,3.249333962222371
ethyl_acetate:29,ethyl_acetate:5,ethyl_acetate,5.0,including_summaries_sensitivity,leave_one_solvent_out,ethyl_acetate,fixed_lld,1.5699999999999998,5.404390507613842
ethyl_acetate:30,ethyl_acetate:5,ethyl_acetate,5.0,including_summaries_sensitivity,leave_one_solvent_out,ethyl_acetate,fixed_lld,1.26,5.404390507613842
ethyl_acetate:31,ethyl_acetate:5,ethyl_acetate,5.0,including_summaries_sensitivity,leave_one_solvent_out,ethyl_acetate,fixed_lld,1.34,5.404390507613842
ethyl_acetate:32,ethyl_acetate:10,ethyl_acetate,10.0,including_summaries_sensitivity,leave_one_solvent_out,ethyl_acetate,fixed_lld,2.43,10.753351368995746
ethyl_acetate:33,ethyl_acetate:10,ethyl_acetate,10.0,including_summaries_sensitivity,leave_one_solvent_out,ethyl_acetate,fixed_lld,2.5700000000000003,10.753351368995746
ethyl_acetate:34,ethyl_acetate:10,ethyl_acetate,10.0,including_summaries_sensitivity,leave_one_solvent_out,ethyl_acetate,fixed_lld,3.18,10.753351368995746
ethyl_acetate:2,ethyl_acetate:0.1,ethyl_acetate,0.1,including_summaries_sensitivity,leave_one_solvent_out,ethyl_acetate,local_mean,0.53,1.540760368663594
ethyl_acetate:3,ethyl_acetate:0.1,ethyl_acetate,0.1,including_summaries_sensitivity,leave_one_solvent_out,ethyl_acetate,local_mean,0.54,1.540760368663594
ethyl_acetate:4,ethyl_acetate:0.1,ethyl_acetate,0.1,including_summaries_sensitivity,leave_one_solvent_out,ethyl_acetate,local_mean,0.54,1.540760368663594
ethyl_acetate:5,ethyl_acetate:0.15,ethyl_acetate,0.15,including_summaries_sensitivity,leave_one_solvent_out,ethyl_acetate,local_mean,0.6699999999999999,1.540760368663594
ethyl_acetate:6,ethyl_acetate:0.15,ethyl_acetate,0.15,including_summaries_sensitivity,leave_one_solvent_out,ethyl_acetate,local_mean,0.6499999999999999,1.540760368663594
ethyl_acetate:7,ethyl_acetate:0.15,ethyl_acetate,0.15,including_summaries_sensitivity,leave_one_solvent_out,ethyl_acetate,local_mean,0.71,1.540760368663594
ethyl_acetate:8,ethyl_acetate:0.25,ethyl_acetate,0.25,including_summaries_sensitivity,leave_one_solvent_out,ethyl_acetate,local_mean,0.7200000000000001,1.540760368663594
ethyl_acetate:9,ethyl_acetate:0.25,ethyl_acetate,0.25,including_summaries_sensitivity,leave_one_solvent_out,ethyl_acetate,local_mean,0.7700000000000001,1.540760368663594
ethyl_acetate:10,ethyl_acetate:0.25,ethyl_acetate,0.25,including_summaries_sensitivity,leave_one_solvent_out,ethyl_acetate,local_mean,0.7000000000000001,1.540760368663594
ethyl_acetate:11,ethyl_acetate:0.5,ethyl_acetate,0.5,including_summaries_sensitivity,leave_one_solvent_out,ethyl_acetate,local_mean,1.27,1.540760368663594
ethyl_acetate:12,ethyl_acetate:0.5,ethyl_acetate,0.5,including_summaries_sensitivity,leave_one_solvent_out,ethyl_acetate,local_mean,1.23,1.540760368663594
ethyl_acetate:13,ethyl_acetate:0.5,ethyl_acetate,0.5,including_summaries_sensitivity,leave_one_solvent_out,ethyl_acetate,local_mean,1.17,1.540760368663594
ethyl_acetate:14,ethyl_acetate:0.1,ethyl_acetate,0.1,including_summaries_sensitivity,leave_one_solvent_out,ethyl_acetate,local_mean,0.26,1.540760368663594
ethyl_acetate:15,ethyl_acetate:0.1,ethyl_acetate,0.1,including_summaries_sensitivity,leave_one_solvent_out,ethyl_acetate,local_mean,0.31,1.540760368663594
ethyl_acetate:16,ethyl_acetate:0.1,ethyl_acetate,0.1,including_summaries_sensitivity,leave_one_solvent_out,ethyl_acetate,local_mean,0.33,1.540760368663594
ethyl_acetate:17,ethyl_acetate:0.25,ethyl_acetate,0.25,including_summaries_sensitivity,leave_one_solvent_out,ethyl_acetate,local_mean,0.5,1.540760368663594
ethyl_acetate:18,ethyl_acetate:0.25,ethyl_acetate,0.25,including_summaries_sensitivity,leave_one_solvent_out,ethyl_acetate,local_mean,0.62,1.540760368663594
ethyl_acetate:19,ethyl_acetate:0.25,ethyl_acetate,0.25,including_summaries_sensitivity,leave_one_solvent_out,ethyl_acetate,local_mean,0.54,1.540760368663594
ethyl_acetate:20,ethyl_acetate:1,ethyl_acetate,1.0,including_summaries_sensitivity,leave_one_solvent_out,ethyl_acetate,local_mean,0.68,1.540760368663594
ethyl_acetate:21,ethyl_acetate:1,ethyl_acetate,1.0,including_summaries_sensitivity,leave_one_solvent_out,ethyl_acetate,local_mean,0.68,1.540760368663594
ethyl_acetate:22,ethyl_acetate:1,ethyl_acetate,1.0,including_summaries_sensitivity,leave_one_solvent_out,ethyl_acetate,local_mean,0.62,1.540760368663594
ethyl_acetate:23,ethyl_acetate:2,ethyl_acetate,2.0,including_summaries_sensitivity,leave_one_solvent_out,ethyl_acetate,local_mean,0.99,1.540760368663594
ethyl_acetate:24,ethyl_acetate:2,ethyl_acetate,2.0,including_summaries_sensitivity,leave_one_solvent_out,ethyl_acetate,local_mean,1.0299999999999998,1.540760368663594
ethyl_acetate:25,ethyl_acetate:2,ethyl_acetate,2.0,including_summaries_sensitivity,leave_one_solvent_out,ethyl_acetate,local_mean,1.0699999999999998,1.540760368663594
ethyl_acetate:26,ethyl_acetate:3,ethyl_acetate,3.0,including_summaries_sensitivity,leave_one_solvent_out,ethyl_acetate,local_mean,1.28,1.540760368663594
ethyl_acetate:27,ethyl_acetate:3,ethyl_acetate,3.0,including_summaries_sensitivity,leave_one_solvent_out,ethyl_acetate,local_mean,1.25,1.540760368663594
ethyl_acetate:28,ethyl_acetate:3,ethyl_acetate,3.0,including_summaries_sensitivity,leave_one_solvent_out,ethyl_acetate,local_mean,1.1,1.540760368663594
ethyl_acetate:29,ethyl_acetate:5,ethyl_acetate,5.0,including_summaries_sensitivity,leave_one_solvent_out,ethyl_acetate,local_mean,1.5699999999999998,1.540760368663594
ethyl_acetate:30,ethyl_acetate:5,ethyl_acetate,5.0,including_summaries_sensitivity,leave_one_solvent_out,ethyl_acetate,local_mean,1.26,1.540760368663594
ethyl_acetate:31,ethyl_acetate:5,ethyl_acetate,5.0,including_summaries_sensitivity,leave_one_solvent_out,ethyl_acetate,local_mean,1.34,1.540760368663594
ethyl_acetate:32,ethyl_acetate:10,ethyl_acetate,10.0,including_summaries_sensitivity,leave_one_solvent_out,ethyl_acetate,local_mean,2.43,1.540760368663594
ethyl_acetate:33,ethyl_acetate:10,ethyl_acetate,10.0,including_summaries_sensitivity,leave_one_solvent_out,ethyl_acetate,local_mean,2.5700000000000003,1.540760368663594
ethyl_acetate:34,ethyl_acetate:10,ethyl_acetate,10.0,including_summaries_sensitivity,leave_one_solvent_out,ethyl_acetate,local_mean,3.18,1.540760368663594
ethyl_acetate:2,ethyl_acetate:0.1,ethyl_acetate,0.1,including_summaries_sensitivity,leave_one_solvent_out,ethyl_acetate,scaled_lld,0.53,0.004231600972746193
ethyl_acetate:3,ethyl_acetate:0.1,ethyl_acetate,0.1,including_summaries_sensitivity,leave_one_solvent_out,ethyl_acetate,scaled_lld,0.54,0.004231600972746193
ethyl_acetate:4,ethyl_acetate:0.1,ethyl_acetate,0.1,including_summaries_sensitivity,leave_one_solvent_out,ethyl_acetate,scaled_lld,0.54,0.004231600972746193
ethyl_acetate:5,ethyl_acetate:0.15,ethyl_acetate,0.15,including_summaries_sensitivity,leave_one_solvent_out,ethyl_acetate,scaled_lld,0.6699999999999999,0.006347072629328111
ethyl_acetate:6,ethyl_acetate:0.15,ethyl_acetate,0.15,including_summaries_sensitivity,leave_one_solvent_out,ethyl_acetate,scaled_lld,0.6499999999999999,0.006347072629328111
ethyl_acetate:7,ethyl_acetate:0.15,ethyl_acetate,0.15,including_summaries_sensitivity,leave_one_solvent_out,ethyl_acetate,scaled_lld,0.71,0.006347072629328111
ethyl_acetate:8,ethyl_acetate:0.25,ethyl_acetate,0.25,including_summaries_sensitivity,leave_one_solvent_out,ethyl_acetate,scaled_lld,0.7200000000000001,0.010577358453243592
ethyl_acetate:9,ethyl_acetate:0.25,ethyl_acetate,0.25,including_summaries_sensitivity,leave_one_solvent_out,ethyl_acetate,scaled_lld,0.7700000000000001,0.010577358453243592
ethyl_acetate:10,ethyl_acetate:0.25,ethyl_acetate,0.25,including_summaries_sensitivity,leave_one_solvent_out,ethyl_acetate,scaled_lld,0.7000000000000001,0.010577358453243592
ethyl_acetate:11,ethyl_acetate:0.5,ethyl_acetate,0.5,including_summaries_sensitivity,leave_one_solvent_out,ethyl_acetate,scaled_lld,1.27,0.021149239248044283
ethyl_acetate:12,ethyl_acetate:0.5,ethyl_acetate,0.5,including_summaries_sensitivity,leave_one_solvent_out,ethyl_acetate,scaled_lld,1.23,0.021149239248044283
ethyl_acetate:13,ethyl_acetate:0.5,ethyl_acetate,0.5,including_summaries_sensitivity,leave_one_solvent_out,ethyl_acetate,scaled_lld,1.17,0.021149239248044283
ethyl_acetate:14,ethyl_acetate:0.1,ethyl_acetate,0.1,including_summaries_sensitivity,leave_one_solvent_out,ethyl_acetate,scaled_lld,0.26,0.004231600972746193
ethyl_acetate:15,ethyl_acetate:0.1,ethyl_acetate,0.1,including_summaries_sensitivity,leave_one_solvent_out,ethyl_acetate,scaled_lld,0.31,0.004231600972746193
ethyl_acetate:16,ethyl_acetate:0.1,ethyl_acetate,0.1,including_summaries_sensitivity,leave_one_solvent_out,ethyl_acetate,scaled_lld,0.33,0.004231600972746193
ethyl_acetate:17,ethyl_acetate:0.25,ethyl_acetate,0.25,including_summaries_sensitivity,leave_one_solvent_out,ethyl_acetate,scaled_lld,0.5,0.010577358453243592
ethyl_acetate:18,ethyl_acetate:0.25,ethyl_acetate,0.25,including_summaries_sensitivity,leave_one_solvent_out,ethyl_acetate,scaled_lld,0.62,0.010577358453243592
ethyl_acetate:19,ethyl_acetate:0.25,ethyl_acetate,0.25,including_summaries_sensitivity,leave_one_solvent_out,ethyl_acetate,scaled_lld,0.54,0.010577358453243592
ethyl_acetate:20,ethyl_acetate:1,ethyl_acetate,1.0,including_summaries_sensitivity,leave_one_solvent_out,ethyl_acetate,scaled_lld,0.68,0.04227658487367859
ethyl_acetate:21,ethyl_acetate:1,ethyl_acetate,1.0,including_summaries_sensitivity,leave_one_solvent_out,ethyl_acetate,scaled_lld,0.68,0.04227658487367859
ethyl_acetate:22,ethyl_acetate:1,ethyl_acetate,1.0,including_summaries_sensitivity,leave_one_solvent_out,ethyl_acetate,scaled_lld,0.62,0.04227658487367859
ethyl_acetate:23,ethyl_acetate:2,ethyl_acetate,2.0,including_summaries_sensitivity,leave_one_solvent_out,ethyl_acetate,scaled_lld,0.99,0.08446573110232371
ethyl_acetate:24,ethyl_acetate:2,ethyl_acetate,2.0,including_summaries_sensitivity,leave_one_solvent_out,ethyl_acetate,scaled_lld,1.0299999999999998,0.08446573110232371
ethyl_acetate:25,ethyl_acetate:2,ethyl_acetate,2.0,including_summaries_sensitivity,leave_one_solvent_out,ethyl_acetate,scaled_lld,1.0699999999999998,0.08446573110232371
ethyl_acetate:26,ethyl_acetate:3,ethyl_acetate,3.0,including_summaries_sensitivity,leave_one_solvent_out,ethyl_acetate,scaled_lld,1.28,0.1265677096734716
ethyl_acetate:27,ethyl_acetate:3,ethyl_acetate,3.0,including_summaries_sensitivity,leave_one_solvent_out,ethyl_acetate,scaled_lld,1.25,0.1265677096734716
ethyl_acetate:28,ethyl_acetate:3,ethyl_acetate,3.0,including_summaries_sensitivity,leave_one_solvent_out,ethyl_acetate,scaled_lld,1.1,0.1265677096734716
ethyl_acetate:29,ethyl_acetate:5,ethyl_acetate,5.0,including_summaries_sensitivity,leave_one_solvent_out,ethyl_acetate,scaled_lld,1.5699999999999998,0.21051124220604905
ethyl_acetate:30,ethyl_acetate:5,ethyl_acetate,5.0,including_summaries_sensitivity,leave_one_solvent_out,ethyl_acetate,scaled_lld,1.26,0.21051124220604905
ethyl_acetate:31,ethyl_acetate:5,ethyl_acetate,5.0,including_summaries_sensitivity,leave_one_solvent_out,ethyl_acetate,scaled_lld,1.34,0.21051124220604905
ethyl_acetate:32,ethyl_acetate:10,ethyl_acetate,10.0,including_summaries_sensitivity,leave_one_solvent_out,ethyl_acetate,scaled_lld,2.43,0.4188633947484463
ethyl_acetate:33,ethyl_acetate:10,ethyl_acetate,10.0,including_summaries_sensitivity,leave_one_solvent_out,ethyl_acetate,scaled_lld,2.5700000000000003,0.4188633947484463
ethyl_acetate:34,ethyl_acetate:10,ethyl_acetate,10.0,including_summaries_sensitivity,leave_one_solvent_out,ethyl_acetate,scaled_lld,3.18,0.4188633947484463
ethyl_acetate:2,ethyl_acetate:0.1,ethyl_acetate,0.1,including_summaries_sensitivity,leave_one_solvent_out,ethyl_acetate,saturating_mobile,0.53,0.2935815748097704
ethyl_acetate:3,ethyl_acetate:0.1,ethyl_acetate,0.1,including_summaries_sensitivity,leave_one_solvent_out,ethyl_acetate,saturating_mobile,0.54,0.2935815748097704
ethyl_acetate:4,ethyl_acetate:0.1,ethyl_acetate,0.1,including_summaries_sensitivity,leave_one_solvent_out,ethyl_acetate,saturating_mobile,0.54,0.2935815748097704
ethyl_acetate:5,ethyl_acetate:0.15,ethyl_acetate,0.15,including_summaries_sensitivity,leave_one_solvent_out,ethyl_acetate,saturating_mobile,0.6699999999999999,0.42646375289866123
ethyl_acetate:6,ethyl_acetate:0.15,ethyl_acetate,0.15,including_summaries_sensitivity,leave_one_solvent_out,ethyl_acetate,saturating_mobile,0.6499999999999999,0.42646375289866123
ethyl_acetate:7,ethyl_acetate:0.15,ethyl_acetate,0.15,including_summaries_sensitivity,leave_one_solvent_out,ethyl_acetate,saturating_mobile,0.71,0.42646375289866123
ethyl_acetate:8,ethyl_acetate:0.25,ethyl_acetate,0.25,including_summaries_sensitivity,leave_one_solvent_out,ethyl_acetate,saturating_mobile,0.7200000000000001,0.6685427511482986
ethyl_acetate:9,ethyl_acetate:0.25,ethyl_acetate,0.25,including_summaries_sensitivity,leave_one_solvent_out,ethyl_acetate,saturating_mobile,0.7700000000000001,0.6685427511482986
ethyl_acetate:10,ethyl_acetate:0.25,ethyl_acetate,0.25,including_summaries_sensitivity,leave_one_solvent_out,ethyl_acetate,saturating_mobile,0.7000000000000001,0.6685427511482986
ethyl_acetate:11,ethyl_acetate:0.5,ethyl_acetate,0.5,including_summaries_sensitivity,leave_one_solvent_out,ethyl_acetate,saturating_mobile,1.27,1.1641649938040999
ethyl_acetate:12,ethyl_acetate:0.5,ethyl_acetate,0.5,including_summaries_sensitivity,leave_one_solvent_out,ethyl_acetate,saturating_mobile,1.23,1.1641649938040999
ethyl_acetate:13,ethyl_acetate:0.5,ethyl_acetate,0.5,including_summaries_sensitivity,leave_one_solvent_out,ethyl_acetate,saturating_mobile,1.17,1.1641649938040999
ethyl_acetate:14,ethyl_acetate:0.1,ethyl_acetate,0.1,including_summaries_sensitivity,leave_one_solvent_out,ethyl_acetate,saturating_mobile,0.26,0.2935815748097704
ethyl_acetate:15,ethyl_acetate:0.1,ethyl_acetate,0.1,including_summaries_sensitivity,leave_one_solvent_out,ethyl_acetate,saturating_mobile,0.31,0.2935815748097704
ethyl_acetate:16,ethyl_acetate:0.1,ethyl_acetate,0.1,including_summaries_sensitivity,leave_one_solvent_out,ethyl_acetate,saturating_mobile,0.33,0.2935815748097704
ethyl_acetate:17,ethyl_acetate:0.25,ethyl_acetate,0.25,including_summaries_sensitivity,leave_one_solvent_out,ethyl_acetate,saturating_mobile,0.5,0.6685427511482986
ethyl_acetate:18,ethyl_acetate:0.25,ethyl_acetate,0.25,including_summaries_sensitivity,leave_one_solvent_out,ethyl_acetate,saturating_mobile,0.62,0.6685427511482986
ethyl_acetate:19,ethyl_acetate:0.25,ethyl_acetate,0.25,including_summaries_sensitivity,leave_one_solvent_out,ethyl_acetate,saturating_mobile,0.54,0.6685427511482986
ethyl_acetate:20,ethyl_acetate:1,ethyl_acetate,1.0,including_summaries_sensitivity,leave_one_solvent_out,ethyl_acetate,saturating_mobile,0.68,1.8498587046582948
ethyl_acetate:21,ethyl_acetate:1,ethyl_acetate,1.0,including_summaries_sensitivity,leave_one_solvent_out,ethyl_acetate,saturating_mobile,0.68,1.8498587046582948
ethyl_acetate:22,ethyl_acetate:1,ethyl_acetate,1.0,including_summaries_sensitivity,leave_one_solvent_out,ethyl_acetate,saturating_mobile,0.62,1.8498587046582948
ethyl_acetate:23,ethyl_acetate:2,ethyl_acetate,2.0,including_summaries_sensitivity,leave_one_solvent_out,ethyl_acetate,saturating_mobile,0.99,2.6220542890999248
ethyl_acetate:24,ethyl_acetate:2,ethyl_acetate,2.0,including_summaries_sensitivity,leave_one_solvent_out,ethyl_acetate,saturating_mobile,1.0299999999999998,2.6220542890999248
ethyl_acetate:25,ethyl_acetate:2,ethyl_acetate,2.0,including_summaries_sensitivity,leave_one_solvent_out,ethyl_acetate,saturating_mobile,1.0699999999999998,2.6220542890999248
ethyl_acetate:26,ethyl_acetate:3,ethyl_acetate,3.0,including_summaries_sensitivity,leave_one_solvent_out,ethyl_acetate,saturating_mobile,1.28,3.0458720552779543
ethyl_acetate:27,ethyl_acetate:3,ethyl_acetate,3.0,including_summaries_sensitivity,leave_one_solvent_out,ethyl_acetate,saturating_mobile,1.25,3.0458720552779543
ethyl_acetate:28,ethyl_acetate:3,ethyl_acetate,3.0,including_summaries_sensitivity,leave_one_solvent_out,ethyl_acetate,saturating_mobile,1.1,3.0458720552779543
ethyl_acetate:29,ethyl_acetate:5,ethyl_acetate,5.0,including_summaries_sensitivity,leave_one_solvent_out,ethyl_acetate,saturating_mobile,1.5699999999999998,3.4982223478647803
ethyl_acetate:30,ethyl_acetate:5,ethyl_acetate,5.0,including_summaries_sensitivity,leave_one_solvent_out,ethyl_acetate,saturating_mobile,1.26,3.4982223478647803
ethyl_acetate:31,ethyl_acetate:5,ethyl_acetate,5.0,including_summaries_sensitivity,leave_one_solvent_out,ethyl_acetate,saturating_mobile,1.34,3.4982223478647803
ethyl_acetate:32,ethyl_acetate:10,ethyl_acetate,10.0,including_summaries_sensitivity,leave_one_solvent_out,ethyl_acetate,saturating_mobile,2.43,3.936710611105557
ethyl_acetate:33,ethyl_acetate:10,ethyl_acetate,10.0,including_summaries_sensitivity,leave_one_solvent_out,ethyl_acetate,saturating_mobile,2.5700000000000003,3.936710611105557
ethyl_acetate:34,ethyl_acetate:10,ethyl_acetate,10.0,including_summaries_sensitivity,leave_one_solvent_out,ethyl_acetate,saturating_mobile,3.18,3.936710611105557
hexane:2,hexane:0.02,hexane,0.02,including_summaries_sensitivity,leave_one_solvent_out,hexane,fixed_lld,0.0399999999999999,0.024800411759561228
hexane:3,hexane:0.02,hexane,0.02,including_summaries_sensitivity,leave_one_solvent_out,hexane,fixed_lld,0.0599999999999999,0.024800411759561228
hexane:4,hexane:0.02,hexane,0.02,including_summaries_sensitivity,leave_one_solvent_out,hexane,fixed_lld,0.0499999999999999,0.024800411759561228
hexane:5,hexane:0.02,hexane,0.02,including_summaries_sensitivity,leave_one_solvent_out,hexane,fixed_lld,0.0899999999999999,0.024800411759561228
hexane:6,hexane:0.02,hexane,0.02,including_summaries_sensitivity,leave_one_solvent_out,hexane,fixed_lld,0.1099999999999999,0.024800411759561228
hexane:7,hexane:0.02,hexane,0.02,including_summaries_sensitivity,leave_one_solvent_out,hexane,fixed_lld,0.09,0.024800411759561228
hexane:8,hexane:0.05,hexane,0.05,including_summaries_sensitivity,leave_one_solvent_out,hexane,fixed_lld,0.14,0.06199910200562607
hexane:9,hexane:0.05,hexane,0.05,including_summaries_sensitivity,leave_one_solvent_out,hexane,fixed_lld,0.18,0.06199910200562607
hexane:10,hexane:0.05,hexane,0.05,including_summaries_sensitivity,leave_one_solvent_out,hexane,fixed_lld,0.14,0.06199910200562607
hexane:11,hexane:0.05,hexane,0.05,including_summaries_sensitivity,leave_one_solvent_out,hexane,fixed_lld,0.15,0.06199910200562607
hexane:12,hexane:0.05,hexane,0.05,including_summaries_sensitivity,leave_one_solvent_out,hexane,fixed_lld,0.1499999999999999,0.06199910200562607
hexane:13,hexane:0.05,hexane,0.05,including_summaries_sensitivity,leave_one_solvent_out,hexane,fixed_lld,0.1699999999999999,0.06199910200562607
hexane:14,hexane:0.07,hexane,0.07,including_summaries_sensitivity,leave_one_solvent_out,hexane,fixed_lld,0.13,0.08679694400068515
hexane:15,hexane:0.07,hexane,0.07,including_summaries_sensitivity,leave_one_solvent_out,hexane,fixed_lld,0.1499999999999999,0.08679694400068515
hexane:16,hexane:0.07,hexane,0.07,including_summaries_sensitivity,leave_one_solvent_out,hexane,fixed_lld,0.1399999999999999,0.08679694400068515
hexane:17,hexane:0.07,hexane,0.07,including_summaries_sensitivity,leave_one_solvent_out,hexane,fixed_lld,0.23,0.08679694400068515
hexane:18,hexane:0.07,hexane,0.07,including_summaries_sensitivity,leave_one_solvent_out,hexane,fixed_lld,0.21,0.08679694400068515
hexane:19,hexane:0.07,hexane,0.07,including_summaries_sensitivity,leave_one_solvent_out,hexane,fixed_lld,0.2199999999999999,0.08679694400068515
hexane:20,hexane:0.09,hexane,0.09,including_summaries_sensitivity,leave_one_solvent_out,hexane,fixed_lld,0.3399999999999999,0.11159375820177701
hexane:21,hexane:0.09,hexane,0.09,including_summaries_sensitivity,leave_one_solvent_out,hexane,fixed_lld,0.3199999999999999,0.11159375820177701
hexane:22,hexane:0.09,hexane,0.09,including_summaries_sensitivity,leave_one_solvent_out,hexane,fixed_lld,0.3299999999999999,0.11159375820177701
hexane:23,hexane:0.1,hexane,0.1,including_summaries_sensitivity,leave_one_solvent_out,hexane,fixed_lld,0.41,0.12399177989955329
hexane:24,hexane:0.1,hexane,0.1,including_summaries_sensitivity,leave_one_solvent_out,hexane,fixed_lld,0.42,0.12399177989955329
hexane:25,hexane:0.1,hexane,0.1,including_summaries_sensitivity,leave_one_solvent_out,hexane,fixed_lld,0.43,0.12399177989955329
hexane:26,hexane:0.1,hexane,0.1,including_summaries_sensitivity,leave_one_solvent_out,hexane,fixed_lld,0.31,0.12399177989955329
hexane:27,hexane:0.1,hexane,0.1,including_summaries_sensitivity,leave_one_solvent_out,hexane,fixed_lld,0.29,0.12399177989955329
hexane:28,hexane:0.1,hexane,0.1,including_summaries_sensitivity,leave_one_solvent_out,hexane,fixed_lld,0.31,0.12399177989955329
hexane:29,hexane:0.15,hexane,0.15,including_summaries_sensitivity,leave_one_solvent_out,hexane,fixed_lld,0.5,0.18597803468019306
hexane:30,hexane:0.15,hexane,0.15,including_summaries_sensitivity,leave_one_solvent_out,hexane,fixed_lld,0.52,0.18597803468019306
hexane:31,hexane:0.15,hexane,0.15,including_summaries_sensitivity,leave_one_solvent_out,hexane,fixed_lld,0.48,0.18597803468019306
hexane:32,hexane:0.25,hexane,0.25,including_summaries_sensitivity,leave_one_solvent_out,hexane,fixed_lld,0.5700000000000001,0.3099312788942214
hexane:33,hexane:0.25,hexane,0.25,including_summaries_sensitivity,leave_one_solvent_out,hexane,fixed_lld,0.5499999999999999,0.3099312788942214
hexane:34,hexane:0.25,hexane,0.25,including_summaries_sensitivity,leave_one_solvent_out,hexane,fixed_lld,0.53,0.3099312788942214
hexane:35,hexane:0.5,hexane,0.5,including_summaries_sensitivity,leave_one_solvent_out,hexane,fixed_lld,0.77,0.6197020547957477
hexane:36,hexane:0.5,hexane,0.5,including_summaries_sensitivity,leave_one_solvent_out,hexane,fixed_lld,0.78,0.6197020547957477
hexane:37,hexane:0.5,hexane,0.5,including_summaries_sensitivity,leave_one_solvent_out,hexane,fixed_lld,0.79,0.6197020547957477
hexane:38,hexane:1,hexane,1.0,including_summaries_sensitivity,leave_one_solvent_out,hexane,fixed_lld,1.42,1.238762596077214
hexane:39,hexane:1,hexane,1.0,including_summaries_sensitivity,leave_one_solvent_out,hexane,fixed_lld,1.42,1.238762596077214
hexane:40,hexane:1,hexane,1.0,including_summaries_sensitivity,leave_one_solvent_out,hexane,fixed_lld,1.44,1.238762596077214
hexane:41,hexane:1.5,hexane,1.5,including_summaries_sensitivity,leave_one_solvent_out,hexane,fixed_lld,2.22,1.8571826194680634
hexane:42,hexane:1.5,hexane,1.5,including_summaries_sensitivity,leave_one_solvent_out,hexane,fixed_lld,2.22,1.8571826194680634
hexane:43,hexane:1.5,hexane,1.5,including_summaries_sensitivity,leave_one_solvent_out,hexane,fixed_lld,2.21,1.8571826194680634
hexane:44,hexane:2,hexane,2.0,including_summaries_sensitivity,leave_one_solvent_out,hexane,fixed_lld,2.9799999999999995,2.4749631185327585
hexane:45,hexane:2,hexane,2.0,including_summaries_sensitivity,leave_one_solvent_out,hexane,fixed_lld,2.96,2.4749631185327585
hexane:46,hexane:2,hexane,2.0,including_summaries_sensitivity,leave_one_solvent_out,hexane,fixed_lld,2.99,2.4749631185327585
hexane:47,hexane:2.5,hexane,2.5,including_summaries_sensitivity,leave_one_solvent_out,hexane,fixed_lld,2.98,3.092105084781883
hexane:48,hexane:2.5,hexane,2.5,including_summaries_sensitivity,leave_one_solvent_out,hexane,fixed_lld,3.06,3.092105084781883
hexane:49,hexane:2.5,hexane,2.5,including_summaries_sensitivity,leave_one_solvent_out,hexane,fixed_lld,3.01,3.092105084781883
hexane:50,hexane:3,hexane,3.0,including_summaries_sensitivity,leave_one_solvent_out,hexane,fixed_lld,3.73,3.7086095076774446
hexane:51,hexane:3,hexane,3.0,including_summaries_sensitivity,leave_one_solvent_out,hexane,fixed_lld,3.65,3.7086095076774446
hexane:52,hexane:3,hexane,3.0,including_summaries_sensitivity,leave_one_solvent_out,hexane,fixed_lld,3.64,3.7086095076774446
hexane:53,hexane:5,hexane,5.0,including_summaries_sensitivity,leave_one_solvent_out,hexane,fixed_lld,5.890000000000001,6.168271483559736
hexane:54,hexane:5,hexane,5.0,including_summaries_sensitivity,leave_one_solvent_out,hexane,fixed_lld,5.9,6.168271483559736
hexane:55,hexane:5,hexane,5.0,including_summaries_sensitivity,leave_one_solvent_out,hexane,fixed_lld,6.0,6.168271483559736
hexane:56,hexane:7,hexane,7.0,including_summaries_sensitivity,leave_one_solvent_out,hexane,fixed_lld,9.3,8.617811393697655
hexane:57,hexane:7,hexane,7.0,including_summaries_sensitivity,leave_one_solvent_out,hexane,fixed_lld,9.33,8.617811393697655
hexane:58,hexane:7,hexane,7.0,including_summaries_sensitivity,leave_one_solvent_out,hexane,fixed_lld,9.24,8.617811393697655
hexane:59,hexane:10,hexane,10.0,including_summaries_sensitivity,leave_one_solvent_out,hexane,fixed_lld,12.67,12.273278644211166
hexane:2,hexane:0.02,hexane,0.02,including_summaries_sensitivity,leave_one_solvent_out,hexane,local_mean,0.0399999999999999,0.5670932539682539
hexane:3,hexane:0.02,hexane,0.02,including_summaries_sensitivity,leave_one_solvent_out,hexane,local_mean,0.0599999999999999,0.5670932539682539
hexane:4,hexane:0.02,hexane,0.02,including_summaries_sensitivity,leave_one_solvent_out,hexane,local_mean,0.0499999999999999,0.5670932539682539
hexane:5,hexane:0.02,hexane,0.02,including_summaries_sensitivity,leave_one_solvent_out,hexane,local_mean,0.0899999999999999,0.5670932539682539
hexane:6,hexane:0.02,hexane,0.02,including_summaries_sensitivity,leave_one_solvent_out,hexane,local_mean,0.1099999999999999,0.5670932539682539
hexane:7,hexane:0.02,hexane,0.02,including_summaries_sensitivity,leave_one_solvent_out,hexane,local_mean,0.09,0.5670932539682539
hexane:8,hexane:0.05,hexane,0.05,including_summaries_sensitivity,leave_one_solvent_out,hexane,local_mean,0.14,0.5670932539682539
hexane:9,hexane:0.05,hexane,0.05,including_summaries_sensitivity,leave_one_solvent_out,hexane,local_mean,0.18,0.5670932539682539
hexane:10,hexane:0.05,hexane,0.05,including_summaries_sensitivity,leave_one_solvent_out,hexane,local_mean,0.14,0.5670932539682539
hexane:11,hexane:0.05,hexane,0.05,including_summaries_sensitivity,leave_one_solvent_out,hexane,local_mean,0.15,0.5670932539682539
hexane:12,hexane:0.05,hexane,0.05,including_summaries_sensitivity,leave_one_solvent_out,hexane,local_mean,0.1499999999999999,0.5670932539682539
hexane:13,hexane:0.05,hexane,0.05,including_summaries_sensitivity,leave_one_solvent_out,hexane,local_mean,0.1699999999999999,0.5670932539682539
hexane:14,hexane:0.07,hexane,0.07,including_summaries_sensitivity,leave_one_solvent_out,hexane,local_mean,0.13,0.5670932539682539
hexane:15,hexane:0.07,hexane,0.07,including_summaries_sensitivity,leave_one_solvent_out,hexane,local_mean,0.1499999999999999,0.5670932539682539
hexane:16,hexane:0.07,hexane,0.07,including_summaries_sensitivity,leave_one_solvent_out,hexane,local_mean,0.1399999999999999,0.5670932539682539
hexane:17,hexane:0.07,hexane,0.07,including_summaries_sensitivity,leave_one_solvent_out,hexane,local_mean,0.23,0.5670932539682539
hexane:18,hexane:0.07,hexane,0.07,including_summaries_sensitivity,leave_one_solvent_out,hexane,local_mean,0.21,0.5670932539682539
hexane:19,hexane:0.07,hexane,0.07,including_summaries_sensitivity,leave_one_solvent_out,hexane,local_mean,0.2199999999999999,0.5670932539682539
hexane:20,hexane:0.09,hexane,0.09,including_summaries_sensitivity,leave_one_solvent_out,hexane,local_mean,0.3399999999999999,0.5670932539682539
hexane:21,hexane:0.09,hexane,0.09,including_summaries_sensitivity,leave_one_solvent_out,hexane,local_mean,0.3199999999999999,0.5670932539682539
hexane:22,hexane:0.09,hexane,0.09,including_summaries_sensitivity,leave_one_solvent_out,hexane,local_mean,0.3299999999999999,0.5670932539682539
hexane:23,hexane:0.1,hexane,0.1,including_summaries_sensitivity,leave_one_solvent_out,hexane,local_mean,0.41,0.5670932539682539
hexane:24,hexane:0.1,hexane,0.1,including_summaries_sensitivity,leave_one_solvent_out,hexane,local_mean,0.42,0.5670932539682539
hexane:25,hexane:0.1,hexane,0.1,including_summaries_sensitivity,leave_one_solvent_out,hexane,local_mean,0.43,0.5670932539682539
hexane:26,hexane:0.1,hexane,0.1,including_summaries_sensitivity,leave_one_solvent_out,hexane,local_mean,0.31,0.5670932539682539
hexane:27,hexane:0.1,hexane,0.1,including_summaries_sensitivity,leave_one_solvent_out,hexane,local_mean,0.29,0.5670932539682539
hexane:28,hexane:0.1,hexane,0.1,including_summaries_sensitivity,leave_one_solvent_out,hexane,local_mean,0.31,0.5670932539682539
hexane:29,hexane:0.15,hexane,0.15,including_summaries_sensitivity,leave_one_solvent_out,hexane,local_mean,0.5,0.5670932539682539
hexane:30,hexane:0.15,hexane,0.15,including_summaries_sensitivity,leave_one_solvent_out,hexane,local_mean,0.52,0.5670932539682539
hexane:31,hexane:0.15,hexane,0.15,including_summaries_sensitivity,leave_one_solvent_out,hexane,local_mean,0.48,0.5670932539682539
hexane:32,hexane:0.25,hexane,0.25,including_summaries_sensitivity,leave_one_solvent_out,hexane,local_mean,0.5700000000000001,0.5670932539682539
hexane:33,hexane:0.25,hexane,0.25,including_summaries_sensitivity,leave_one_solvent_out,hexane,local_mean,0.5499999999999999,0.5670932539682539
hexane:34,hexane:0.25,hexane,0.25,including_summaries_sensitivity,leave_one_solvent_out,hexane,local_mean,0.53,0.5670932539682539
hexane:35,hexane:0.5,hexane,0.5,including_summaries_sensitivity,leave_one_solvent_out,hexane,local_mean,0.77,0.5670932539682539
hexane:36,hexane:0.5,hexane,0.5,including_summaries_sensitivity,leave_one_solvent_out,hexane,local_mean,0.78,0.5670932539682539
hexane:37,hexane:0.5,hexane,0.5,including_summaries_sensitivity,leave_one_solvent_out,hexane,local_mean,0.79,0.5670932539682539
hexane:38,hexane:1,hexane,1.0,including_summaries_sensitivity,leave_one_solvent_out,hexane,local_mean,1.42,0.5670932539682539
hexane:39,hexane:1,hexane,1.0,including_summaries_sensitivity,leave_one_solvent_out,hexane,local_mean,1.42,0.5670932539682539
hexane:40,hexane:1,hexane,1.0,including_summaries_sensitivity,leave_one_solvent_out,hexane,local_mean,1.44,0.5670932539682539
hexane:41,hexane:1.5,hexane,1.5,including_summaries_sensitivity,leave_one_solvent_out,hexane,local_mean,2.22,0.5670932539682539
hexane:42,hexane:1.5,hexane,1.5,including_summaries_sensitivity,leave_one_solvent_out,hexane,local_mean,2.22,0.5670932539682539
hexane:43,hexane:1.5,hexane,1.5,including_summaries_sensitivity,leave_one_solvent_out,hexane,local_mean,2.21,0.5670932539682539
hexane:44,hexane:2,hexane,2.0,including_summaries_sensitivity,leave_one_solvent_out,hexane,local_mean,2.9799999999999995,0.5670932539682539
hexane:45,hexane:2,hexane,2.0,including_summaries_sensitivity,leave_one_solvent_out,hexane,local_mean,2.96,0.5670932539682539
hexane:46,hexane:2,hexane,2.0,including_summaries_sensitivity,leave_one_solvent_out,hexane,local_mean,2.99,0.5670932539682539
hexane:47,hexane:2.5,hexane,2.5,including_summaries_sensitivity,leave_one_solvent_out,hexane,local_mean,2.98,0.5670932539682539
hexane:48,hexane:2.5,hexane,2.5,including_summaries_sensitivity,leave_one_solvent_out,hexane,local_mean,3.06,0.5670932539682539
hexane:49,hexane:2.5,hexane,2.5,including_summaries_sensitivity,leave_one_solvent_out,hexane,local_mean,3.01,0.5670932539682539
hexane:50,hexane:3,hexane,3.0,including_summaries_sensitivity,leave_one_solvent_out,hexane,local_mean,3.73,0.5670932539682539
hexane:51,hexane:3,hexane,3.0,including_summaries_sensitivity,leave_one_solvent_out,hexane,local_mean,3.65,0.5670932539682539
hexane:52,hexane:3,hexane,3.0,including_summaries_sensitivity,leave_one_solvent_out,hexane,local_mean,3.64,0.5670932539682539
hexane:53,hexane:5,hexane,5.0,including_summaries_sensitivity,leave_one_solvent_out,hexane,local_mean,5.890000000000001,0.5670932539682539
hexane:54,hexane:5,hexane,5.0,including_summaries_sensitivity,leave_one_solvent_out,hexane,local_mean,5.9,0.5670932539682539
hexane:55,hexane:5,hexane,5.0,including_summaries_sensitivity,leave_one_solvent_out,hexane,local_mean,6.0,0.5670932539682539
hexane:56,hexane:7,hexane,7.0,including_summaries_sensitivity,leave_one_solvent_out,hexane,local_mean,9.3,0.5670932539682539
hexane:57,hexane:7,hexane,7.0,including_summaries_sensitivity,leave_one_solvent_out,hexane,local_mean,9.33,0.5670932539682539
hexane:58,hexane:7,hexane,7.0,including_summaries_sensitivity,leave_one_solvent_out,hexane,local_mean,9.24,0.5670932539682539
hexane:59,hexane:10,hexane,10.0,including_summaries_sensitivity,leave_one_solvent_out,hexane,local_mean,12.67,0.5670932539682539
hexane:2,hexane:0.02,hexane,0.02,including_summaries_sensitivity,leave_one_solvent_out,hexane,scaled_lld,0.0399999999999999,0.000205919938573438
hexane:3,hexane:0.02,hexane,0.02,including_summaries_sensitivity,leave_one_solvent_out,hexane,scaled_lld,0.0599999999999999,0.000205919938573438
hexane:4,hexane:0.02,hexane,0.02,including_summaries_sensitivity,leave_one_solvent_out,hexane,scaled_lld,0.0499999999999999,0.000205919938573438
hexane:5,hexane:0.02,hexane,0.02,including_summaries_sensitivity,leave_one_solvent_out,hexane,scaled_lld,0.0899999999999999,0.000205919938573438
hexane:6,hexane:0.02,hexane,0.02,including_summaries_sensitivity,leave_one_solvent_out,hexane,scaled_lld,0.1099999999999999,0.000205919938573438
hexane:7,hexane:0.02,hexane,0.02,including_summaries_sensitivity,leave_one_solvent_out,hexane,scaled_lld,0.09,0.000205919938573438
hexane:8,hexane:0.05,hexane,0.05,including_summaries_sensitivity,leave_one_solvent_out,hexane,scaled_lld,0.14,0.0005147838431224785
hexane:9,hexane:0.05,hexane,0.05,including_summaries_sensitivity,leave_one_solvent_out,hexane,scaled_lld,0.18,0.0005147838431224785
hexane:10,hexane:0.05,hexane,0.05,including_summaries_sensitivity,leave_one_solvent_out,hexane,scaled_lld,0.14,0.0005147838431224785
hexane:11,hexane:0.05,hexane,0.05,including_summaries_sensitivity,leave_one_solvent_out,hexane,scaled_lld,0.15,0.0005147838431224785
hexane:12,hexane:0.05,hexane,0.05,including_summaries_sensitivity,leave_one_solvent_out,hexane,scaled_lld,0.1499999999999999,0.0005147838431224785
hexane:13,hexane:0.05,hexane,0.05,including_summaries_sensitivity,leave_one_solvent_out,hexane,scaled_lld,0.1699999999999999,0.0005147838431224785
hexane:14,hexane:0.07,hexane,0.07,including_summaries_sensitivity,leave_one_solvent_out,hexane,scaled_lld,0.13,0.000720682444721613
hexane:15,hexane:0.07,hexane,0.07,including_summaries_sensitivity,leave_one_solvent_out,hexane,scaled_lld,0.1499999999999999,0.000720682444721613
hexane:16,hexane:0.07,hexane,0.07,including_summaries_sensitivity,leave_one_solvent_out,hexane,scaled_lld,0.1399999999999999,0.000720682444721613
hexane:17,hexane:0.07,hexane,0.07,including_summaries_sensitivity,leave_one_solvent_out,hexane,scaled_lld,0.23,0.000720682444721613
hexane:18,hexane:0.07,hexane,0.07,including_summaries_sensitivity,leave_one_solvent_out,hexane,scaled_lld,0.21,0.000720682444721613
hexane:19,hexane:0.07,hexane,0.07,including_summaries_sensitivity,leave_one_solvent_out,hexane,scaled_lld,0.2199999999999999,0.000720682444721613
hexane:20,hexane:0.09,hexane,0.09,including_summaries_sensitivity,leave_one_solvent_out,hexane,scaled_lld,0.3399999999999999,0.0009265725124595904
hexane:21,hexane:0.09,hexane,0.09,including_summaries_sensitivity,leave_one_solvent_out,hexane,scaled_lld,0.3199999999999999,0.0009265725124595904
hexane:22,hexane:0.09,hexane,0.09,including_summaries_sensitivity,leave_one_solvent_out,hexane,scaled_lld,0.3299999999999999,0.0009265725124595904
hexane:23,hexane:0.1,hexane,0.1,including_summaries_sensitivity,leave_one_solvent_out,hexane,scaled_lld,0.41,0.0010295143462964416
hexane:24,hexane:0.1,hexane,0.1,including_summaries_sensitivity,leave_one_solvent_out,hexane,scaled_lld,0.42,0.0010295143462964416
hexane:25,hexane:0.1,hexane,0.1,including_summaries_sensitivity,leave_one_solvent_out,hexane,scaled_lld,0.43,0.0010295143462964416
hexane:26,hexane:0.1,hexane,0.1,including_summaries_sensitivity,leave_one_solvent_out,hexane,scaled_lld,0.31,0.0010295143462964416
hexane:27,hexane:0.1,hexane,0.1,including_summaries_sensitivity,leave_one_solvent_out,hexane,scaled_lld,0.29,0.0010295143462964416
hexane:28,hexane:0.1,hexane,0.1,including_summaries_sensitivity,leave_one_solvent_out,hexane,scaled_lld,0.31,0.0010295143462964416
hexane:29,hexane:0.15,hexane,0.15,including_summaries_sensitivity,leave_one_solvent_out,hexane,scaled_lld,0.5,0.0015441915178117844
hexane:30,hexane:0.15,hexane,0.15,including_summaries_sensitivity,leave_one_solvent_out,hexane,scaled_lld,0.52,0.0015441915178117844
hexane:31,hexane:0.15,hexane,0.15,including_summaries_sensitivity,leave_one_solvent_out,hexane,scaled_lld,0.48,0.0015441915178117844
hexane:32,hexane:0.25,hexane,0.25,including_summaries_sensitivity,leave_one_solvent_out,hexane,scaled_lld,0.5700000000000001,0.002573385899017601
hexane:33,hexane:0.25,hexane,0.25,including_summaries_sensitivity,leave_one_solvent_out,hexane,scaled_lld,0.5499999999999999,0.002573385899017601
hexane:34,hexane:0.25,hexane,0.25,including_summaries_sensitivity,leave_one_solvent_out,hexane,scaled_lld,0.53,0.002573385899017601
hexane:35,hexane:0.5,hexane,0.5,including_summaries_sensitivity,leave_one_solvent_out,hexane,scaled_lld,0.77,0.005145439127968388
hexane:36,hexane:0.5,hexane,0.5,including_summaries_sensitivity,leave_one_solvent_out,hexane,scaled_lld,0.78,0.005145439127968388
hexane:37,hexane:0.5,hexane,0.5,including_summaries_sensitivity,leave_one_solvent_out,hexane,scaled_lld,0.79,0.005145439127968388
hexane:38,hexane:1,hexane,1.0,including_summaries_sensitivity,leave_one_solvent_out,hexane,scaled_lld,1.42,0.010285551714396435
hexane:39,hexane:1,hexane,1.0,including_summaries_sensitivity,leave_one_solvent_out,hexane,scaled_lld,1.42,0.010285551714396435
hexane:40,hexane:1,hexane,1.0,including_summaries_sensitivity,leave_one_solvent_out,hexane,scaled_lld,1.44,0.010285551714396435
hexane:41,hexane:1.5,hexane,1.5,including_summaries_sensitivity,leave_one_solvent_out,hexane,scaled_lld,2.22,0.015420346026032527
hexane:42,hexane:1.5,hexane,1.5,including_summaries_sensitivity,leave_one_solvent_out,hexane,scaled_lld,2.22,0.015420346026032527
hexane:43,hexane:1.5,hexane,1.5,including_summaries_sensitivity,leave_one_solvent_out,hexane,scaled_lld,2.21,0.015420346026032527
hexane:44,hexane:2,hexane,2.0,including_summaries_sensitivity,leave_one_solvent_out,hexane,scaled_lld,2.9799999999999995,0.020549830312527315
hexane:45,hexane:2,hexane,2.0,including_summaries_sensitivity,leave_one_solvent_out,hexane,scaled_lld,2.96,0.020549830312527315
hexane:46,hexane:2,hexane,2.0,including_summaries_sensitivity,leave_one_solvent_out,hexane,scaled_lld,2.99,0.020549830312527315
hexane:47,hexane:2.5,hexane,2.5,including_summaries_sensitivity,leave_one_solvent_out,hexane,scaled_lld,2.98,0.025674012806477926
hexane:48,hexane:2.5,hexane,2.5,including_summaries_sensitivity,leave_one_solvent_out,hexane,scaled_lld,3.06,0.025674012806477926
hexane:49,hexane:2.5,hexane,2.5,including_summaries_sensitivity,leave_one_solvent_out,hexane,scaled_lld,3.01,0.025674012806477926
hexane:50,hexane:3,hexane,3.0,including_summaries_sensitivity,leave_one_solvent_out,hexane,scaled_lld,3.73,0.030792901723471974
hexane:51,hexane:3,hexane,3.0,including_summaries_sensitivity,leave_one_solvent_out,hexane,scaled_lld,3.65,0.030792901723471974
hexane:52,hexane:3,hexane,3.0,including_summaries_sensitivity,leave_one_solvent_out,hexane,scaled_lld,3.64,0.030792901723471974
hexane:53,hexane:5,hexane,5.0,including_summaries_sensitivity,leave_one_solvent_out,hexane,scaled_lld,5.890000000000001,0.05121568534075751
hexane:54,hexane:5,hexane,5.0,including_summaries_sensitivity,leave_one_solvent_out,hexane,scaled_lld,5.9,0.05121568534075751
hexane:55,hexane:5,hexane,5.0,including_summaries_sensitivity,leave_one_solvent_out,hexane,scaled_lld,6.0,0.05121568534075751
hexane:56,hexane:7,hexane,7.0,including_summaries_sensitivity,leave_one_solvent_out,hexane,scaled_lld,9.3,0.07155442458101718
hexane:57,hexane:7,hexane,7.0,including_summaries_sensitivity,leave_one_solvent_out,hexane,scaled_lld,9.33,0.07155442458101718
hexane:58,hexane:7,hexane,7.0,including_summaries_sensitivity,leave_one_solvent_out,hexane,scaled_lld,9.24,0.07155442458101718
hexane:59,hexane:10,hexane,10.0,including_summaries_sensitivity,leave_one_solvent_out,hexane,scaled_lld,12.67,0.10190608160109699
hexane:2,hexane:0.02,hexane,0.02,including_summaries_sensitivity,leave_one_solvent_out,hexane,saturating_mobile,0.0399999999999999,0.13021057817603787
hexane:3,hexane:0.02,hexane,0.02,including_summaries_sensitivity,leave_one_solvent_out,hexane,saturating_mobile,0.0599999999999999,0.13021057817603787
hexane:4,hexane:0.02,hexane,0.02,including_summaries_sensitivity,leave_one_solvent_out,hexane,saturating_mobile,0.0499999999999999,0.13021057817603787
hexane:5,hexane:0.02,hexane,0.02,including_summaries_sensitivity,leave_one_solvent_out,hexane,saturating_mobile,0.0899999999999999,0.13021057817603787
hexane:6,hexane:0.02,hexane,0.02,including_summaries_sensitivity,leave_one_solvent_out,hexane,saturating_mobile,0.1099999999999999,0.13021057817603787
hexane:7,hexane:0.02,hexane,0.02,including_summaries_sensitivity,leave_one_solvent_out,hexane,saturating_mobile,0.09,0.13021057817603787
hexane:8,hexane:0.05,hexane,0.05,including_summaries_sensitivity,leave_one_solvent_out,hexane,saturating_mobile,0.14,0.2635907364916905
hexane:9,hexane:0.05,hexane,0.05,including_summaries_sensitivity,leave_one_solvent_out,hexane,saturating_mobile,0.18,0.2635907364916905
hexane:10,hexane:0.05,hexane,0.05,including_summaries_sensitivity,leave_one_solvent_out,hexane,saturating_mobile,0.14,0.2635907364916905
hexane:11,hexane:0.05,hexane,0.05,including_summaries_sensitivity,leave_one_solvent_out,hexane,saturating_mobile,0.15,0.2635907364916905
hexane:12,hexane:0.05,hexane,0.05,including_summaries_sensitivity,leave_one_solvent_out,hexane,saturating_mobile,0.1499999999999999,0.2635907364916905
hexane:13,hexane:0.05,hexane,0.05,including_summaries_sensitivity,leave_one_solvent_out,hexane,saturating_mobile,0.1699999999999999,0.2635907364916905
hexane:14,hexane:0.07,hexane,0.07,including_summaries_sensitivity,leave_one_solvent_out,hexane,saturating_mobile,0.13,0.3274877787338287
hexane:15,hexane:0.07,hexane,0.07,including_summaries_sensitivity,leave_one_solvent_out,hexane,saturating_mobile,0.1499999999999999,0.3274877787338287
hexane:16,hexane:0.07,hexane,0.07,including_summaries_sensitivity,leave_one_solvent_out,hexane,saturating_mobile,0.1399999999999999,0.3274877787338287
hexane:17,hexane:0.07,hexane,0.07,including_summaries_sensitivity,leave_one_solvent_out,hexane,saturating_mobile,0.23,0.3274877787338287
hexane:18,hexane:0.07,hexane,0.07,including_summaries_sensitivity,leave_one_solvent_out,hexane,saturating_mobile,0.21,0.3274877787338287
hexane:19,hexane:0.07,hexane,0.07,including_summaries_sensitivity,leave_one_solvent_out,hexane,saturating_mobile,0.2199999999999999,0.3274877787338287
hexane:20,hexane:0.09,hexane,0.09,including_summaries_sensitivity,leave_one_solvent_out,hexane,saturating_mobile,0.3399999999999999,0.3784551895403457
hexane:21,hexane:0.09,hexane,0.09,including_summaries_sensitivity,leave_one_solvent_out,hexane,saturating_mobile,0.3199999999999999,0.3784551895403457
hexane:22,hexane:0.09,hexane,0.09,including_summaries_sensitivity,leave_one_solvent_out,hexane,saturating_mobile,0.3299999999999999,0.3784551895403457
hexane:23,hexane:0.1,hexane,0.1,including_summaries_sensitivity,leave_one_solvent_out,hexane,saturating_mobile,0.41,0.4002576315266302
hexane:24,hexane:0.1,hexane,0.1,including_summaries_sensitivity,leave_one_solvent_out,hexane,saturating_mobile,0.42,0.4002576315266302
hexane:25,hexane:0.1,hexane,0.1,including_summaries_sensitivity,leave_one_solvent_out,hexane,saturating_mobile,0.43,0.4002576315266302
hexane:26,hexane:0.1,hexane,0.1,including_summaries_sensitivity,leave_one_solvent_out,hexane,saturating_mobile,0.31,0.4002576315266302
hexane:27,hexane:0.1,hexane,0.1,including_summaries_sensitivity,leave_one_solvent_out,hexane,saturating_mobile,0.29,0.4002576315266302
hexane:28,hexane:0.1,hexane,0.1,including_summaries_sensitivity,leave_one_solvent_out,hexane,saturating_mobile,0.31,0.4002576315266302
hexane:29,hexane:0.15,hexane,0.15,including_summaries_sensitivity,leave_one_solvent_out,hexane,saturating_mobile,0.5,0.48388631716359753
hexane:30,hexane:0.15,hexane,0.15,including_summaries_sensitivity,leave_one_solvent_out,hexane,saturating_mobile,0.52,0.48388631716359753
hexane:31,hexane:0.15,hexane,0.15,including_summaries_sensitivity,leave_one_solvent_out,hexane,saturating_mobile,0.48,0.48388631716359753
hexane:32,hexane:0.25,hexane,0.25,including_summaries_sensitivity,leave_one_solvent_out,hexane,saturating_mobile,0.5700000000000001,0.5810003611862733
hexane:33,hexane:0.25,hexane,0.25,including_summaries_sensitivity,leave_one_solvent_out,hexane,saturating_mobile,0.5499999999999999,0.5810003611862733
hexane:34,hexane:0.25,hexane,0.25,including_summaries_sensitivity,leave_one_solvent_out,hexane,saturating_mobile,0.53,0.5810003611862733
hexane:35,hexane:0.5,hexane,0.5,including_summaries_sensitivity,leave_one_solvent_out,hexane,saturating_mobile,0.77,0.6839498570203069
hexane:36,hexane:0.5,hexane,0.5,including_summaries_sensitivity,leave_one_solvent_out,hexane,saturating_mobile,0.78,0.6839498570203069
hexane:37,hexane:0.5,hexane,0.5,including_summaries_sensitivity,leave_one_solvent_out,hexane,saturating_mobile,0.79,0.6839498570203069
hexane:38,hexane:1,hexane,1.0,including_summaries_sensitivity,leave_one_solvent_out,hexane,saturating_mobile,1.42,0.750436058246041
hexane:39,hexane:1,hexane,1.0,including_summaries_sensitivity,leave_one_solvent_out,hexane,saturating_mobile,1.42,0.750436058246041
hexane:40,hexane:1,hexane,1.0,including_summaries_sensitivity,leave_one_solvent_out,hexane,saturating_mobile,1.44,0.750436058246041
hexane:41,hexane:1.5,hexane,1.5,including_summaries_sensitivity,leave_one_solvent_out,hexane,saturating_mobile,2.22,0.7755667942783747
hexane:42,hexane:1.5,hexane,1.5,including_summaries_sensitivity,leave_one_solvent_out,hexane,saturating_mobile,2.22,0.7755667942783747
hexane:43,hexane:1.5,hexane,1.5,including_summaries_sensitivity,leave_one_solvent_out,hexane,saturating_mobile,2.21,0.7755667942783747
hexane:44,hexane:2,hexane,2.0,including_summaries_sensitivity,leave_one_solvent_out,hexane,saturating_mobile,2.9799999999999995,0.7887740978347615
hexane:45,hexane:2,hexane,2.0,including_summaries_sensitivity,leave_one_solvent_out,hexane,saturating_mobile,2.96,0.7887740978347615
hexane:46,hexane:2,hexane,2.0,including_summaries_sensitivity,leave_one_solvent_out,hexane,saturating_mobile,2.99,0.7887740978347615
hexane:47,hexane:2.5,hexane,2.5,including_summaries_sensitivity,leave_one_solvent_out,hexane,saturating_mobile,2.98,0.7969166226218553
hexane:48,hexane:2.5,hexane,2.5,including_summaries_sensitivity,leave_one_solvent_out,hexane,saturating_mobile,3.06,0.7969166226218553
hexane:49,hexane:2.5,hexane,2.5,including_summaries_sensitivity,leave_one_solvent_out,hexane,saturating_mobile,3.01,0.7969166226218553
hexane:50,hexane:3,hexane,3.0,including_summaries_sensitivity,leave_one_solvent_out,hexane,saturating_mobile,3.73,0.8024390145496475
hexane:51,hexane:3,hexane,3.0,including_summaries_sensitivity,leave_one_solvent_out,hexane,saturating_mobile,3.65,0.8024390145496475
hexane:52,hexane:3,hexane,3.0,including_summaries_sensitivity,leave_one_solvent_out,hexane,saturating_mobile,3.64,0.8024390145496475
hexane:53,hexane:5,hexane,5.0,including_summaries_sensitivity,leave_one_solvent_out,hexane,saturating_mobile,5.890000000000001,0.8137166364668583
hexane:54,hexane:5,hexane,5.0,including_summaries_sensitivity,leave_one_solvent_out,hexane,saturating_mobile,5.9,0.8137166364668583
hexane:55,hexane:5,hexane,5.0,including_summaries_sensitivity,leave_one_solvent_out,hexane,saturating_mobile,6.0,0.8137166364668583
hexane:56,hexane:7,hexane,7.0,including_summaries_sensitivity,leave_one_solvent_out,hexane,saturating_mobile,9.3,0.8186475304562424
hexane:57,hexane:7,hexane,7.0,including_summaries_sensitivity,leave_one_solvent_out,hexane,saturating_mobile,9.33,0.8186475304562424
hexane:58,hexane:7,hexane,7.0,including_summaries_sensitivity,leave_one_solvent_out,hexane,saturating_mobile,9.24,0.8186475304562424
hexane:59,hexane:10,hexane,10.0,including_summaries_sensitivity,leave_one_solvent_out,hexane,saturating_mobile,12.67,0.8223850972743886
toluene:2,toluene:0.0025,toluene,0.0025,including_summaries_sensitivity,leave_one_solvent_out,toluene,fixed_lld,0.13,0.003674197715243912
toluene:3,toluene:0.005,toluene,0.005,including_summaries_sensitivity,leave_one_solvent_out,toluene,fixed_lld,0.09,0.007348376393292602
toluene:4,toluene:0.01,toluene,0.01,including_summaries_sensitivity,leave_one_solvent_out,toluene,fixed_lld,0.29,0.014696676638396135
toluene:5,toluene:0.015,toluene,0.015,including_summaries_sensitivity,leave_one_solvent_out,toluene,fixed_lld,0.1599999999999999,0.02204490073649423
toluene:6,toluene:0.025,toluene,0.025,including_summaries_sensitivity,leave_one_solvent_out,toluene,fixed_lld,0.17,0.03674112049640852
toluene:7,toluene:0.05,toluene,0.05,including_summaries_sensitivity,leave_one_solvent_out,toluene,fixed_lld,0.24,0.07348033740644865
toluene:8,toluene:0.1,toluene,0.1,including_summaries_sensitivity,leave_one_solvent_out,toluene,fixed_lld,0.38,0.1469530610591509
toluene:9,toluene:0.25,toluene,0.25,including_summaries_sensitivity,leave_one_solvent_out,toluene,fixed_lld,0.31,0.36732556132656446
toluene:10,toluene:0.5,toluene,0.5,including_summaries_sensitivity,leave_one_solvent_out,toluene,fixed_lld,0.47,0.7344608970905568
toluene:11,toluene:0.9,toluene,0.9,including_summaries_sensitivity,leave_one_solvent_out,toluene,fixed_lld,0.44,1.321482133816833
toluene:12,toluene:1.5,toluene,1.5,including_summaries_sensitivity,leave_one_solvent_out,toluene,fixed_lld,0.2599999999999999,2.201102936805792
toluene:13,toluene:2,toluene,2.0,including_summaries_sensitivity,leave_one_solvent_out,toluene,fixed_lld,0.29,2.9332864369842095
toluene:14,toluene:10,toluene,10.0,including_summaries_sensitivity,leave_one_solvent_out,toluene,fixed_lld,0.41,14.54609222853195
toluene:15,toluene:40,toluene,40.0,including_summaries_sensitivity,leave_one_solvent_out,toluene,fixed_lld,0.18,56.44752208087026
toluene:16,toluene:50,toluene,50.0,including_summaries_sensitivity,leave_one_solvent_out,toluene,fixed_lld,0.1699999999999999,69.86423607299828
toluene:17,toluene:0.0025,toluene,0.0025,including_summaries_sensitivity,leave_one_solvent_out,toluene,fixed_lld,0.13,0.003674197715243912
toluene:18,toluene:0.0025,toluene,0.0025,including_summaries_sensitivity,leave_one_solvent_out,toluene,fixed_lld,0.14,0.003674197715243912
toluene:19,toluene:0.0025,toluene,0.0025,including_summaries_sensitivity,leave_one_solvent_out,toluene,fixed_lld,0.14,0.003674197715243912
toluene:20,toluene:0.005,toluene,0.005,including_summaries_sensitivity,leave_one_solvent_out,toluene,fixed_lld,0.09,0.007348376393292602
toluene:21,toluene:0.005,toluene,0.005,including_summaries_sensitivity,leave_one_solvent_out,toluene,fixed_lld,0.1,0.007348376393292602
toluene:22,toluene:0.005,toluene,0.005,including_summaries_sensitivity,leave_one_solvent_out,toluene,fixed_lld,0.09,0.007348376393292602
toluene:23,toluene:0.01,toluene,0.01,including_summaries_sensitivity,leave_one_solvent_out,toluene,fixed_lld,0.3,0.014696676638396135
toluene:24,toluene:0.01,toluene,0.01,including_summaries_sensitivity,leave_one_solvent_out,toluene,fixed_lld,0.31,0.014696676638396135
toluene:25,toluene:0.01,toluene,0.01,including_summaries_sensitivity,leave_one_solvent_out,toluene,fixed_lld,0.24,0.014696676638396135
toluene:26,toluene:0.015,toluene,0.015,including_summaries_sensitivity,leave_one_solvent_out,toluene,fixed_lld,0.18,0.02204490073649423
toluene:27,toluene:0.015,toluene,0.015,including_summaries_sensitivity,leave_one_solvent_out,toluene,fixed_lld,0.1499999999999999,0.02204490073649423
toluene:28,toluene:0.015,toluene,0.015,including_summaries_sensitivity,leave_one_solvent_out,toluene,fixed_lld,0.16,0.02204490073649423
toluene:29,toluene:0.025,toluene,0.025,including_summaries_sensitivity,leave_one_solvent_out,toluene,fixed_lld,0.1799999999999999,0.03674112049640852
toluene:30,toluene:0.025,toluene,0.025,including_summaries_sensitivity,leave_one_solvent_out,toluene,fixed_lld,0.18,0.03674112049640852
toluene:31,toluene:0.025,toluene,0.025,including_summaries_sensitivity,leave_one_solvent_out,toluene,fixed_lld,0.17,0.03674112049640852
toluene:32,toluene:0.05,toluene,0.05,including_summaries_sensitivity,leave_one_solvent_out,toluene,fixed_lld,0.3,0.07348033740644865
toluene:33,toluene:0.05,toluene,0.05,including_summaries_sensitivity,leave_one_solvent_out,toluene,fixed_lld,0.25,0.07348033740644865
toluene:34,toluene:0.05,toluene,0.05,including_summaries_sensitivity,leave_one_solvent_out,toluene,fixed_lld,0.31,0.07348033740644865
toluene:35,toluene:0.1,toluene,0.1,including_summaries_sensitivity,leave_one_solvent_out,toluene,fixed_lld,0.15,0.1469530610591509
toluene:36,toluene:0.1,toluene,0.1,including_summaries_sensitivity,leave_one_solvent_out,toluene,fixed_lld,0.19,0.1469530610591509
toluene:37,toluene:0.1,toluene,0.1,including_summaries_sensitivity,leave_one_solvent_out,toluene,fixed_lld,0.18,0.1469530610591509
toluene:38,toluene:0.25,toluene,0.25,including_summaries_sensitivity,leave_one_solvent_out,toluene,fixed_lld,0.26,0.36732556132656446
toluene:39,toluene:0.25,toluene,0.25,including_summaries_sensitivity,leave_one_solvent_out,toluene,fixed_lld,0.31,0.36732556132656446
toluene:40,toluene:0.25,toluene,0.25,including_summaries_sensitivity,leave_one_solvent_out,toluene,fixed_lld,0.39,0.36732556132656446
toluene:41,toluene:10,toluene,10.0,including_summaries_sensitivity,leave_one_solvent_out,toluene,fixed_lld,0.0999999999999999,14.54609222853195
toluene:42,toluene:10,toluene,10.0,including_summaries_sensitivity,leave_one_solvent_out,toluene,fixed_lld,0.0999999999999999,14.54609222853195
toluene:43,toluene:10,toluene,10.0,including_summaries_sensitivity,leave_one_solvent_out,toluene,fixed_lld,0.14,14.54609222853195
toluene:45,toluene:40,toluene,40.0,including_summaries_sensitivity,leave_one_solvent_out,toluene,fixed_lld,0.15,56.44752208087026
toluene:46,toluene:40,toluene,40.0,including_summaries_sensitivity,leave_one_solvent_out,toluene,fixed_lld,0.12,56.44752208087026
toluene:47,toluene:50,toluene,50.0,including_summaries_sensitivity,leave_one_solvent_out,toluene,fixed_lld,0.2099999999999999,69.86423607299828
toluene:48,toluene:50,toluene,50.0,including_summaries_sensitivity,leave_one_solvent_out,toluene,fixed_lld,0.1899999999999999,69.86423607299828
toluene:49,toluene:50,toluene,50.0,including_summaries_sensitivity,leave_one_solvent_out,toluene,fixed_lld,0.1799999999999999,69.86423607299828
toluene:50,toluene:50,toluene,50.0,including_summaries_sensitivity,leave_one_solvent_out,toluene,fixed_lld,0.17,69.86423607299828
toluene:51,toluene:50,toluene,50.0,including_summaries_sensitivity,leave_one_solvent_out,toluene,fixed_lld,0.14,69.86423607299828
toluene:52,toluene:50,toluene,50.0,including_summaries_sensitivity,leave_one_solvent_out,toluene,fixed_lld,0.12,69.86423607299828
toluene:2,toluene:0.0025,toluene,0.0025,including_summaries_sensitivity,leave_one_solvent_out,toluene,local_mean,0.13,2.1642666666666663
toluene:3,toluene:0.005,toluene,0.005,including_summaries_sensitivity,leave_one_solvent_out,toluene,local_mean,0.09,2.1642666666666663
toluene:4,toluene:0.01,toluene,0.01,including_summaries_sensitivity,leave_one_solvent_out,toluene,local_mean,0.29,2.1642666666666663
toluene:5,toluene:0.015,toluene,0.015,including_summaries_sensitivity,leave_one_solvent_out,toluene,local_mean,0.1599999999999999,2.1642666666666663
toluene:6,toluene:0.025,toluene,0.025,including_summaries_sensitivity,leave_one_solvent_out,toluene,local_mean,0.17,2.1642666666666663
toluene:7,toluene:0.05,toluene,0.05,including_summaries_sensitivity,leave_one_solvent_out,toluene,local_mean,0.24,2.1642666666666663
toluene:8,toluene:0.1,toluene,0.1,including_summaries_sensitivity,leave_one_solvent_out,toluene,local_mean,0.38,2.1642666666666663
toluene:9,toluene:0.25,toluene,0.25,including_summaries_sensitivity,leave_one_solvent_out,toluene,local_mean,0.31,2.1642666666666663
toluene:10,toluene:0.5,toluene,0.5,including_summaries_sensitivity,leave_one_solvent_out,toluene,local_mean,0.47,2.1642666666666663
toluene:11,toluene:0.9,toluene,0.9,including_summaries_sensitivity,leave_one_solvent_out,toluene,local_mean,0.44,2.1642666666666663
toluene:12,toluene:1.5,toluene,1.5,including_summaries_sensitivity,leave_one_solvent_out,toluene,local_mean,0.2599999999999999,2.1642666666666663
toluene:13,toluene:2,toluene,2.0,including_summaries_sensitivity,leave_one_solvent_out,toluene,local_mean,0.29,2.1642666666666663
toluene:14,toluene:10,toluene,10.0,including_summaries_sensitivity,leave_one_solvent_out,toluene,local_mean,0.41,2.1642666666666663
toluene:15,toluene:40,toluene,40.0,including_summaries_sensitivity,leave_one_solvent_out,toluene,local_mean,0.18,2.1642666666666663
toluene:16,toluene:50,toluene,50.0,including_summaries_sensitivity,leave_one_solvent_out,toluene,local_mean,0.1699999999999999,2.1642666666666663
toluene:17,toluene:0.0025,toluene,0.0025,including_summaries_sensitivity,leave_one_solvent_out,toluene,local_mean,0.13,2.1642666666666663
toluene:18,toluene:0.0025,toluene,0.0025,including_summaries_sensitivity,leave_one_solvent_out,toluene,local_mean,0.14,2.1642666666666663
toluene:19,toluene:0.0025,toluene,0.0025,including_summaries_sensitivity,leave_one_solvent_out,toluene,local_mean,0.14,2.1642666666666663
toluene:20,toluene:0.005,toluene,0.005,including_summaries_sensitivity,leave_one_solvent_out,toluene,local_mean,0.09,2.1642666666666663
toluene:21,toluene:0.005,toluene,0.005,including_summaries_sensitivity,leave_one_solvent_out,toluene,local_mean,0.1,2.1642666666666663
toluene:22,toluene:0.005,toluene,0.005,including_summaries_sensitivity,leave_one_solvent_out,toluene,local_mean,0.09,2.1642666666666663
toluene:23,toluene:0.01,toluene,0.01,including_summaries_sensitivity,leave_one_solvent_out,toluene,local_mean,0.3,2.1642666666666663
toluene:24,toluene:0.01,toluene,0.01,including_summaries_sensitivity,leave_one_solvent_out,toluene,local_mean,0.31,2.1642666666666663
toluene:25,toluene:0.01,toluene,0.01,including_summaries_sensitivity,leave_one_solvent_out,toluene,local_mean,0.24,2.1642666666666663
toluene:26,toluene:0.015,toluene,0.015,including_summaries_sensitivity,leave_one_solvent_out,toluene,local_mean,0.18,2.1642666666666663
toluene:27,toluene:0.015,toluene,0.015,including_summaries_sensitivity,leave_one_solvent_out,toluene,local_mean,0.1499999999999999,2.1642666666666663
toluene:28,toluene:0.015,toluene,0.015,including_summaries_sensitivity,leave_one_solvent_out,toluene,local_mean,0.16,2.1642666666666663
toluene:29,toluene:0.025,toluene,0.025,including_summaries_sensitivity,leave_one_solvent_out,toluene,local_mean,0.1799999999999999,2.1642666666666663
toluene:30,toluene:0.025,toluene,0.025,including_summaries_sensitivity,leave_one_solvent_out,toluene,local_mean,0.18,2.1642666666666663
toluene:31,toluene:0.025,toluene,0.025,including_summaries_sensitivity,leave_one_solvent_out,toluene,local_mean,0.17,2.1642666666666663
toluene:32,toluene:0.05,toluene,0.05,including_summaries_sensitivity,leave_one_solvent_out,toluene,local_mean,0.3,2.1642666666666663
toluene:33,toluene:0.05,toluene,0.05,including_summaries_sensitivity,leave_one_solvent_out,toluene,local_mean,0.25,2.1642666666666663
toluene:34,toluene:0.05,toluene,0.05,including_summaries_sensitivity,leave_one_solvent_out,toluene,local_mean,0.31,2.1642666666666663
toluene:35,toluene:0.1,toluene,0.1,including_summaries_sensitivity,leave_one_solvent_out,toluene,local_mean,0.15,2.1642666666666663
toluene:36,toluene:0.1,toluene,0.1,including_summaries_sensitivity,leave_one_solvent_out,toluene,local_mean,0.19,2.1642666666666663
toluene:37,toluene:0.1,toluene,0.1,including_summaries_sensitivity,leave_one_solvent_out,toluene,local_mean,0.18,2.1642666666666663
toluene:38,toluene:0.25,toluene,0.25,including_summaries_sensitivity,leave_one_solvent_out,toluene,local_mean,0.26,2.1642666666666663
toluene:39,toluene:0.25,toluene,0.25,including_summaries_sensitivity,leave_one_solvent_out,toluene,local_mean,0.31,2.1642666666666663
toluene:40,toluene:0.25,toluene,0.25,including_summaries_sensitivity,leave_one_solvent_out,toluene,local_mean,0.39,2.1642666666666663
toluene:41,toluene:10,toluene,10.0,including_summaries_sensitivity,leave_one_solvent_out,toluene,local_mean,0.0999999999999999,2.1642666666666663
toluene:42,toluene:10,toluene,10.0,including_summaries_sensitivity,leave_one_solvent_out,toluene,local_mean,0.0999999999999999,2.1642666666666663
toluene:43,toluene:10,toluene,10.0,including_summaries_sensitivity,leave_one_solvent_out,toluene,local_mean,0.14,2.1642666666666663
toluene:45,toluene:40,toluene,40.0,including_summaries_sensitivity,leave_one_solvent_out,toluene,local_mean,0.15,2.1642666666666663
toluene:46,toluene:40,toluene,40.0,including_summaries_sensitivity,leave_one_solvent_out,toluene,local_mean,0.12,2.1642666666666663
toluene:47,toluene:50,toluene,50.0,including_summaries_sensitivity,leave_one_solvent_out,toluene,local_mean,0.2099999999999999,2.1642666666666663
toluene:48,toluene:50,toluene,50.0,including_summaries_sensitivity,leave_one_solvent_out,toluene,local_mean,0.1899999999999999,2.1642666666666663
toluene:49,toluene:50,toluene,50.0,including_summaries_sensitivity,leave_one_solvent_out,toluene,local_mean,0.1799999999999999,2.1642666666666663
toluene:50,toluene:50,toluene,50.0,including_summaries_sensitivity,leave_one_solvent_out,toluene,local_mean,0.17,2.1642666666666663
toluene:51,toluene:50,toluene,50.0,including_summaries_sensitivity,leave_one_solvent_out,toluene,local_mean,0.14,2.1642666666666663
toluene:52,toluene:50,toluene,50.0,including_summaries_sensitivity,leave_one_solvent_out,toluene,local_mean,0.12,2.1642666666666663
toluene:2,toluene:0.0025,toluene,0.0025,including_summaries_sensitivity,leave_one_solvent_out,toluene,scaled_lld,0.13,0.0028291610506399577
toluene:3,toluene:0.005,toluene,0.005,including_summaries_sensitivity,leave_one_solvent_out,toluene,scaled_lld,0.09,0.005658307442490321
toluene:4,toluene:0.01,toluene,0.01,including_summaries_sensitivity,leave_one_solvent_out,toluene,scaled_lld,0.29,0.01131655625027797
toluene:5,toluene:0.015,toluene,0.015,including_summaries_sensitivity,leave_one_solvent_out,toluene,scaled_lld,0.1599999999999999,0.016974746424274354
toluene:6,toluene:0.025,toluene,0.025,including_summaries_sensitivity,leave_one_solvent_out,toluene,scaled_lld,0.17,0.028290950874538853
toluene:7,toluene:0.05,toluene,0.05,including_summaries_sensitivity,leave_one_solvent_out,toluene,scaled_lld,0.24,0.05658043597264775
toluene:8,toluene:0.1,toluene,0.1,including_summaries_sensitivity,leave_one_solvent_out,toluene,scaled_lld,0.38,0.11315500929521027
toluene:9,toluene:0.25,toluene,0.25,including_summaries_sensitivity,leave_one_solvent_out,toluene,scaled_lld,0.31,0.2828435624729537
toluene:10,toluene:0.5,toluene,0.5,including_summaries_sensitivity,leave_one_solvent_out,toluene,scaled_lld,0.47,0.5655406497711415
toluene:11,toluene:0.9,toluene,0.9,including_summaries_sensitivity,leave_one_solvent_out,toluene,scaled_lld,0.44,1.017551604966629
toluene:12,toluene:1.5,toluene,1.5,including_summaries_sensitivity,leave_one_solvent_out,toluene,scaled_lld,0.2599999999999999,1.6948665204988222
toluene:13,toluene:2,toluene,2.0,including_summaries_sensitivity,leave_one_solvent_out,toluene,scaled_lld,0.29,2.258653556790226
toluene:14,toluene:10,toluene,10.0,including_summaries_sensitivity,leave_one_solvent_out,toluene,scaled_lld,0.41,11.200605073928967
toluene:15,toluene:40,toluene,40.0,including_summaries_sensitivity,leave_one_solvent_out,toluene,scaled_lld,0.18,43.465034615246736
toluene:16,toluene:50,toluene,50.0,including_summaries_sensitivity,leave_one_solvent_out,toluene,scaled_lld,0.1699999999999999,53.79600959153075
toluene:17,toluene:0.0025,toluene,0.0025,including_summaries_sensitivity,leave_one_solvent_out,toluene,scaled_lld,0.13,0.0028291610506399577
toluene:18,toluene:0.0025,toluene,0.0025,including_summaries_sensitivity,leave_one_solvent_out,toluene,scaled_lld,0.14,0.0028291610506399577
toluene:19,toluene:0.0025,toluene,0.0025,including_summaries_sensitivity,leave_one_solvent_out,toluene,scaled_lld,0.14,0.0028291610506399577
toluene:20,toluene:0.005,toluene,0.005,including_summaries_sensitivity,leave_one_solvent_out,toluene,scaled_lld,0.09,0.005658307442490321
toluene:21,toluene:0.005,toluene,0.005,including_summaries_sensitivity,leave_one_solvent_out,toluene,scaled_lld,0.1,0.005658307442490321
toluene:22,toluene:0.005,toluene,0.005,including_summaries_sensitivity,leave_one_solvent_out,toluene,scaled_lld,0.09,0.005658307442490321
toluene:23,toluene:0.01,toluene,0.01,including_summaries_sensitivity,leave_one_solvent_out,toluene,scaled_lld,0.3,0.01131655625027797
toluene:24,toluene:0.01,toluene,0.01,including_summaries_sensitivity,leave_one_solvent_out,toluene,scaled_lld,0.31,0.01131655625027797
toluene:25,toluene:0.01,toluene,0.01,including_summaries_sensitivity,leave_one_solvent_out,toluene,scaled_lld,0.24,0.01131655625027797
toluene:26,toluene:0.015,toluene,0.015,including_summaries_sensitivity,leave_one_solvent_out,toluene,scaled_lld,0.18,0.016974746424274354
toluene:27,toluene:0.015,toluene,0.015,including_summaries_sensitivity,leave_one_solvent_out,toluene,scaled_lld,0.1499999999999999,0.016974746424274354
toluene:28,toluene:0.015,toluene,0.015,including_summaries_sensitivity,leave_one_solvent_out,toluene,scaled_lld,0.16,0.016974746424274354
toluene:29,toluene:0.025,toluene,0.025,including_summaries_sensitivity,leave_one_solvent_out,toluene,scaled_lld,0.1799999999999999,0.028290950874538853
toluene:30,toluene:0.025,toluene,0.025,including_summaries_sensitivity,leave_one_solvent_out,toluene,scaled_lld,0.18,0.028290950874538853
toluene:31,toluene:0.025,toluene,0.025,including_summaries_sensitivity,leave_one_solvent_out,toluene,scaled_lld,0.17,0.028290950874538853
toluene:32,toluene:0.05,toluene,0.05,including_summaries_sensitivity,leave_one_solvent_out,toluene,scaled_lld,0.3,0.05658043597264775
toluene:33,toluene:0.05,toluene,0.05,including_summaries_sensitivity,leave_one_solvent_out,toluene,scaled_lld,0.25,0.05658043597264775
toluene:34,toluene:0.05,toluene,0.05,including_summaries_sensitivity,leave_one_solvent_out,toluene,scaled_lld,0.31,0.05658043597264775
toluene:35,toluene:0.1,toluene,0.1,including_summaries_sensitivity,leave_one_solvent_out,toluene,scaled_lld,0.15,0.11315500929521027
toluene:36,toluene:0.1,toluene,0.1,including_summaries_sensitivity,leave_one_solvent_out,toluene,scaled_lld,0.19,0.11315500929521027
toluene:37,toluene:0.1,toluene,0.1,including_summaries_sensitivity,leave_one_solvent_out,toluene,scaled_lld,0.18,0.11315500929521027
toluene:38,toluene:0.25,toluene,0.25,including_summaries_sensitivity,leave_one_solvent_out,toluene,scaled_lld,0.26,0.2828435624729537
toluene:39,toluene:0.25,toluene,0.25,including_summaries_sensitivity,leave_one_solvent_out,toluene,scaled_lld,0.31,0.2828435624729537
toluene:40,toluene:0.25,toluene,0.25,including_summaries_sensitivity,leave_one_solvent_out,toluene,scaled_lld,0.39,0.2828435624729537
toluene:41,toluene:10,toluene,10.0,including_summaries_sensitivity,leave_one_solvent_out,toluene,scaled_lld,0.0999999999999999,11.200605073928967
toluene:42,toluene:10,toluene,10.0,including_summaries_sensitivity,leave_one_solvent_out,toluene,scaled_lld,0.0999999999999999,11.200605073928967
toluene:43,toluene:10,toluene,10.0,including_summaries_sensitivity,leave_one_solvent_out,toluene,scaled_lld,0.14,11.200605073928967
toluene:45,toluene:40,toluene,40.0,including_summaries_sensitivity,leave_one_solvent_out,toluene,scaled_lld,0.15,43.465034615246736
toluene:46,toluene:40,toluene,40.0,including_summaries_sensitivity,leave_one_solvent_out,toluene,scaled_lld,0.12,43.465034615246736
toluene:47,toluene:50,toluene,50.0,including_summaries_sensitivity,leave_one_solvent_out,toluene,scaled_lld,0.2099999999999999,53.79600959153075
toluene:48,toluene:50,toluene,50.0,including_summaries_sensitivity,leave_one_solvent_out,toluene,scaled_lld,0.1899999999999999,53.79600959153075
toluene:49,toluene:50,toluene,50.0,including_summaries_sensitivity,leave_one_solvent_out,toluene,scaled_lld,0.1799999999999999,53.79600959153075
toluene:50,toluene:50,toluene,50.0,including_summaries_sensitivity,leave_one_solvent_out,toluene,scaled_lld,0.17,53.79600959153075
toluene:51,toluene:50,toluene,50.0,including_summaries_sensitivity,leave_one_solvent_out,toluene,scaled_lld,0.14,53.79600959153075
toluene:52,toluene:50,toluene,50.0,including_summaries_sensitivity,leave_one_solvent_out,toluene,scaled_lld,0.12,53.79600959153075
toluene:2,toluene:0.0025,toluene,0.0025,including_summaries_sensitivity,leave_one_solvent_out,toluene,saturating_mobile,0.13,0.0028210743846642317
toluene:3,toluene:0.005,toluene,0.005,including_summaries_sensitivity,leave_one_solvent_out,toluene,saturating_mobile,0.09,0.00564161134262267
toluene:4,toluene:0.01,toluene,0.01,including_summaries_sensitivity,leave_one_solvent_out,toluene,saturating_mobile,0.29,0.011281073592597644
toluene:5,toluene:0.015,toluene,0.015,including_summaries_sensitivity,leave_one_solvent_out,toluene,saturating_mobile,0.1599999999999999,0.016918387977691084
toluene:6,toluene:0.025,toluene,0.025,including_summaries_sensitivity,leave_one_solvent_out,toluene,saturating_mobile,0.17,0.028186578059623716
toluene:7,toluene:0.05,toluene,0.05,including_summaries_sensitivity,leave_one_solvent_out,toluene,saturating_mobile,0.24,0.05631955139288493
toluene:8,toluene:0.1,toluene,0.1,including_summaries_sensitivity,leave_one_solvent_out,toluene,saturating_mobile,0.38,0.11242529438628793
toluene:9,toluene:0.25,toluene,0.25,including_summaries_sensitivity,leave_one_solvent_out,toluene,saturating_mobile,0.31,0.27947177938343554
toluene:10,toluene:0.5,toluene,0.5,including_summaries_sensitivity,leave_one_solvent_out,toluene,saturating_mobile,0.47,0.553718054739183
toluene:11,toluene:0.9,toluene,0.9,including_summaries_sensitivity,leave_one_solvent_out,toluene,saturating_mobile,0.44,0.9820034646085036
toluene:12,toluene:1.5,toluene,1.5,including_summaries_sensitivity,leave_one_solvent_out,toluene,saturating_mobile,0.2599999999999999,1.6012736156590024
toluene:13,toluene:2,toluene,2.0,including_summaries_sensitivity,leave_one_solvent_out,toluene,saturating_mobile,0.29,2.0972314529187592
toluene:14,toluene:10,toluene,10.0,including_summaries_sensitivity,leave_one_solvent_out,toluene,saturating_mobile,0.41,8.171404525376026
toluene:15,toluene:40,toluene,40.0,including_summaries_sensitivity,leave_one_solvent_out,toluene,saturating_mobile,0.18,17.88260186780472
toluene:16,toluene:50,toluene,50.0,including_summaries_sensitivity,leave_one_solvent_out,toluene,saturating_mobile,0.1699999999999999,19.421337247405724
toluene:17,toluene:0.0025,toluene,0.0025,including_summaries_sensitivity,leave_one_solvent_out,toluene,saturating_mobile,0.13,0.0028210743846642317
toluene:18,toluene:0.0025,toluene,0.0025,including_summaries_sensitivity,leave_one_solvent_out,toluene,saturating_mobile,0.14,0.0028210743846642317
toluene:19,toluene:0.0025,toluene,0.0025,including_summaries_sensitivity,leave_one_solvent_out,toluene,saturating_mobile,0.14,0.0028210743846642317
toluene:20,toluene:0.005,toluene,0.005,including_summaries_sensitivity,leave_one_solvent_out,toluene,saturating_mobile,0.09,0.00564161134262267
toluene:21,toluene:0.005,toluene,0.005,including_summaries_sensitivity,leave_one_solvent_out,toluene,saturating_mobile,0.1,0.00564161134262267
toluene:22,toluene:0.005,toluene,0.005,including_summaries_sensitivity,leave_one_solvent_out,toluene,saturating_mobile,0.09,0.00564161134262267
toluene:23,toluene:0.01,toluene,0.01,including_summaries_sensitivity,leave_one_solvent_out,toluene,saturating_mobile,0.3,0.011281073592597644
toluene:24,toluene:0.01,toluene,0.01,including_summaries_sensitivity,leave_one_solvent_out,toluene,saturating_mobile,0.31,0.011281073592597644
toluene:25,toluene:0.01,toluene,0.01,including_summaries_sensitivity,leave_one_solvent_out,toluene,saturating_mobile,0.24,0.011281073592597644
toluene:26,toluene:0.015,toluene,0.015,including_summaries_sensitivity,leave_one_solvent_out,toluene,saturating_mobile,0.18,0.016918387977691084
toluene:27,toluene:0.015,toluene,0.015,including_summaries_sensitivity,leave_one_solvent_out,toluene,saturating_mobile,0.1499999999999999,0.016918387977691084
toluene:28,toluene:0.015,toluene,0.015,including_summaries_sensitivity,leave_one_solvent_out,toluene,saturating_mobile,0.16,0.016918387977691084
toluene:29,toluene:0.025,toluene,0.025,including_summaries_sensitivity,leave_one_solvent_out,toluene,saturating_mobile,0.1799999999999999,0.028186578059623716
toluene:30,toluene:0.025,toluene,0.025,including_summaries_sensitivity,leave_one_solvent_out,toluene,saturating_mobile,0.18,0.028186578059623716
toluene:31,toluene:0.025,toluene,0.025,including_summaries_sensitivity,leave_one_solvent_out,toluene,saturating_mobile,0.17,0.028186578059623716
toluene:32,toluene:0.05,toluene,0.05,including_summaries_sensitivity,leave_one_solvent_out,toluene,saturating_mobile,0.3,0.05631955139288493
toluene:33,toluene:0.05,toluene,0.05,including_summaries_sensitivity,leave_one_solvent_out,toluene,saturating_mobile,0.25,0.05631955139288493
toluene:34,toluene:0.05,toluene,0.05,including_summaries_sensitivity,leave_one_solvent_out,toluene,saturating_mobile,0.31,0.05631955139288493
toluene:35,toluene:0.1,toluene,0.1,including_summaries_sensitivity,leave_one_solvent_out,toluene,saturating_mobile,0.15,0.11242529438628793
toluene:36,toluene:0.1,toluene,0.1,including_summaries_sensitivity,leave_one_solvent_out,toluene,saturating_mobile,0.19,0.11242529438628793
toluene:37,toluene:0.1,toluene,0.1,including_summaries_sensitivity,leave_one_solvent_out,toluene,saturating_mobile,0.18,0.11242529438628793
toluene:38,toluene:0.25,toluene,0.25,including_summaries_sensitivity,leave_one_solvent_out,toluene,saturating_mobile,0.26,0.27947177938343554
toluene:39,toluene:0.25,toluene,0.25,including_summaries_sensitivity,leave_one_solvent_out,toluene,saturating_mobile,0.31,0.27947177938343554
toluene:40,toluene:0.25,toluene,0.25,including_summaries_sensitivity,leave_one_solvent_out,toluene,saturating_mobile,0.39,0.27947177938343554
toluene:41,toluene:10,toluene,10.0,including_summaries_sensitivity,leave_one_solvent_out,toluene,saturating_mobile,0.0999999999999999,8.171404525376026
toluene:42,toluene:10,toluene,10.0,including_summaries_sensitivity,leave_one_solvent_out,toluene,saturating_mobile,0.0999999999999999,8.171404525376026
toluene:43,toluene:10,toluene,10.0,including_summaries_sensitivity,leave_one_solvent_out,toluene,saturating_mobile,0.14,8.171404525376026
toluene:45,toluene:40,toluene,40.0,including_summaries_sensitivity,leave_one_solvent_out,toluene,saturating_mobile,0.15,17.88260186780472
toluene:46,toluene:40,toluene,40.0,including_summaries_sensitivity,leave_one_solvent_out,toluene,saturating_mobile,0.12,17.88260186780472
toluene:47,toluene:50,toluene,50.0,including_summaries_sensitivity,leave_one_solvent_out,toluene,saturating_mobile,0.2099999999999999,19.421337247405724
toluene:48,toluene:50,toluene,50.0,including_summaries_sensitivity,leave_one_solvent_out,toluene,saturating_mobile,0.1899999999999999,19.421337247405724
toluene:49,toluene:50,toluene,50.0,including_summaries_sensitivity,leave_one_solvent_out,toluene,saturating_mobile,0.1799999999999999,19.421337247405724
toluene:50,toluene:50,toluene,50.0,including_summaries_sensitivity,leave_one_solvent_out,toluene,saturating_mobile,0.17,19.421337247405724
toluene:51,toluene:50,toluene,50.0,including_summaries_sensitivity,leave_one_solvent_out,toluene,saturating_mobile,0.14,19.421337247405724
toluene:52,toluene:50,toluene,50.0,including_summaries_sensitivity,leave_one_solvent_out,toluene,saturating_mobile,0.12,19.421337247405724
ethyl_acetate:2,ethyl_acetate:0.1,ethyl_acetate,0.1,including_summaries_sensitivity,ood_low_concentration,low,fixed_lld,0.53,0.10863659294136205
ethyl_acetate:3,ethyl_acetate:0.1,ethyl_acetate,0.1,including_summaries_sensitivity,ood_low_concentration,low,fixed_lld,0.54,0.10863659294136205
ethyl_acetate:4,ethyl_acetate:0.1,ethyl_acetate,0.1,including_summaries_sensitivity,ood_low_concentration,low,fixed_lld,0.54,0.10863659294136205
ethyl_acetate:5,ethyl_acetate:0.15,ethyl_acetate,0.15,including_summaries_sensitivity,ood_low_concentration,low,fixed_lld,0.6699999999999999,0.16294644746574394
ethyl_acetate:6,ethyl_acetate:0.15,ethyl_acetate,0.15,including_summaries_sensitivity,ood_low_concentration,low,fixed_lld,0.6499999999999999,0.16294644746574394
ethyl_acetate:7,ethyl_acetate:0.15,ethyl_acetate,0.15,including_summaries_sensitivity,ood_low_concentration,low,fixed_lld,0.71,0.16294644746574394
ethyl_acetate:14,ethyl_acetate:0.1,ethyl_acetate,0.1,including_summaries_sensitivity,ood_low_concentration,low,fixed_lld,0.26,0.10863659294136205
ethyl_acetate:15,ethyl_acetate:0.1,ethyl_acetate,0.1,including_summaries_sensitivity,ood_low_concentration,low,fixed_lld,0.31,0.10863659294136205
ethyl_acetate:16,ethyl_acetate:0.1,ethyl_acetate,0.1,including_summaries_sensitivity,ood_low_concentration,low,fixed_lld,0.33,0.10863659294136205
ethyl_acetate:2,ethyl_acetate:0.1,ethyl_acetate,0.1,including_summaries_sensitivity,ood_low_concentration,low,local_mean,0.53,1.268809523809524
ethyl_acetate:3,ethyl_acetate:0.1,ethyl_acetate,0.1,including_summaries_sensitivity,ood_low_concentration,low,local_mean,0.54,1.268809523809524
ethyl_acetate:4,ethyl_acetate:0.1,ethyl_acetate,0.1,including_summaries_sensitivity,ood_low_concentration,low,local_mean,0.54,1.268809523809524
ethyl_acetate:5,ethyl_acetate:0.15,ethyl_acetate,0.15,including_summaries_sensitivity,ood_low_concentration,low,local_mean,0.6699999999999999,1.268809523809524
ethyl_acetate:6,ethyl_acetate:0.15,ethyl_acetate,0.15,including_summaries_sensitivity,ood_low_concentration,low,local_mean,0.6499999999999999,1.268809523809524
ethyl_acetate:7,ethyl_acetate:0.15,ethyl_acetate,0.15,including_summaries_sensitivity,ood_low_concentration,low,local_mean,0.71,1.268809523809524
ethyl_acetate:14,ethyl_acetate:0.1,ethyl_acetate,0.1,including_summaries_sensitivity,ood_low_concentration,low,local_mean,0.26,1.268809523809524
ethyl_acetate:15,ethyl_acetate:0.1,ethyl_acetate,0.1,including_summaries_sensitivity,ood_low_concentration,low,local_mean,0.31,1.268809523809524
ethyl_acetate:16,ethyl_acetate:0.1,ethyl_acetate,0.1,including_summaries_sensitivity,ood_low_concentration,low,local_mean,0.33,1.268809523809524
ethyl_acetate:2,ethyl_acetate:0.1,ethyl_acetate,0.1,including_summaries_sensitivity,ood_low_concentration,low,scaled_lld,0.53,0.029941902758322106
ethyl_acetate:3,ethyl_acetate:0.1,ethyl_acetate,0.1,including_summaries_sensitivity,ood_low_concentration,low,scaled_lld,0.54,0.029941902758322106
ethyl_acetate:4,ethyl_acetate:0.1,ethyl_acetate,0.1,including_summaries_sensitivity,ood_low_concentration,low,scaled_lld,0.54,0.029941902758322106
ethyl_acetate:5,ethyl_acetate:0.15,ethyl_acetate,0.15,including_summaries_sensitivity,ood_low_concentration,low,scaled_lld,0.6699999999999999,0.04491052740826296
ethyl_acetate:6,ethyl_acetate:0.15,ethyl_acetate,0.15,including_summaries_sensitivity,ood_low_concentration,low,scaled_lld,0.6499999999999999,0.04491052740826296
ethyl_acetate:7,ethyl_acetate:0.15,ethyl_acetate,0.15,including_summaries_sensitivity,ood_low_concentration,low,scaled_lld,0.71,0.04491052740826296
ethyl_acetate:14,ethyl_acetate:0.1,ethyl_acetate,0.1,including_summaries_sensitivity,ood_low_concentration,low,scaled_lld,0.26,0.029941902758322106
ethyl_acetate:15,ethyl_acetate:0.1,ethyl_acetate,0.1,including_summaries_sensitivity,ood_low_concentration,low,scaled_lld,0.31,0.029941902758322106
ethyl_acetate:16,ethyl_acetate:0.1,ethyl_acetate,0.1,including_summaries_sensitivity,ood_low_concentration,low,scaled_lld,0.33,0.029941902758322106
ethyl_acetate:2,ethyl_acetate:0.1,ethyl_acetate,0.1,including_summaries_sensitivity,ood_low_concentration,low,saturating_mobile,0.53,0.07842108077160503
ethyl_acetate:3,ethyl_acetate:0.1,ethyl_acetate,0.1,including_summaries_sensitivity,ood_low_concentration,low,saturating_mobile,0.54,0.07842108077160503
ethyl_acetate:4,ethyl_acetate:0.1,ethyl_acetate,0.1,including_summaries_sensitivity,ood_low_concentration,low,saturating_mobile,0.54,0.07842108077160503
ethyl_acetate:5,ethyl_acetate:0.15,ethyl_acetate,0.15,including_summaries_sensitivity,ood_low_concentration,low,saturating_mobile,0.6699999999999999,0.11629684958409992
ethyl_acetate:6,ethyl_acetate:0.15,ethyl_acetate,0.15,including_summaries_sensitivity,ood_low_concentration,low,saturating_mobile,0.6499999999999999,0.11629684958409992
ethyl_acetate:7,ethyl_acetate:0.15,ethyl_acetate,0.15,including_summaries_sensitivity,ood_low_concentration,low,saturating_mobile,0.71,0.11629684958409992
ethyl_acetate:14,ethyl_acetate:0.1,ethyl_acetate,0.1,including_summaries_sensitivity,ood_low_concentration,low,saturating_mobile,0.26,0.07842108077160503
ethyl_acetate:15,ethyl_acetate:0.1,ethyl_acetate,0.1,including_summaries_sensitivity,ood_low_concentration,low,saturating_mobile,0.31,0.07842108077160503
ethyl_acetate:16,ethyl_acetate:0.1,ethyl_acetate,0.1,including_summaries_sensitivity,ood_low_concentration,low,saturating_mobile,0.33,0.07842108077160503
hexane:2,hexane:0.02,hexane,0.02,including_summaries_sensitivity,ood_low_concentration,low,fixed_lld,0.0399999999999999,0.024800411759561228
hexane:3,hexane:0.02,hexane,0.02,including_summaries_sensitivity,ood_low_concentration,low,fixed_lld,0.0599999999999999,0.024800411759561228
hexane:4,hexane:0.02,hexane,0.02,including_summaries_sensitivity,ood_low_concentration,low,fixed_lld,0.0499999999999999,0.024800411759561228
hexane:5,hexane:0.02,hexane,0.02,including_summaries_sensitivity,ood_low_concentration,low,fixed_lld,0.0899999999999999,0.024800411759561228
hexane:6,hexane:0.02,hexane,0.02,including_summaries_sensitivity,ood_low_concentration,low,fixed_lld,0.1099999999999999,0.024800411759561228
hexane:7,hexane:0.02,hexane,0.02,including_summaries_sensitivity,ood_low_concentration,low,fixed_lld,0.09,0.024800411759561228
hexane:8,hexane:0.05,hexane,0.05,including_summaries_sensitivity,ood_low_concentration,low,fixed_lld,0.14,0.06199910200562607
hexane:9,hexane:0.05,hexane,0.05,including_summaries_sensitivity,ood_low_concentration,low,fixed_lld,0.18,0.06199910200562607
hexane:10,hexane:0.05,hexane,0.05,including_summaries_sensitivity,ood_low_concentration,low,fixed_lld,0.14,0.06199910200562607
hexane:11,hexane:0.05,hexane,0.05,including_summaries_sensitivity,ood_low_concentration,low,fixed_lld,0.15,0.06199910200562607
hexane:12,hexane:0.05,hexane,0.05,including_summaries_sensitivity,ood_low_concentration,low,fixed_lld,0.1499999999999999,0.06199910200562607
hexane:13,hexane:0.05,hexane,0.05,including_summaries_sensitivity,ood_low_concentration,low,fixed_lld,0.1699999999999999,0.06199910200562607
hexane:14,hexane:0.07,hexane,0.07,including_summaries_sensitivity,ood_low_concentration,low,fixed_lld,0.13,0.08679694400068515
hexane:15,hexane:0.07,hexane,0.07,including_summaries_sensitivity,ood_low_concentration,low,fixed_lld,0.1499999999999999,0.08679694400068515
hexane:16,hexane:0.07,hexane,0.07,including_summaries_sensitivity,ood_low_concentration,low,fixed_lld,0.1399999999999999,0.08679694400068515
hexane:17,hexane:0.07,hexane,0.07,including_summaries_sensitivity,ood_low_concentration,low,fixed_lld,0.23,0.08679694400068515
hexane:18,hexane:0.07,hexane,0.07,including_summaries_sensitivity,ood_low_concentration,low,fixed_lld,0.21,0.08679694400068515
hexane:19,hexane:0.07,hexane,0.07,including_summaries_sensitivity,ood_low_concentration,low,fixed_lld,0.2199999999999999,0.08679694400068515
hexane:20,hexane:0.09,hexane,0.09,including_summaries_sensitivity,ood_low_concentration,low,fixed_lld,0.3399999999999999,0.11159375820177701
hexane:21,hexane:0.09,hexane,0.09,including_summaries_sensitivity,ood_low_concentration,low,fixed_lld,0.3199999999999999,0.11159375820177701
hexane:22,hexane:0.09,hexane,0.09,including_summaries_sensitivity,ood_low_concentration,low,fixed_lld,0.3299999999999999,0.11159375820177701
hexane:2,hexane:0.02,hexane,0.02,including_summaries_sensitivity,ood_low_concentration,low,local_mean,0.0399999999999999,3.6159722222222217
hexane:3,hexane:0.02,hexane,0.02,including_summaries_sensitivity,ood_low_concentration,low,local_mean,0.0599999999999999,3.6159722222222217
hexane:4,hexane:0.02,hexane,0.02,including_summaries_sensitivity,ood_low_concentration,low,local_mean,0.0499999999999999,3.6159722222222217
hexane:5,hexane:0.02,hexane,0.02,including_summaries_sensitivity,ood_low_concentration,low,local_mean,0.0899999999999999,3.6159722222222217
hexane:6,hexane:0.02,hexane,0.02,including_summaries_sensitivity,ood_low_concentration,low,local_mean,0.1099999999999999,3.6159722222222217
hexane:7,hexane:0.02,hexane,0.02,including_summaries_sensitivity,ood_low_concentration,low,local_mean,0.09,3.6159722222222217
hexane:8,hexane:0.05,hexane,0.05,including_summaries_sensitivity,ood_low_concentration,low,local_mean,0.14,3.6159722222222217
hexane:9,hexane:0.05,hexane,0.05,including_summaries_sensitivity,ood_low_concentration,low,local_mean,0.18,3.6159722222222217
hexane:10,hexane:0.05,hexane,0.05,including_summaries_sensitivity,ood_low_concentration,low,local_mean,0.14,3.6159722222222217
hexane:11,hexane:0.05,hexane,0.05,including_summaries_sensitivity,ood_low_concentration,low,local_mean,0.15,3.6159722222222217
hexane:12,hexane:0.05,hexane,0.05,including_summaries_sensitivity,ood_low_concentration,low,local_mean,0.1499999999999999,3.6159722222222217
hexane:13,hexane:0.05,hexane,0.05,including_summaries_sensitivity,ood_low_concentration,low,local_mean,0.1699999999999999,3.6159722222222217
hexane:14,hexane:0.07,hexane,0.07,including_summaries_sensitivity,ood_low_concentration,low,local_mean,0.13,3.6159722222222217
hexane:15,hexane:0.07,hexane,0.07,including_summaries_sensitivity,ood_low_concentration,low,local_mean,0.1499999999999999,3.6159722222222217
hexane:16,hexane:0.07,hexane,0.07,including_summaries_sensitivity,ood_low_concentration,low,local_mean,0.1399999999999999,3.6159722222222217
hexane:17,hexane:0.07,hexane,0.07,including_summaries_sensitivity,ood_low_concentration,low,local_mean,0.23,3.6159722222222217
hexane:18,hexane:0.07,hexane,0.07,including_summaries_sensitivity,ood_low_concentration,low,local_mean,0.21,3.6159722222222217
hexane:19,hexane:0.07,hexane,0.07,including_summaries_sensitivity,ood_low_concentration,low,local_mean,0.2199999999999999,3.6159722222222217
hexane:20,hexane:0.09,hexane,0.09,including_summaries_sensitivity,ood_low_concentration,low,local_mean,0.3399999999999999,3.6159722222222217
hexane:21,hexane:0.09,hexane,0.09,including_summaries_sensitivity,ood_low_concentration,low,local_mean,0.3199999999999999,3.6159722222222217
hexane:22,hexane:0.09,hexane,0.09,including_summaries_sensitivity,ood_low_concentration,low,local_mean,0.3299999999999999,3.6159722222222217
hexane:2,hexane:0.02,hexane,0.02,including_summaries_sensitivity,ood_low_concentration,low,scaled_lld,0.0399999999999999,0.025735459530755886
hexane:3,hexane:0.02,hexane,0.02,including_summaries_sensitivity,ood_low_concentration,low,scaled_lld,0.0599999999999999,0.025735459530755886
hexane:4,hexane:0.02,hexane,0.02,including_summaries_sensitivity,ood_low_concentration,low,scaled_lld,0.0499999999999999,0.025735459530755886
hexane:5,hexane:0.02,hexane,0.02,including_summaries_sensitivity,ood_low_concentration,low,scaled_lld,0.0899999999999999,0.025735459530755886
hexane:6,hexane:0.02,hexane,0.02,including_summaries_sensitivity,ood_low_concentration,low,scaled_lld,0.1099999999999999,0.025735459530755886
hexane:7,hexane:0.02,hexane,0.02,including_summaries_sensitivity,ood_low_concentration,low,scaled_lld,0.09,0.025735459530755886
hexane:8,hexane:0.05,hexane,0.05,including_summaries_sensitivity,ood_low_concentration,low,scaled_lld,0.14,0.06433664876527134
hexane:9,hexane:0.05,hexane,0.05,including_summaries_sensitivity,ood_low_concentration,low,scaled_lld,0.18,0.06433664876527134
hexane:10,hexane:0.05,hexane,0.05,including_summaries_sensitivity,ood_low_concentration,low,scaled_lld,0.14,0.06433664876527134
hexane:11,hexane:0.05,hexane,0.05,including_summaries_sensitivity,ood_low_concentration,low,scaled_lld,0.15,0.06433664876527134
hexane:12,hexane:0.05,hexane,0.05,including_summaries_sensitivity,ood_low_concentration,low,scaled_lld,0.1499999999999999,0.06433664876527134
hexane:13,hexane:0.05,hexane,0.05,including_summaries_sensitivity,ood_low_concentration,low,scaled_lld,0.1699999999999999,0.06433664876527134
hexane:14,hexane:0.07,hexane,0.07,including_summaries_sensitivity,ood_low_concentration,low,scaled_lld,0.13,0.09006944164391718
hexane:15,hexane:0.07,hexane,0.07,including_summaries_sensitivity,ood_low_concentration,low,scaled_lld,0.1499999999999999,0.09006944164391718
hexane:16,hexane:0.07,hexane,0.07,including_summaries_sensitivity,ood_low_concentration,low,scaled_lld,0.1399999999999999,0.09006944164391718
hexane:17,hexane:0.07,hexane,0.07,including_summaries_sensitivity,ood_low_concentration,low,scaled_lld,0.23,0.09006944164391718
hexane:18,hexane:0.07,hexane,0.07,including_summaries_sensitivity,ood_low_concentration,low,scaled_lld,0.21,0.09006944164391718
hexane:19,hexane:0.07,hexane,0.07,including_summaries_sensitivity,ood_low_concentration,low,scaled_lld,0.2199999999999999,0.09006944164391718
hexane:20,hexane:0.09,hexane,0.09,including_summaries_sensitivity,ood_low_concentration,low,scaled_lld,0.3399999999999999,0.1158011679777691
hexane:21,hexane:0.09,hexane,0.09,including_summaries_sensitivity,ood_low_concentration,low,scaled_lld,0.3199999999999999,0.1158011679777691
hexane:22,hexane:0.09,hexane,0.09,including_summaries_sensitivity,ood_low_concentration,low,scaled_lld,0.3299999999999999,0.1158011679777691
hexane:2,hexane:0.02,hexane,0.02,including_summaries_sensitivity,ood_low_concentration,low,saturating_mobile,0.0399999999999999,0.02592640515201502
hexane:3,hexane:0.02,hexane,0.02,including_summaries_sensitivity,ood_low_concentration,low,saturating_mobile,0.0599999999999999,0.02592640515201502
hexane:4,hexane:0.02,hexane,0.02,including_summaries_sensitivity,ood_low_concentration,low,saturating_mobile,0.0499999999999999,0.02592640515201502
hexane:5,hexane:0.02,hexane,0.02,including_summaries_sensitivity,ood_low_concentration,low,saturating_mobile,0.0899999999999999,0.02592640515201502
hexane:6,hexane:0.02,hexane,0.02,including_summaries_sensitivity,ood_low_concentration,low,saturating_mobile,0.1099999999999999,0.02592640515201502
hexane:7,hexane:0.02,hexane,0.02,including_summaries_sensitivity,ood_low_concentration,low,saturating_mobile,0.09,0.02592640515201502
hexane:8,hexane:0.05,hexane,0.05,including_summaries_sensitivity,ood_low_concentration,low,saturating_mobile,0.14,0.06481210691919591
hexane:9,hexane:0.05,hexane,0.05,including_summaries_sensitivity,ood_low_concentration,low,saturating_mobile,0.18,0.06481210691919591
hexane:10,hexane:0.05,hexane,0.05,including_summaries_sensitivity,ood_low_concentration,low,saturating_mobile,0.14,0.06481210691919591
hexane:11,hexane:0.05,hexane,0.05,including_summaries_sensitivity,ood_low_concentration,low,saturating_mobile,0.15,0.06481210691919591
hexane:12,hexane:0.05,hexane,0.05,including_summaries_sensitivity,ood_low_concentration,low,saturating_mobile,0.1499999999999999,0.06481210691919591
hexane:13,hexane:0.05,hexane,0.05,including_summaries_sensitivity,ood_low_concentration,low,saturating_mobile,0.1699999999999999,0.06481210691919591
hexane:14,hexane:0.07,hexane,0.07,including_summaries_sensitivity,ood_low_concentration,low,saturating_mobile,0.13,0.0907333044895573
hexane:15,hexane:0.07,hexane,0.07,including_summaries_sensitivity,ood_low_concentration,low,saturating_mobile,0.1499999999999999,0.0907333044895573
hexane:16,hexane:0.07,hexane,0.07,including_summaries_sensitivity,ood_low_concentration,low,saturating_mobile,0.1399999999999999,0.0907333044895573
hexane:17,hexane:0.07,hexane,0.07,including_summaries_sensitivity,ood_low_concentration,low,saturating_mobile,0.23,0.0907333044895573
hexane:18,hexane:0.07,hexane,0.07,including_summaries_sensitivity,ood_low_concentration,low,saturating_mobile,0.21,0.0907333044895573
hexane:19,hexane:0.07,hexane,0.07,including_summaries_sensitivity,ood_low_concentration,low,saturating_mobile,0.2199999999999999,0.0907333044895573
hexane:20,hexane:0.09,hexane,0.09,including_summaries_sensitivity,ood_low_concentration,low,saturating_mobile,0.3399999999999999,0.11665241946656656
hexane:21,hexane:0.09,hexane,0.09,including_summaries_sensitivity,ood_low_concentration,low,saturating_mobile,0.3199999999999999,0.11665241946656656
hexane:22,hexane:0.09,hexane,0.09,including_summaries_sensitivity,ood_low_concentration,low,saturating_mobile,0.3299999999999999,0.11665241946656656
toluene:2,toluene:0.0025,toluene,0.0025,including_summaries_sensitivity,ood_low_concentration,low,fixed_lld,0.13,0.003674197715243912
toluene:3,toluene:0.005,toluene,0.005,including_summaries_sensitivity,ood_low_concentration,low,fixed_lld,0.09,0.007348376393292602
toluene:4,toluene:0.01,toluene,0.01,including_summaries_sensitivity,ood_low_concentration,low,fixed_lld,0.29,0.014696676638396135
toluene:17,toluene:0.0025,toluene,0.0025,including_summaries_sensitivity,ood_low_concentration,low,fixed_lld,0.13,0.003674197715243912
toluene:18,toluene:0.0025,toluene,0.0025,including_summaries_sensitivity,ood_low_concentration,low,fixed_lld,0.14,0.003674197715243912
toluene:19,toluene:0.0025,toluene,0.0025,including_summaries_sensitivity,ood_low_concentration,low,fixed_lld,0.14,0.003674197715243912
toluene:20,toluene:0.005,toluene,0.005,including_summaries_sensitivity,ood_low_concentration,low,fixed_lld,0.09,0.007348376393292602
toluene:21,toluene:0.005,toluene,0.005,including_summaries_sensitivity,ood_low_concentration,low,fixed_lld,0.1,0.007348376393292602
toluene:22,toluene:0.005,toluene,0.005,including_summaries_sensitivity,ood_low_concentration,low,fixed_lld,0.09,0.007348376393292602
toluene:23,toluene:0.01,toluene,0.01,including_summaries_sensitivity,ood_low_concentration,low,fixed_lld,0.3,0.014696676638396135
toluene:24,toluene:0.01,toluene,0.01,including_summaries_sensitivity,ood_low_concentration,low,fixed_lld,0.31,0.014696676638396135
toluene:25,toluene:0.01,toluene,0.01,including_summaries_sensitivity,ood_low_concentration,low,fixed_lld,0.24,0.014696676638396135
toluene:2,toluene:0.0025,toluene,0.0025,including_summaries_sensitivity,ood_low_concentration,low,local_mean,0.13,0.2600892857142857
toluene:3,toluene:0.005,toluene,0.005,including_summaries_sensitivity,ood_low_concentration,low,local_mean,0.09,0.2600892857142857
toluene:4,toluene:0.01,toluene,0.01,including_summaries_sensitivity,ood_low_concentration,low,local_mean,0.29,0.2600892857142857
toluene:17,toluene:0.0025,toluene,0.0025,including_summaries_sensitivity,ood_low_concentration,low,local_mean,0.13,0.2600892857142857
toluene:18,toluene:0.0025,toluene,0.0025,including_summaries_sensitivity,ood_low_concentration,low,local_mean,0.14,0.2600892857142857
toluene:19,toluene:0.0025,toluene,0.0025,including_summaries_sensitivity,ood_low_concentration,low,local_mean,0.14,0.2600892857142857
toluene:20,toluene:0.005,toluene,0.005,including_summaries_sensitivity,ood_low_concentration,low,local_mean,0.09,0.2600892857142857
toluene:21,toluene:0.005,toluene,0.005,including_summaries_sensitivity,ood_low_concentration,low,local_mean,0.1,0.2600892857142857
toluene:22,toluene:0.005,toluene,0.005,including_summaries_sensitivity,ood_low_concentration,low,local_mean,0.09,0.2600892857142857
toluene:23,toluene:0.01,toluene,0.01,including_summaries_sensitivity,ood_low_concentration,low,local_mean,0.3,0.2600892857142857
toluene:24,toluene:0.01,toluene,0.01,including_summaries_sensitivity,ood_low_concentration,low,local_mean,0.31,0.2600892857142857
toluene:25,toluene:0.01,toluene,0.01,including_summaries_sensitivity,ood_low_concentration,low,local_mean,0.24,0.2600892857142857
toluene:2,toluene:0.0025,toluene,0.0025,including_summaries_sensitivity,ood_low_concentration,low,scaled_lld,0.13,1.1295746713819086e-05
toluene:3,toluene:0.005,toluene,0.005,including_summaries_sensitivity,ood_low_concentration,low,scaled_lld,0.09,2.2591434900756376e-05
toluene:4,toluene:0.01,toluene,0.01,including_summaries_sensitivity,ood_low_concentration,low,scaled_lld,0.29,4.518263569580503e-05
toluene:17,toluene:0.0025,toluene,0.0025,including_summaries_sensitivity,ood_low_concentration,low,scaled_lld,0.13,1.1295746713819086e-05
toluene:18,toluene:0.0025,toluene,0.0025,including_summaries_sensitivity,ood_low_concentration,low,scaled_lld,0.14,1.1295746713819086e-05
toluene:19,toluene:0.0025,toluene,0.0025,including_summaries_sensitivity,ood_low_concentration,low,scaled_lld,0.14,1.1295746713819086e-05
toluene:20,toluene:0.005,toluene,0.005,including_summaries_sensitivity,ood_low_concentration,low,scaled_lld,0.09,2.2591434900756376e-05
toluene:21,toluene:0.005,toluene,0.005,including_summaries_sensitivity,ood_low_concentration,low,scaled_lld,0.1,2.2591434900756376e-05
toluene:22,toluene:0.005,toluene,0.005,including_summaries_sensitivity,ood_low_concentration,low,scaled_lld,0.09,2.2591434900756376e-05
toluene:23,toluene:0.01,toluene,0.01,including_summaries_sensitivity,ood_low_concentration,low,scaled_lld,0.3,4.518263569580503e-05
toluene:24,toluene:0.01,toluene,0.01,including_summaries_sensitivity,ood_low_concentration,low,scaled_lld,0.31,4.518263569580503e-05
toluene:25,toluene:0.01,toluene,0.01,including_summaries_sensitivity,ood_low_concentration,low,scaled_lld,0.24,4.518263569580503e-05
toluene:2,toluene:0.0025,toluene,0.0025,including_summaries_sensitivity,ood_low_concentration,low,saturating_mobile,0.13,0.0589745000745651
toluene:3,toluene:0.005,toluene,0.005,including_summaries_sensitivity,ood_low_concentration,low,saturating_mobile,0.09,0.0976533899010739
toluene:4,toluene:0.01,toluene,0.01,including_summaries_sensitivity,ood_low_concentration,low,saturating_mobile,0.29,0.14530217825012787
toluene:17,toluene:0.0025,toluene,0.0025,including_summaries_sensitivity,ood_low_concentration,low,saturating_mobile,0.13,0.0589745000745651
toluene:18,toluene:0.0025,toluene,0.0025,including_summaries_sensitivity,ood_low_concentration,low,saturating_mobile,0.14,0.0589745000745651
toluene:19,toluene:0.0025,toluene,0.0025,including_summaries_sensitivity,ood_low_concentration,low,saturating_mobile,0.14,0.0589745000745651
toluene:20,toluene:0.005,toluene,0.005,including_summaries_sensitivity,ood_low_concentration,low,saturating_mobile,0.09,0.0976533899010739
toluene:21,toluene:0.005,toluene,0.005,including_summaries_sensitivity,ood_low_concentration,low,saturating_mobile,0.1,0.0976533899010739
toluene:22,toluene:0.005,toluene,0.005,including_summaries_sensitivity,ood_low_concentration,low,saturating_mobile,0.09,0.0976533899010739
toluene:23,toluene:0.01,toluene,0.01,including_summaries_sensitivity,ood_low_concentration,low,saturating_mobile,0.3,0.14530217825012787
toluene:24,toluene:0.01,toluene,0.01,including_summaries_sensitivity,ood_low_concentration,low,saturating_mobile,0.31,0.14530217825012787
toluene:25,toluene:0.01,toluene,0.01,including_summaries_sensitivity,ood_low_concentration,low,saturating_mobile,0.24,0.14530217825012787
ethyl_acetate:29,ethyl_acetate:5,ethyl_acetate,5.0,including_summaries_sensitivity,ood_high_concentration,high,fixed_lld,1.5699999999999998,5.404390507613842
ethyl_acetate:30,ethyl_acetate:5,ethyl_acetate,5.0,including_summaries_sensitivity,ood_high_concentration,high,fixed_lld,1.26,5.404390507613842
ethyl_acetate:31,ethyl_acetate:5,ethyl_acetate,5.0,including_summaries_sensitivity,ood_high_concentration,high,fixed_lld,1.34,5.404390507613842
ethyl_acetate:32,ethyl_acetate:10,ethyl_acetate,10.0,including_summaries_sensitivity,ood_high_concentration,high,fixed_lld,2.43,10.753351368995746
ethyl_acetate:33,ethyl_acetate:10,ethyl_acetate,10.0,including_summaries_sensitivity,ood_high_concentration,high,fixed_lld,2.5700000000000003,10.753351368995746
ethyl_acetate:34,ethyl_acetate:10,ethyl_acetate,10.0,including_summaries_sensitivity,ood_high_concentration,high,fixed_lld,3.18,10.753351368995746
ethyl_acetate:29,ethyl_acetate:5,ethyl_acetate,5.0,including_summaries_sensitivity,ood_high_concentration,high,local_mean,1.5699999999999998,0.8371428571428572
ethyl_acetate:30,ethyl_acetate:5,ethyl_acetate,5.0,including_summaries_sensitivity,ood_high_concentration,high,local_mean,1.26,0.8371428571428572
ethyl_acetate:31,ethyl_acetate:5,ethyl_acetate,5.0,including_summaries_sensitivity,ood_high_concentration,high,local_mean,1.34,0.8371428571428572
ethyl_acetate:32,ethyl_acetate:10,ethyl_acetate,10.0,including_summaries_sensitivity,ood_high_concentration,high,local_mean,2.43,0.8371428571428572
ethyl_acetate:33,ethyl_acetate:10,ethyl_acetate,10.0,including_summaries_sensitivity,ood_high_concentration,high,local_mean,2.5700000000000003,0.8371428571428572
ethyl_acetate:34,ethyl_acetate:10,ethyl_acetate,10.0,including_summaries_sensitivity,ood_high_concentration,high,local_mean,3.18,0.8371428571428572
ethyl_acetate:29,ethyl_acetate:5,ethyl_acetate,5.0,including_summaries_sensitivity,ood_high_concentration,high,scaled_lld,1.5699999999999998,2.5267258913187156
ethyl_acetate:30,ethyl_acetate:5,ethyl_acetate,5.0,including_summaries_sensitivity,ood_high_concentration,high,scaled_lld,1.26,2.5267258913187156
ethyl_acetate:31,ethyl_acetate:5,ethyl_acetate,5.0,including_summaries_sensitivity,ood_high_concentration,high,scaled_lld,1.34,2.5267258913187156
ethyl_acetate:32,ethyl_acetate:10,ethyl_acetate,10.0,including_summaries_sensitivity,ood_high_concentration,high,scaled_lld,2.43,5.0275366452905725
ethyl_acetate:33,ethyl_acetate:10,ethyl_acetate,10.0,including_summaries_sensitivity,ood_high_concentration,high,scaled_lld,2.5700000000000003,5.0275366452905725
ethyl_acetate:34,ethyl_acetate:10,ethyl_acetate,10.0,including_summaries_sensitivity,ood_high_concentration,high,scaled_lld,3.18,5.0275366452905725
ethyl_acetate:29,ethyl_acetate:5,ethyl_acetate,5.0,including_summaries_sensitivity,ood_high_concentration,high,saturating_mobile,1.5699999999999998,1.0981165741898031
ethyl_acetate:30,ethyl_acetate:5,ethyl_acetate,5.0,including_summaries_sensitivity,ood_high_concentration,high,saturating_mobile,1.26,1.0981165741898031
ethyl_acetate:31,ethyl_acetate:5,ethyl_acetate,5.0,including_summaries_sensitivity,ood_high_concentration,high,saturating_mobile,1.34,1.0981165741898031
ethyl_acetate:32,ethyl_acetate:10,ethyl_acetate,10.0,including_summaries_sensitivity,ood_high_concentration,high,saturating_mobile,2.43,1.1121253440920083
ethyl_acetate:33,ethyl_acetate:10,ethyl_acetate,10.0,including_summaries_sensitivity,ood_high_concentration,high,saturating_mobile,2.5700000000000003,1.1121253440920083
ethyl_acetate:34,ethyl_acetate:10,ethyl_acetate,10.0,including_summaries_sensitivity,ood_high_concentration,high,saturating_mobile,3.18,1.1121253440920083
hexane:50,hexane:3,hexane,3.0,including_summaries_sensitivity,ood_high_concentration,high,fixed_lld,3.73,3.7086095076774446
hexane:51,hexane:3,hexane,3.0,including_summaries_sensitivity,ood_high_concentration,high,fixed_lld,3.65,3.7086095076774446
hexane:52,hexane:3,hexane,3.0,including_summaries_sensitivity,ood_high_concentration,high,fixed_lld,3.64,3.7086095076774446
hexane:53,hexane:5,hexane,5.0,including_summaries_sensitivity,ood_high_concentration,high,fixed_lld,5.890000000000001,6.168271483559736
hexane:54,hexane:5,hexane,5.0,including_summaries_sensitivity,ood_high_concentration,high,fixed_lld,5.9,6.168271483559736
hexane:55,hexane:5,hexane,5.0,including_summaries_sensitivity,ood_high_concentration,high,fixed_lld,6.0,6.168271483559736
hexane:56,hexane:7,hexane,7.0,including_summaries_sensitivity,ood_high_concentration,high,fixed_lld,9.3,8.617811393697655
hexane:57,hexane:7,hexane,7.0,including_summaries_sensitivity,ood_high_concentration,high,fixed_lld,9.33,8.617811393697655
hexane:58,hexane:7,hexane,7.0,including_summaries_sensitivity,ood_high_concentration,high,fixed_lld,9.24,8.617811393697655
hexane:59,hexane:10,hexane,10.0,including_summaries_sensitivity,ood_high_concentration,high,fixed_lld,12.67,12.273278644211166
hexane:50,hexane:3,hexane,3.0,including_summaries_sensitivity,ood_high_concentration,high,local_mean,3.73,1.0472222222222223
hexane:51,hexane:3,hexane,3.0,including_summaries_sensitivity,ood_high_concentration,high,local_mean,3.65,1.0472222222222223
hexane:52,hexane:3,hexane,3.0,including_summaries_sensitivity,ood_high_concentration,high,local_mean,3.64,1.0472222222222223
hexane:53,hexane:5,hexane,5.0,including_summaries_sensitivity,ood_high_concentration,high,local_mean,5.890000000000001,1.0472222222222223
hexane:54,hexane:5,hexane,5.0,including_summaries_sensitivity,ood_high_concentration,high,local_mean,5.9,1.0472222222222223
hexane:55,hexane:5,hexane,5.0,including_summaries_sensitivity,ood_high_concentration,high,local_mean,6.0,1.0472222222222223
hexane:56,hexane:7,hexane,7.0,including_summaries_sensitivity,ood_high_concentration,high,local_mean,9.3,1.0472222222222223
hexane:57,hexane:7,hexane,7.0,including_summaries_sensitivity,ood_high_concentration,high,local_mean,9.33,1.0472222222222223
hexane:58,hexane:7,hexane,7.0,including_summaries_sensitivity,ood_high_concentration,high,local_mean,9.24,1.0472222222222223
hexane:59,hexane:10,hexane,10.0,including_summaries_sensitivity,ood_high_concentration,high,local_mean,12.67,1.0472222222222223
hexane:50,hexane:3,hexane,3.0,including_summaries_sensitivity,ood_high_concentration,high,scaled_lld,3.73,4.094742612230623
hexane:51,hexane:3,hexane,3.0,including_summaries_sensitivity,ood_high_concentration,high,scaled_lld,3.65,4.094742612230623
hexane:52,hexane:3,hexane,3.0,including_summaries_sensitivity,ood_high_concentration,high,scaled_lld,3.64,4.094742612230623
hexane:53,hexane:5,hexane,5.0,including_summaries_sensitivity,ood_high_concentration,high,scaled_lld,5.890000000000001,6.810499739929971
hexane:54,hexane:5,hexane,5.0,including_summaries_sensitivity,ood_high_concentration,high,scaled_lld,5.9,6.810499739929971
hexane:55,hexane:5,hexane,5.0,including_summaries_sensitivity,ood_high_concentration,high,scaled_lld,6.0,6.810499739929971
hexane:56,hexane:7,hexane,7.0,including_summaries_sensitivity,ood_high_concentration,high,scaled_lld,9.3,9.515080912371296
hexane:57,hexane:7,hexane,7.0,including_summaries_sensitivity,ood_high_concentration,high,scaled_lld,9.33,9.515080912371296
hexane:58,hexane:7,hexane,7.0,including_summaries_sensitivity,ood_high_concentration,high,scaled_lld,9.24,9.515080912371296
hexane:59,hexane:10,hexane,10.0,including_summaries_sensitivity,ood_high_concentration,high,scaled_lld,12.67,13.551148200476042
hexane:50,hexane:3,hexane,3.0,including_summaries_sensitivity,ood_high_concentration,high,saturating_mobile,3.73,3.505007483840574
hexane:51,hexane:3,hexane,3.0,including_summaries_sensitivity,ood_high_concentration,high,saturating_mobile,3.65,3.505007483840574
hexane:52,hexane:3,hexane,3.0,including_summaries_sensitivity,ood_high_concentration,high,saturating_mobile,3.64,3.505007483840574
hexane:53,hexane:5,hexane,5.0,including_summaries_sensitivity,ood_high_concentration,high,saturating_mobile,5.890000000000001,4.5526752849286485
hexane:54,hexane:5,hexane,5.0,including_summaries_sensitivity,ood_high_concentration,high,saturating_mobile,5.9,4.5526752849286485
hexane:55,hexane:5,hexane,5.0,including_summaries_sensitivity,ood_high_concentration,high,saturating_mobile,6.0,4.5526752849286485
hexane:56,hexane:7,hexane,7.0,including_summaries_sensitivity,ood_high_concentration,high,saturating_mobile,9.3,5.221572122508084
hexane:57,hexane:7,hexane,7.0,including_summaries_sensitivity,ood_high_concentration,high,saturating_mobile,9.33,5.221572122508084
hexane:58,hexane:7,hexane,7.0,including_summaries_sensitivity,ood_high_concentration,high,saturating_mobile,9.24,5.221572122508084
hexane:59,hexane:10,hexane,10.0,including_summaries_sensitivity,ood_high_concentration,high,saturating_mobile,12.67,5.86820705018284
toluene:14,toluene:10,toluene,10.0,including_summaries_sensitivity,ood_high_concentration,high,fixed_lld,0.41,14.54609222853195
toluene:15,toluene:40,toluene,40.0,including_summaries_sensitivity,ood_high_concentration,high,fixed_lld,0.18,56.44752208087026
toluene:16,toluene:50,toluene,50.0,including_summaries_sensitivity,ood_high_concentration,high,fixed_lld,0.1699999999999999,69.86423607299828
toluene:41,toluene:10,toluene,10.0,including_summaries_sensitivity,ood_high_concentration,high,fixed_lld,0.0999999999999999,14.54609222853195
toluene:42,toluene:10,toluene,10.0,including_summaries_sensitivity,ood_high_concentration,high,fixed_lld,0.0999999999999999,14.54609222853195
toluene:43,toluene:10,toluene,10.0,including_summaries_sensitivity,ood_high_concentration,high,fixed_lld,0.14,14.54609222853195
toluene:45,toluene:40,toluene,40.0,including_summaries_sensitivity,ood_high_concentration,high,fixed_lld,0.15,56.44752208087026
toluene:46,toluene:40,toluene,40.0,including_summaries_sensitivity,ood_high_concentration,high,fixed_lld,0.12,56.44752208087026
toluene:47,toluene:50,toluene,50.0,including_summaries_sensitivity,ood_high_concentration,high,fixed_lld,0.2099999999999999,69.86423607299828
toluene:48,toluene:50,toluene,50.0,including_summaries_sensitivity,ood_high_concentration,high,fixed_lld,0.1899999999999999,69.86423607299828
toluene:49,toluene:50,toluene,50.0,including_summaries_sensitivity,ood_high_concentration,high,fixed_lld,0.1799999999999999,69.86423607299828
toluene:50,toluene:50,toluene,50.0,including_summaries_sensitivity,ood_high_concentration,high,fixed_lld,0.17,69.86423607299828
toluene:51,toluene:50,toluene,50.0,including_summaries_sensitivity,ood_high_concentration,high,fixed_lld,0.14,69.86423607299828
toluene:52,toluene:50,toluene,50.0,including_summaries_sensitivity,ood_high_concentration,high,fixed_lld,0.12,69.86423607299828
toluene:14,toluene:10,toluene,10.0,including_summaries_sensitivity,ood_high_concentration,high,local_mean,0.41,0.260625
toluene:15,toluene:40,toluene,40.0,including_summaries_sensitivity,ood_high_concentration,high,local_mean,0.18,0.260625
toluene:16,toluene:50,toluene,50.0,including_summaries_sensitivity,ood_high_concentration,high,local_mean,0.1699999999999999,0.260625
toluene:41,toluene:10,toluene,10.0,including_summaries_sensitivity,ood_high_concentration,high,local_mean,0.0999999999999999,0.260625
toluene:42,toluene:10,toluene,10.0,including_summaries_sensitivity,ood_high_concentration,high,local_mean,0.0999999999999999,0.260625
toluene:43,toluene:10,toluene,10.0,including_summaries_sensitivity,ood_high_concentration,high,local_mean,0.14,0.260625
toluene:45,toluene:40,toluene,40.0,including_summaries_sensitivity,ood_high_concentration,high,local_mean,0.15,0.260625
toluene:46,toluene:40,toluene,40.0,including_summaries_sensitivity,ood_high_concentration,high,local_mean,0.12,0.260625
toluene:47,toluene:50,toluene,50.0,including_summaries_sensitivity,ood_high_concentration,high,local_mean,0.2099999999999999,0.260625
toluene:48,toluene:50,toluene,50.0,including_summaries_sensitivity,ood_high_concentration,high,local_mean,0.1899999999999999,0.260625
toluene:49,toluene:50,toluene,50.0,including_summaries_sensitivity,ood_high_concentration,high,local_mean,0.1799999999999999,0.260625
toluene:50,toluene:50,toluene,50.0,including_summaries_sensitivity,ood_high_concentration,high,local_mean,0.17,0.260625
toluene:51,toluene:50,toluene,50.0,including_summaries_sensitivity,ood_high_concentration,high,local_mean,0.14,0.260625
toluene:52,toluene:50,toluene,50.0,including_summaries_sensitivity,ood_high_concentration,high,local_mean,0.12,0.260625
toluene:14,toluene:10,toluene,10.0,including_summaries_sensitivity,ood_high_concentration,high,scaled_lld,0.41,2.3191882138274345
toluene:15,toluene:40,toluene,40.0,including_summaries_sensitivity,ood_high_concentration,high,scaled_lld,0.18,8.999834859628852
toluene:16,toluene:50,toluene,50.0,including_summaries_sensitivity,ood_high_concentration,high,scaled_lld,0.1699999999999999,11.13895816986083
toluene:41,toluene:10,toluene,10.0,including_summaries_sensitivity,ood_high_concentration,high,scaled_lld,0.0999999999999999,2.3191882138274345
toluene:42,toluene:10,toluene,10.0,including_summaries_sensitivity,ood_high_concentration,high,scaled_lld,0.0999999999999999,2.3191882138274345
toluene:43,toluene:10,toluene,10.0,including_summaries_sensitivity,ood_high_concentration,high,scaled_lld,0.14,2.3191882138274345
toluene:45,toluene:40,toluene,40.0,including_summaries_sensitivity,ood_high_concentration,high,scaled_lld,0.15,8.999834859628852
toluene:46,toluene:40,toluene,40.0,including_summaries_sensitivity,ood_high_concentration,high,scaled_lld,0.12,8.999834859628852
toluene:47,toluene:50,toluene,50.0,including_summaries_sensitivity,ood_high_concentration,high,scaled_lld,0.2099999999999999,11.13895816986083
toluene:48,toluene:50,toluene,50.0,including_summaries_sensitivity,ood_high_concentration,high,scaled_lld,0.1899999999999999,11.13895816986083
toluene:49,toluene:50,toluene,50.0,including_summaries_sensitivity,ood_high_concentration,high,scaled_lld,0.1799999999999999,11.13895816986083
toluene:50,toluene:50,toluene,50.0,including_summaries_sensitivity,ood_high_concentration,high,scaled_lld,0.17,11.13895816986083
toluene:51,toluene:50,toluene,50.0,including_summaries_sensitivity,ood_high_concentration,high,scaled_lld,0.14,11.13895816986083
toluene:52,toluene:50,toluene,50.0,including_summaries_sensitivity,ood_high_concentration,high,scaled_lld,0.12,11.13895816986083
toluene:14,toluene:10,toluene,10.0,including_summaries_sensitivity,ood_high_concentration,high,saturating_mobile,0.41,0.3374453682762844
toluene:15,toluene:40,toluene,40.0,including_summaries_sensitivity,ood_high_concentration,high,saturating_mobile,0.18,0.3376740333106328
toluene:16,toluene:50,toluene,50.0,including_summaries_sensitivity,ood_high_concentration,high,saturating_mobile,0.1699999999999999,0.3376892886655339
toluene:41,toluene:10,toluene,10.0,including_summaries_sensitivity,ood_high_concentration,high,saturating_mobile,0.0999999999999999,0.3374453682762844
toluene:42,toluene:10,toluene,10.0,including_summaries_sensitivity,ood_high_concentration,high,saturating_mobile,0.0999999999999999,0.3374453682762844
toluene:43,toluene:10,toluene,10.0,including_summaries_sensitivity,ood_high_concentration,high,saturating_mobile,0.14,0.3374453682762844
toluene:45,toluene:40,toluene,40.0,including_summaries_sensitivity,ood_high_concentration,high,saturating_mobile,0.15,0.3376740333106328
toluene:46,toluene:40,toluene,40.0,including_summaries_sensitivity,ood_high_concentration,high,saturating_mobile,0.12,0.3376740333106328
toluene:47,toluene:50,toluene,50.0,including_summaries_sensitivity,ood_high_concentration,high,saturating_mobile,0.2099999999999999,0.3376892886655339
toluene:48,toluene:50,toluene,50.0,including_summaries_sensitivity,ood_high_concentration,high,saturating_mobile,0.1899999999999999,0.3376892886655339
toluene:49,toluene:50,toluene,50.0,including_summaries_sensitivity,ood_high_concentration,high,saturating_mobile,0.1799999999999999,0.3376892886655339
toluene:50,toluene:50,toluene,50.0,including_summaries_sensitivity,ood_high_concentration,high,saturating_mobile,0.17,0.3376892886655339
toluene:51,toluene:50,toluene,50.0,including_summaries_sensitivity,ood_high_concentration,high,saturating_mobile,0.14,0.3376892886655339
toluene:52,toluene:50,toluene,50.0,including_summaries_sensitivity,ood_high_concentration,high,saturating_mobile,0.12,0.3376892886655339
hexane:23,hexane:0.1,hexane,0.1,primary,grouped_cv,1,mean,0.41,1.1705050505050505
hexane:24,hexane:0.1,hexane,0.1,primary,grouped_cv,1,mean,0.42,1.1705050505050505
hexane:25,hexane:0.1,hexane,0.1,primary,grouped_cv,1,mean,0.43,1.1705050505050505
hexane:26,hexane:0.1,hexane,0.1,primary,grouped_cv,1,mean,0.31,1.1705050505050505
hexane:27,hexane:0.1,hexane,0.1,primary,grouped_cv,1,mean,0.29,1.1705050505050505
hexane:28,hexane:0.1,hexane,0.1,primary,grouped_cv,1,mean,0.31,1.1705050505050505
hexane:41,hexane:1.5,hexane,1.5,primary,grouped_cv,1,mean,2.22,1.1705050505050505
hexane:42,hexane:1.5,hexane,1.5,primary,grouped_cv,1,mean,2.22,1.1705050505050505
hexane:43,hexane:1.5,hexane,1.5,primary,grouped_cv,1,mean,2.21,1.1705050505050505
hexane:50,hexane:3,hexane,3.0,primary,grouped_cv,1,mean,3.73,1.1705050505050505
hexane:51,hexane:3,hexane,3.0,primary,grouped_cv,1,mean,3.65,1.1705050505050505
hexane:52,hexane:3,hexane,3.0,primary,grouped_cv,1,mean,3.64,1.1705050505050505
toluene:17,toluene:0.0025,toluene,0.0025,primary,grouped_cv,1,mean,0.13,1.1705050505050505
toluene:18,toluene:0.0025,toluene,0.0025,primary,grouped_cv,1,mean,0.14,1.1705050505050505
toluene:19,toluene:0.0025,toluene,0.0025,primary,grouped_cv,1,mean,0.14,1.1705050505050505
toluene:47,toluene:50,toluene,50.0,primary,grouped_cv,1,mean,0.2099999999999999,1.1705050505050505
toluene:48,toluene:50,toluene,50.0,primary,grouped_cv,1,mean,0.1899999999999999,1.1705050505050505
toluene:49,toluene:50,toluene,50.0,primary,grouped_cv,1,mean,0.1799999999999999,1.1705050505050505
toluene:50,toluene:50,toluene,50.0,primary,grouped_cv,1,mean,0.17,1.1705050505050505
toluene:51,toluene:50,toluene,50.0,primary,grouped_cv,1,mean,0.14,1.1705050505050505
toluene:52,toluene:50,toluene,50.0,primary,grouped_cv,1,mean,0.12,1.1705050505050505
ethyl_acetate:11,ethyl_acetate:0.5,ethyl_acetate,0.5,primary,grouped_cv,1,mean,1.27,1.1705050505050505
ethyl_acetate:12,ethyl_acetate:0.5,ethyl_acetate,0.5,primary,grouped_cv,1,mean,1.23,1.1705050505050505
ethyl_acetate:13,ethyl_acetate:0.5,ethyl_acetate,0.5,primary,grouped_cv,1,mean,1.17,1.1705050505050505
ethyl_acetate:32,ethyl_acetate:10,ethyl_acetate,10.0,primary,grouped_cv,1,mean,2.43,1.1705050505050505
ethyl_acetate:33,ethyl_acetate:10,ethyl_acetate,10.0,primary,grouped_cv,1,mean,2.5700000000000003,1.1705050505050505
ethyl_acetate:34,ethyl_acetate:10,ethyl_acetate,10.0,primary,grouped_cv,1,mean,3.18,1.1705050505050505
hexane:23,hexane:0.1,hexane,0.1,primary,grouped_cv,1,ridge_raw,0.41,1.794180441250135
hexane:24,hexane:0.1,hexane,0.1,primary,grouped_cv,1,ridge_raw,0.42,1.794180441250135
hexane:25,hexane:0.1,hexane,0.1,primary,grouped_cv,1,ridge_raw,0.43,1.794180441250135
hexane:26,hexane:0.1,hexane,0.1,primary,grouped_cv,1,ridge_raw,0.31,1.794180441250135
hexane:27,hexane:0.1,hexane,0.1,primary,grouped_cv,1,ridge_raw,0.29,1.794180441250135
hexane:28,hexane:0.1,hexane,0.1,primary,grouped_cv,1,ridge_raw,0.31,1.794180441250135
hexane:41,hexane:1.5,hexane,1.5,primary,grouped_cv,1,ridge_raw,2.22,1.9196010481303996
hexane:42,hexane:1.5,hexane,1.5,primary,grouped_cv,1,ridge_raw,2.22,1.9196010481303996
hexane:43,hexane:1.5,hexane,1.5,primary,grouped_cv,1,ridge_raw,2.21,1.9196010481303996
hexane:50,hexane:3,hexane,3.0,primary,grouped_cv,1,ridge_raw,3.73,2.053980269787825
hexane:51,hexane:3,hexane,3.0,primary,grouped_cv,1,ridge_raw,3.65,2.053980269787825
hexane:52,hexane:3,hexane,3.0,primary,grouped_cv,1,ridge_raw,3.64,2.053980269787825
toluene:17,toluene:0.0025,toluene,0.0025,primary,grouped_cv,1,ridge_raw,0.13,0.0
toluene:18,toluene:0.0025,toluene,0.0025,primary,grouped_cv,1,ridge_raw,0.14,0.0
toluene:19,toluene:0.0025,toluene,0.0025,primary,grouped_cv,1,ridge_raw,0.14,0.0
toluene:47,toluene:50,toluene,50.0,primary,grouped_cv,1,ridge_raw,0.2099999999999999,4.323247634661361
toluene:48,toluene:50,toluene,50.0,primary,grouped_cv,1,ridge_raw,0.1899999999999999,4.323247634661361
toluene:49,toluene:50,toluene,50.0,primary,grouped_cv,1,ridge_raw,0.1799999999999999,4.323247634661361
toluene:50,toluene:50,toluene,50.0,primary,grouped_cv,1,ridge_raw,0.17,4.323247634661361
toluene:51,toluene:50,toluene,50.0,primary,grouped_cv,1,ridge_raw,0.14,4.323247634661361
toluene:52,toluene:50,toluene,50.0,primary,grouped_cv,1,ridge_raw,0.12,4.323247634661361
ethyl_acetate:11,ethyl_acetate:0.5,ethyl_acetate,0.5,primary,grouped_cv,1,ridge_raw,1.27,0.7379539340912615
ethyl_acetate:12,ethyl_acetate:0.5,ethyl_acetate,0.5,primary,grouped_cv,1,ridge_raw,1.23,0.7379539340912615
ethyl_acetate:13,ethyl_acetate:0.5,ethyl_acetate,0.5,primary,grouped_cv,1,ridge_raw,1.17,0.7379539340912615
ethyl_acetate:32,ethyl_acetate:10,ethyl_acetate,10.0,primary,grouped_cv,1,ridge_raw,2.43,1.589022337921626
ethyl_acetate:33,ethyl_acetate:10,ethyl_acetate,10.0,primary,grouped_cv,1,ridge_raw,2.5700000000000003,1.589022337921626
ethyl_acetate:34,ethyl_acetate:10,ethyl_acetate,10.0,primary,grouped_cv,1,ridge_raw,3.18,1.589022337921626
hexane:23,hexane:0.1,hexane,0.1,primary,grouped_cv,1,ridge_log_interactions,0.41,0.6560260465906009
hexane:24,hexane:0.1,hexane,0.1,primary,grouped_cv,1,ridge_log_interactions,0.42,0.6560260465906009
hexane:25,hexane:0.1,hexane,0.1,primary,grouped_cv,1,ridge_log_interactions,0.43,0.6560260465906009
hexane:26,hexane:0.1,hexane,0.1,primary,grouped_cv,1,ridge_log_interactions,0.31,0.6560260465906009
hexane:27,hexane:0.1,hexane,0.1,primary,grouped_cv,1,ridge_log_interactions,0.29,0.6560260465906009
hexane:28,hexane:0.1,hexane,0.1,primary,grouped_cv,1,ridge_log_interactions,0.31,0.6560260465906009
hexane:41,hexane:1.5,hexane,1.5,primary,grouped_cv,1,ridge_log_interactions,2.22,2.866832001592173
hexane:42,hexane:1.5,hexane,1.5,primary,grouped_cv,1,ridge_log_interactions,2.22,2.866832001592173
hexane:43,hexane:1.5,hexane,1.5,primary,grouped_cv,1,ridge_log_interactions,2.21,2.866832001592173
hexane:50,hexane:3,hexane,3.0,primary,grouped_cv,1,ridge_log_interactions,3.73,4.132497576481993
hexane:51,hexane:3,hexane,3.0,primary,grouped_cv,1,ridge_log_interactions,3.65,4.132497576481993
hexane:52,hexane:3,hexane,3.0,primary,grouped_cv,1,ridge_log_interactions,3.64,4.132497576481993
toluene:17,toluene:0.0025,toluene,0.0025,primary,grouped_cv,1,ridge_log_interactions,0.13,0.0
toluene:18,toluene:0.0025,toluene,0.0025,primary,grouped_cv,1,ridge_log_interactions,0.14,0.0
toluene:19,toluene:0.0025,toluene,0.0025,primary,grouped_cv,1,ridge_log_interactions,0.14,0.0
toluene:47,toluene:50,toluene,50.0,primary,grouped_cv,1,ridge_log_interactions,0.2099999999999999,2.7129214160728283
toluene:48,toluene:50,toluene,50.0,primary,grouped_cv,1,ridge_log_interactions,0.1899999999999999,2.7129214160728283
toluene:49,toluene:50,toluene,50.0,primary,grouped_cv,1,ridge_log_interactions,0.1799999999999999,2.7129214160728283
toluene:50,toluene:50,toluene,50.0,primary,grouped_cv,1,ridge_log_interactions,0.17,2.7129214160728283
toluene:51,toluene:50,toluene,50.0,primary,grouped_cv,1,ridge_log_interactions,0.14,2.7129214160728283
toluene:52,toluene:50,toluene,50.0,primary,grouped_cv,1,ridge_log_interactions,0.12,2.7129214160728283
ethyl_acetate:11,ethyl_acetate:0.5,ethyl_acetate,0.5,primary,grouped_cv,1,ridge_log_interactions,1.27,0.7167408852174878
ethyl_acetate:12,ethyl_acetate:0.5,ethyl_acetate,0.5,primary,grouped_cv,1,ridge_log_interactions,1.23,0.7167408852174878
ethyl_acetate:13,ethyl_acetate:0.5,ethyl_acetate,0.5,primary,grouped_cv,1,ridge_log_interactions,1.17,0.7167408852174878
ethyl_acetate:32,ethyl_acetate:10,ethyl_acetate,10.0,primary,grouped_cv,1,ridge_log_interactions,2.43,0.9860571256794142
ethyl_acetate:33,ethyl_acetate:10,ethyl_acetate,10.0,primary,grouped_cv,1,ridge_log_interactions,2.5700000000000003,0.9860571256794142
ethyl_acetate:34,ethyl_acetate:10,ethyl_acetate,10.0,primary,grouped_cv,1,ridge_log_interactions,3.18,0.9860571256794142
hexane:23,hexane:0.1,hexane,0.1,primary,grouped_cv,1,rf_raw,0.41,0.2859278479853479
hexane:24,hexane:0.1,hexane,0.1,primary,grouped_cv,1,rf_raw,0.42,0.2859278479853479
hexane:25,hexane:0.1,hexane,0.1,primary,grouped_cv,1,rf_raw,0.43,0.2859278479853479
hexane:26,hexane:0.1,hexane,0.1,primary,grouped_cv,1,rf_raw,0.31,0.2859278479853479
hexane:27,hexane:0.1,hexane,0.1,primary,grouped_cv,1,rf_raw,0.29,0.2859278479853479
hexane:28,hexane:0.1,hexane,0.1,primary,grouped_cv,1,rf_raw,0.31,0.2859278479853479
hexane:41,hexane:1.5,hexane,1.5,primary,grouped_cv,1,rf_raw,2.22,1.301324960317462
hexane:42,hexane:1.5,hexane,1.5,primary,grouped_cv,1,rf_raw,2.22,1.301324960317462
hexane:43,hexane:1.5,hexane,1.5,primary,grouped_cv,1,rf_raw,2.21,1.301324960317462
hexane:50,hexane:3,hexane,3.0,primary,grouped_cv,1,rf_raw,3.73,3.0835402182539684
hexane:51,hexane:3,hexane,3.0,primary,grouped_cv,1,rf_raw,3.65,3.0835402182539684
hexane:52,hexane:3,hexane,3.0,primary,grouped_cv,1,rf_raw,3.64,3.0835402182539684
toluene:17,toluene:0.0025,toluene,0.0025,primary,grouped_cv,1,rf_raw,0.13,0.1304495075757575
toluene:18,toluene:0.0025,toluene,0.0025,primary,grouped_cv,1,rf_raw,0.14,0.1304495075757575
toluene:19,toluene:0.0025,toluene,0.0025,primary,grouped_cv,1,rf_raw,0.14,0.1304495075757575
toluene:47,toluene:50,toluene,50.0,primary,grouped_cv,1,rf_raw,0.2099999999999999,0.5866589880952384
toluene:48,toluene:50,toluene,50.0,primary,grouped_cv,1,rf_raw,0.1899999999999999,0.5866589880952384
toluene:49,toluene:50,toluene,50.0,primary,grouped_cv,1,rf_raw,0.1799999999999999,0.5866589880952384
toluene:50,toluene:50,toluene,50.0,primary,grouped_cv,1,rf_raw,0.17,0.5866589880952384
toluene:51,toluene:50,toluene,50.0,primary,grouped_cv,1,rf_raw,0.14,0.5866589880952384
toluene:52,toluene:50,toluene,50.0,primary,grouped_cv,1,rf_raw,0.12,0.5866589880952384
ethyl_acetate:11,ethyl_acetate:0.5,ethyl_acetate,0.5,primary,grouped_cv,1,rf_raw,1.27,0.7048376587301594
ethyl_acetate:12,ethyl_acetate:0.5,ethyl_acetate,0.5,primary,grouped_cv,1,rf_raw,1.23,0.7048376587301594
ethyl_acetate:13,ethyl_acetate:0.5,ethyl_acetate,0.5,primary,grouped_cv,1,rf_raw,1.17,0.7048376587301594
ethyl_acetate:32,ethyl_acetate:10,ethyl_acetate,10.0,primary,grouped_cv,1,rf_raw,2.43,1.5447328373015872
ethyl_acetate:33,ethyl_acetate:10,ethyl_acetate,10.0,primary,grouped_cv,1,rf_raw,2.5700000000000003,1.5447328373015872
ethyl_acetate:34,ethyl_acetate:10,ethyl_acetate,10.0,primary,grouped_cv,1,rf_raw,3.18,1.5447328373015872
hexane:23,hexane:0.1,hexane,0.1,primary,grouped_cv,1,rf_log_interactions,0.41,0.3251900702075702
hexane:24,hexane:0.1,hexane,0.1,primary,grouped_cv,1,rf_log_interactions,0.42,0.3251900702075702
hexane:25,hexane:0.1,hexane,0.1,primary,grouped_cv,1,rf_log_interactions,0.43,0.3251900702075702
hexane:26,hexane:0.1,hexane,0.1,primary,grouped_cv,1,rf_log_interactions,0.31,0.3251900702075702
hexane:27,hexane:0.1,hexane,0.1,primary,grouped_cv,1,rf_log_interactions,0.29,0.3251900702075702
hexane:28,hexane:0.1,hexane,0.1,primary,grouped_cv,1,rf_log_interactions,0.31,0.3251900702075702
hexane:41,hexane:1.5,hexane,1.5,primary,grouped_cv,1,rf_log_interactions,2.22,2.7568055681818224
hexane:42,hexane:1.5,hexane,1.5,primary,grouped_cv,1,rf_log_interactions,2.22,2.7568055681818224
hexane:43,hexane:1.5,hexane,1.5,primary,grouped_cv,1,rf_log_interactions,2.21,2.7568055681818224
hexane:50,hexane:3,hexane,3.0,primary,grouped_cv,1,rf_log_interactions,3.73,2.806817142857144
hexane:51,hexane:3,hexane,3.0,primary,grouped_cv,1,rf_log_interactions,3.65,2.806817142857144
hexane:52,hexane:3,hexane,3.0,primary,grouped_cv,1,rf_log_interactions,3.64,2.806817142857144
toluene:17,toluene:0.0025,toluene,0.0025,primary,grouped_cv,1,rf_log_interactions,0.13,0.1347960551948051
toluene:18,toluene:0.0025,toluene,0.0025,primary,grouped_cv,1,rf_log_interactions,0.14,0.1347960551948051
toluene:19,toluene:0.0025,toluene,0.0025,primary,grouped_cv,1,rf_log_interactions,0.14,0.1347960551948051
toluene:47,toluene:50,toluene,50.0,primary,grouped_cv,1,rf_log_interactions,0.2099999999999999,3.906626020923521
toluene:48,toluene:50,toluene,50.0,primary,grouped_cv,1,rf_log_interactions,0.1899999999999999,3.906626020923521
toluene:49,toluene:50,toluene,50.0,primary,grouped_cv,1,rf_log_interactions,0.1799999999999999,3.906626020923521
toluene:50,toluene:50,toluene,50.0,primary,grouped_cv,1,rf_log_interactions,0.17,3.906626020923521
toluene:51,toluene:50,toluene,50.0,primary,grouped_cv,1,rf_log_interactions,0.14,3.906626020923521
toluene:52,toluene:50,toluene,50.0,primary,grouped_cv,1,rf_log_interactions,0.12,3.906626020923521
ethyl_acetate:11,ethyl_acetate:0.5,ethyl_acetate,0.5,primary,grouped_cv,1,rf_log_interactions,1.27,0.6795460507548008
ethyl_acetate:12,ethyl_acetate:0.5,ethyl_acetate,0.5,primary,grouped_cv,1,rf_log_interactions,1.23,0.6795460507548008
ethyl_acetate:13,ethyl_acetate:0.5,ethyl_acetate,0.5,primary,grouped_cv,1,rf_log_interactions,1.17,0.6795460507548008
ethyl_acetate:32,ethyl_acetate:10,ethyl_acetate,10.0,primary,grouped_cv,1,rf_log_interactions,2.43,1.1703180158730162
ethyl_acetate:33,ethyl_acetate:10,ethyl_acetate,10.0,primary,grouped_cv,1,rf_log_interactions,2.5700000000000003,1.1703180158730162
ethyl_acetate:34,ethyl_acetate:10,ethyl_acetate,10.0,primary,grouped_cv,1,rf_log_interactions,3.18,1.1703180158730162
hexane:32,hexane:0.25,hexane,0.25,primary,grouped_cv,2,mean,0.5700000000000001,1.0338
hexane:33,hexane:0.25,hexane,0.25,primary,grouped_cv,2,mean,0.5499999999999999,1.0338
hexane:34,hexane:0.25,hexane,0.25,primary,grouped_cv,2,mean,0.53,1.0338
hexane:44,hexane:2,hexane,2.0,primary,grouped_cv,2,mean,2.9799999999999995,1.0338
hexane:45,hexane:2,hexane,2.0,primary,grouped_cv,2,mean,2.96,1.0338
hexane:46,hexane:2,hexane,2.0,primary,grouped_cv,2,mean,2.99,1.0338
hexane:56,hexane:7,hexane,7.0,primary,grouped_cv,2,mean,9.3,1.0338
hexane:57,hexane:7,hexane,7.0,primary,grouped_cv,2,mean,9.33,1.0338
hexane:58,hexane:7,hexane,7.0,primary,grouped_cv,2,mean,9.24,1.0338
toluene:29,toluene:0.025,toluene,0.025,primary,grouped_cv,2,mean,0.1799999999999999,1.0338
toluene:30,toluene:0.025,toluene,0.025,primary,grouped_cv,2,mean,0.18,1.0338
toluene:31,toluene:0.025,toluene,0.025,primary,grouped_cv,2,mean,0.17,1.0338
toluene:45,toluene:40,toluene,40.0,primary,grouped_cv,2,mean,0.15,1.0338
toluene:46,toluene:40,toluene,40.0,primary,grouped_cv,2,mean,0.12,1.0338
ethyl_acetate:2,ethyl_acetate:0.1,ethyl_acetate,0.1,primary,grouped_cv,2,mean,0.53,1.0338
ethyl_acetate:3,ethyl_acetate:0.1,ethyl_acetate,0.1,primary,grouped_cv,2,mean,0.54,1.0338
ethyl_acetate:4,ethyl_acetate:0.1,ethyl_acetate,0.1,primary,grouped_cv,2,mean,0.54,1.0338
ethyl_acetate:8,ethyl_acetate:0.25,ethyl_acetate,0.25,primary,grouped_cv,2,mean,0.7200000000000001,1.0338
ethyl_acetate:9,ethyl_acetate:0.25,ethyl_acetate,0.25,primary,grouped_cv,2,mean,0.7700000000000001,1.0338
ethyl_acetate:10,ethyl_acetate:0.25,ethyl_acetate,0.25,primary,grouped_cv,2,mean,0.7000000000000001,1.0338
ethyl_acetate:14,ethyl_acetate:0.1,ethyl_acetate,0.1,primary,grouped_cv,2,mean,0.26,1.0338
ethyl_acetate:15,ethyl_acetate:0.1,ethyl_acetate,0.1,primary,grouped_cv,2,mean,0.31,1.0338
ethyl_acetate:16,ethyl_acetate:0.1,ethyl_acetate,0.1,primary,grouped_cv,2,mean,0.33,1.0338
ethyl_acetate:17,ethyl_acetate:0.25,ethyl_acetate,0.25,primary,grouped_cv,2,mean,0.5,1.0338
ethyl_acetate:18,ethyl_acetate:0.25,ethyl_acetate,0.25,primary,grouped_cv,2,mean,0.62,1.0338
ethyl_acetate:19,ethyl_acetate:0.25,ethyl_acetate,0.25,primary,grouped_cv,2,mean,0.54,1.0338
hexane:32,hexane:0.25,hexane,0.25,primary,grouped_cv,2,ridge_raw,0.5700000000000001,1.4235127117537147
hexane:33,hexane:0.25,hexane,0.25,primary,grouped_cv,2,ridge_raw,0.5499999999999999,1.4235127117537147
hexane:34,hexane:0.25,hexane,0.25,primary,grouped_cv,2,ridge_raw,0.53,1.4235127117537147
hexane:44,hexane:2,hexane,2.0,primary,grouped_cv,2,ridge_raw,2.9799999999999995,1.4539559757356333
hexane:45,hexane:2,hexane,2.0,primary,grouped_cv,2,ridge_raw,2.96,1.4539559757356333
hexane:46,hexane:2,hexane,2.0,primary,grouped_cv,2,ridge_raw,2.99,1.4539559757356333
hexane:56,hexane:7,hexane,7.0,primary,grouped_cv,2,ridge_raw,9.3,1.5409367299696868
hexane:57,hexane:7,hexane,7.0,primary,grouped_cv,2,ridge_raw,9.33,1.5409367299696868
hexane:58,hexane:7,hexane,7.0,primary,grouped_cv,2,ridge_raw,9.24,1.5409367299696868
toluene:29,toluene:0.025,toluene,0.025,primary,grouped_cv,2,ridge_raw,0.1799999999999999,0.03636235498386
toluene:30,toluene:0.025,toluene,0.025,primary,grouped_cv,2,ridge_raw,0.18,0.03636235498386
toluene:31,toluene:0.025,toluene,0.025,primary,grouped_cv,2,ridge_raw,0.17,0.03636235498386
toluene:45,toluene:40,toluene,40.0,primary,grouped_cv,2,ridge_raw,0.15,0.7317734850851179
toluene:46,toluene:40,toluene,40.0,primary,grouped_cv,2,ridge_raw,0.12,0.7317734850851179
ethyl_acetate:2,ethyl_acetate:0.1,ethyl_acetate,0.1,primary,grouped_cv,2,ridge_raw,0.53,1.1900202745749686
ethyl_acetate:3,ethyl_acetate:0.1,ethyl_acetate,0.1,primary,grouped_cv,2,ridge_raw,0.54,1.1900202745749686
ethyl_acetate:4,ethyl_acetate:0.1,ethyl_acetate,0.1,primary,grouped_cv,2,ridge_raw,0.54,1.1900202745749686
ethyl_acetate:8,ethyl_acetate:0.25,ethyl_acetate,0.25,primary,grouped_cv,2,ridge_raw,0.7200000000000001,1.1926296972019903
ethyl_acetate:9,ethyl_acetate:0.25,ethyl_acetate,0.25,primary,grouped_cv,2,ridge_raw,0.7700000000000001,1.1926296972019903
ethyl_acetate:10,ethyl_acetate:0.25,ethyl_acetate,0.25,primary,grouped_cv,2,ridge_raw,0.7000000000000001,1.1926296972019903
ethyl_acetate:14,ethyl_acetate:0.1,ethyl_acetate,0.1,primary,grouped_cv,2,ridge_raw,0.26,1.1900202745749686
ethyl_acetate:15,ethyl_acetate:0.1,ethyl_acetate,0.1,primary,grouped_cv,2,ridge_raw,0.31,1.1900202745749686
ethyl_acetate:16,ethyl_acetate:0.1,ethyl_acetate,0.1,primary,grouped_cv,2,ridge_raw,0.33,1.1900202745749686
ethyl_acetate:17,ethyl_acetate:0.25,ethyl_acetate,0.25,primary,grouped_cv,2,ridge_raw,0.5,1.1926296972019903
ethyl_acetate:18,ethyl_acetate:0.25,ethyl_acetate,0.25,primary,grouped_cv,2,ridge_raw,0.62,1.1926296972019903
ethyl_acetate:19,ethyl_acetate:0.25,ethyl_acetate,0.25,primary,grouped_cv,2,ridge_raw,0.54,1.1926296972019903
hexane:32,hexane:0.25,hexane,0.25,primary,grouped_cv,2,ridge_log_interactions,0.5700000000000001,1.012333770684701
hexane:33,hexane:0.25,hexane,0.25,primary,grouped_cv,2,ridge_log_interactions,0.5499999999999999,1.012333770684701
hexane:34,hexane:0.25,hexane,0.25,primary,grouped_cv,2,ridge_log_interactions,0.53,1.012333770684701
hexane:44,hexane:2,hexane,2.0,primary,grouped_cv,2,ridge_log_interactions,2.9799999999999995,2.489538044229752
hexane:45,hexane:2,hexane,2.0,primary,grouped_cv,2,ridge_log_interactions,2.96,2.489538044229752
hexane:46,hexane:2,hexane,2.0,primary,grouped_cv,2,ridge_log_interactions,2.99,2.489538044229752
hexane:56,hexane:7,hexane,7.0,primary,grouped_cv,2,ridge_log_interactions,9.3,4.144520229597294
hexane:57,hexane:7,hexane,7.0,primary,grouped_cv,2,ridge_log_interactions,9.33,4.144520229597294
hexane:58,hexane:7,hexane,7.0,primary,grouped_cv,2,ridge_log_interactions,9.24,4.144520229597294
toluene:29,toluene:0.025,toluene,0.025,primary,grouped_cv,2,ridge_log_interactions,0.1799999999999999,0.0
toluene:30,toluene:0.025,toluene,0.025,primary,grouped_cv,2,ridge_log_interactions,0.18,0.0
toluene:31,toluene:0.025,toluene,0.025,primary,grouped_cv,2,ridge_log_interactions,0.17,0.0
toluene:45,toluene:40,toluene,40.0,primary,grouped_cv,2,ridge_log_interactions,0.15,1.370707820581356
toluene:46,toluene:40,toluene,40.0,primary,grouped_cv,2,ridge_log_interactions,0.12,1.370707820581356
ethyl_acetate:2,ethyl_acetate:0.1,ethyl_acetate,0.1,primary,grouped_cv,2,ridge_log_interactions,0.53,1.1592880265306562
ethyl_acetate:3,ethyl_acetate:0.1,ethyl_acetate,0.1,primary,grouped_cv,2,ridge_log_interactions,0.54,1.1592880265306562
ethyl_acetate:4,ethyl_acetate:0.1,ethyl_acetate,0.1,primary,grouped_cv,2,ridge_log_interactions,0.54,1.1592880265306562
ethyl_acetate:8,ethyl_acetate:0.25,ethyl_acetate,0.25,primary,grouped_cv,2,ridge_log_interactions,0.7200000000000001,1.1638492103811329
ethyl_acetate:9,ethyl_acetate:0.25,ethyl_acetate,0.25,primary,grouped_cv,2,ridge_log_interactions,0.7700000000000001,1.1638492103811329
ethyl_acetate:10,ethyl_acetate:0.25,ethyl_acetate,0.25,primary,grouped_cv,2,ridge_log_interactions,0.7000000000000001,1.1638492103811329
ethyl_acetate:14,ethyl_acetate:0.1,ethyl_acetate,0.1,primary,grouped_cv,2,ridge_log_interactions,0.26,1.1592880265306562
ethyl_acetate:15,ethyl_acetate:0.1,ethyl_acetate,0.1,primary,grouped_cv,2,ridge_log_interactions,0.31,1.1592880265306562
ethyl_acetate:16,ethyl_acetate:0.1,ethyl_acetate,0.1,primary,grouped_cv,2,ridge_log_interactions,0.33,1.1592880265306562
ethyl_acetate:17,ethyl_acetate:0.25,ethyl_acetate,0.25,primary,grouped_cv,2,ridge_log_interactions,0.5,1.1638492103811329
ethyl_acetate:18,ethyl_acetate:0.25,ethyl_acetate,0.25,primary,grouped_cv,2,ridge_log_interactions,0.62,1.163849210381133
ethyl_acetate:19,ethyl_acetate:0.25,ethyl_acetate,0.25,primary,grouped_cv,2,ridge_log_interactions,0.54,1.163849210381133
hexane:32,hexane:0.25,hexane,0.25,primary,grouped_cv,2,rf_raw,0.5700000000000001,0.4733580699855697
hexane:33,hexane:0.25,hexane,0.25,primary,grouped_cv,2,rf_raw,0.5499999999999999,0.4733580699855697
hexane:34,hexane:0.25,hexane,0.25,primary,grouped_cv,2,rf_raw,0.53,0.4733580699855697
hexane:44,hexane:2,hexane,2.0,primary,grouped_cv,2,rf_raw,2.9799999999999995,2.158919940476187
hexane:45,hexane:2,hexane,2.0,primary,grouped_cv,2,rf_raw,2.96,2.158919940476187
hexane:46,hexane:2,hexane,2.0,primary,grouped_cv,2,rf_raw,2.99,2.158919940476187
hexane:56,hexane:7,hexane,7.0,primary,grouped_cv,2,rf_raw,9.3,7.035535416527917
hexane:57,hexane:7,hexane,7.0,primary,grouped_cv,2,rf_raw,9.33,7.035535416527917
hexane:58,hexane:7,hexane,7.0,primary,grouped_cv,2,rf_raw,9.24,7.035535416527917
toluene:29,toluene:0.025,toluene,0.025,primary,grouped_cv,2,rf_raw,0.1799999999999999,0.1757273051948051
toluene:30,toluene:0.025,toluene,0.025,primary,grouped_cv,2,rf_raw,0.18,0.1757273051948051
toluene:31,toluene:0.025,toluene,0.025,primary,grouped_cv,2,rf_raw,0.17,0.1757273051948051
toluene:45,toluene:40,toluene,40.0,primary,grouped_cv,2,rf_raw,0.15,0.1643651406926406
toluene:46,toluene:40,toluene,40.0,primary,grouped_cv,2,rf_raw,0.12,0.1643651406926406
ethyl_acetate:2,ethyl_acetate:0.1,ethyl_acetate,0.1,primary,grouped_cv,2,rf_raw,0.53,0.4229793459318461
ethyl_acetate:3,ethyl_acetate:0.1,ethyl_acetate,0.1,primary,grouped_cv,2,rf_raw,0.54,0.4229793459318461
ethyl_acetate:4,ethyl_acetate:0.1,ethyl_acetate,0.1,primary,grouped_cv,2,rf_raw,0.54,0.4229793459318461
ethyl_acetate:8,ethyl_acetate:0.25,ethyl_acetate,0.25,primary,grouped_cv,2,rf_raw,0.7200000000000001,0.6185012499999999
ethyl_acetate:9,ethyl_acetate:0.25,ethyl_acetate,0.25,primary,grouped_cv,2,rf_raw,0.7700000000000001,0.6185012499999999
ethyl_acetate:10,ethyl_acetate:0.25,ethyl_acetate,0.25,primary,grouped_cv,2,rf_raw,0.7000000000000001,0.6185012499999999
ethyl_acetate:14,ethyl_acetate:0.1,ethyl_acetate,0.1,primary,grouped_cv,2,rf_raw,0.26,0.4229793459318461
ethyl_acetate:15,ethyl_acetate:0.1,ethyl_acetate,0.1,primary,grouped_cv,2,rf_raw,0.31,0.4229793459318461
ethyl_acetate:16,ethyl_acetate:0.1,ethyl_acetate,0.1,primary,grouped_cv,2,rf_raw,0.33,0.4229793459318461
ethyl_acetate:17,ethyl_acetate:0.25,ethyl_acetate,0.25,primary,grouped_cv,2,rf_raw,0.5,0.6185012499999999
ethyl_acetate:18,ethyl_acetate:0.25,ethyl_acetate,0.25,primary,grouped_cv,2,rf_raw,0.62,0.6185012499999999
ethyl_acetate:19,ethyl_acetate:0.25,ethyl_acetate,0.25,primary,grouped_cv,2,rf_raw,0.54,0.6185012499999999
hexane:32,hexane:0.25,hexane,0.25,primary,grouped_cv,2,rf_log_interactions,0.5700000000000001,0.5415549350649349
hexane:33,hexane:0.25,hexane,0.25,primary,grouped_cv,2,rf_log_interactions,0.5499999999999999,0.5415549350649349
hexane:34,hexane:0.25,hexane,0.25,primary,grouped_cv,2,rf_log_interactions,0.53,0.5415549350649349
hexane:44,hexane:2,hexane,2.0,primary,grouped_cv,2,rf_log_interactions,2.9799999999999995,3.0281973412698395
hexane:45,hexane:2,hexane,2.0,primary,grouped_cv,2,rf_log_interactions,2.96,3.0281973412698395
hexane:46,hexane:2,hexane,2.0,primary,grouped_cv,2,rf_log_interactions,2.99,3.0281973412698395
hexane:56,hexane:7,hexane,7.0,primary,grouped_cv,2,rf_log_interactions,9.3,7.0111779165279176
hexane:57,hexane:7,hexane,7.0,primary,grouped_cv,2,rf_log_interactions,9.33,7.0111779165279176
hexane:58,hexane:7,hexane,7.0,primary,grouped_cv,2,rf_log_interactions,9.24,7.0111779165279176
toluene:29,toluene:0.025,toluene,0.025,primary,grouped_cv,2,rf_log_interactions,0.1799999999999999,0.172725227966478
toluene:30,toluene:0.025,toluene,0.025,primary,grouped_cv,2,rf_log_interactions,0.18,0.172725227966478
toluene:31,toluene:0.025,toluene,0.025,primary,grouped_cv,2,rf_log_interactions,0.17,0.172725227966478
toluene:45,toluene:40,toluene,40.0,primary,grouped_cv,2,rf_log_interactions,0.15,0.2582651406926406
toluene:46,toluene:40,toluene,40.0,primary,grouped_cv,2,rf_log_interactions,0.12,0.2582651406926406
ethyl_acetate:2,ethyl_acetate:0.1,ethyl_acetate,0.1,primary,grouped_cv,2,rf_log_interactions,0.53,0.4156731403318905
ethyl_acetate:3,ethyl_acetate:0.1,ethyl_acetate,0.1,primary,grouped_cv,2,rf_log_interactions,0.54,0.4156731403318905
ethyl_acetate:4,ethyl_acetate:0.1,ethyl_acetate,0.1,primary,grouped_cv,2,rf_log_interactions,0.54,0.4156731403318905
ethyl_acetate:8,ethyl_acetate:0.25,ethyl_acetate,0.25,primary,grouped_cv,2,rf_log_interactions,0.7200000000000001,0.6233681349206347
ethyl_acetate:9,ethyl_acetate:0.25,ethyl_acetate,0.25,primary,grouped_cv,2,rf_log_interactions,0.7700000000000001,0.6233681349206347
ethyl_acetate:10,ethyl_acetate:0.25,ethyl_acetate,0.25,primary,grouped_cv,2,rf_log_interactions,0.7000000000000001,0.6233681349206347
ethyl_acetate:14,ethyl_acetate:0.1,ethyl_acetate,0.1,primary,grouped_cv,2,rf_log_interactions,0.26,0.4156731403318905
ethyl_acetate:15,ethyl_acetate:0.1,ethyl_acetate,0.1,primary,grouped_cv,2,rf_log_interactions,0.31,0.4156731403318905
ethyl_acetate:16,ethyl_acetate:0.1,ethyl_acetate,0.1,primary,grouped_cv,2,rf_log_interactions,0.33,0.4156731403318905
ethyl_acetate:17,ethyl_acetate:0.25,ethyl_acetate,0.25,primary,grouped_cv,2,rf_log_interactions,0.5,0.6233681349206347
ethyl_acetate:18,ethyl_acetate:0.25,ethyl_acetate,0.25,primary,grouped_cv,2,rf_log_interactions,0.62,0.6233681349206347
ethyl_acetate:19,ethyl_acetate:0.25,ethyl_acetate,0.25,primary,grouped_cv,2,rf_log_interactions,0.54,0.6233681349206347
hexane:8,hexane:0.05,hexane,0.05,primary,grouped_cv,3,mean,0.14,1.181980198019802
hexane:9,hexane:0.05,hexane,0.05,primary,grouped_cv,3,mean,0.18,1.181980198019802
hexane:10,hexane:0.05,hexane,0.05,primary,grouped_cv,3,mean,0.14,1.181980198019802
hexane:11,hexane:0.05,hexane,0.05,primary,grouped_cv,3,mean,0.15,1.181980198019802
hexane:12,hexane:0.05,hexane,0.05,primary,grouped_cv,3,mean,0.1499999999999999,1.181980198019802
hexane:13,hexane:0.05,hexane,0.05,primary,grouped_cv,3,mean,0.1699999999999999,1.181980198019802
hexane:47,hexane:2.5,hexane,2.5,primary,grouped_cv,3,mean,2.98,1.181980198019802
hexane:48,hexane:2.5,hexane,2.5,primary,grouped_cv,3,mean,3.06,1.181980198019802
hexane:49,hexane:2.5,hexane,2.5,primary,grouped_cv,3,mean,3.01,1.181980198019802
hexane:59,hexane:10,hexane,10.0,primary,grouped_cv,3,mean,12.67,1.181980198019802
toluene:26,toluene:0.015,toluene,0.015,primary,grouped_cv,3,mean,0.18,1.181980198019802
toluene:27,toluene:0.015,toluene,0.015,primary,grouped_cv,3,mean,0.1499999999999999,1.181980198019802
toluene:28,toluene:0.015,toluene,0.015,primary,grouped_cv,3,mean,0.16,1.181980198019802
toluene:35,toluene:0.1,toluene,0.1,primary,grouped_cv,3,mean,0.15,1.181980198019802
toluene:36,toluene:0.1,toluene,0.1,primary,grouped_cv,3,mean,0.19,1.181980198019802
toluene:37,toluene:0.1,toluene,0.1,primary,grouped_cv,3,mean,0.18,1.181980198019802
toluene:41,toluene:10,toluene,10.0,primary,grouped_cv,3,mean,0.0999999999999999,1.181980198019802
toluene:42,toluene:10,toluene,10.0,primary,grouped_cv,3,mean,0.0999999999999999,1.181980198019802
toluene:43,toluene:10,toluene,10.0,primary,grouped_cv,3,mean,0.14,1.181980198019802
ethyl_acetate:20,ethyl_acetate:1,ethyl_acetate,1.0,primary,grouped_cv,3,mean,0.68,1.181980198019802
ethyl_acetate:21,ethyl_acetate:1,ethyl_acetate,1.0,primary,grouped_cv,3,mean,0.68,1.181980198019802
ethyl_acetate:22,ethyl_acetate:1,ethyl_acetate,1.0,primary,grouped_cv,3,mean,0.62,1.181980198019802
ethyl_acetate:26,ethyl_acetate:3,ethyl_acetate,3.0,primary,grouped_cv,3,mean,1.28,1.181980198019802
ethyl_acetate:27,ethyl_acetate:3,ethyl_acetate,3.0,primary,grouped_cv,3,mean,1.25,1.181980198019802
ethyl_acetate:28,ethyl_acetate:3,ethyl_acetate,3.0,primary,grouped_cv,3,mean,1.1,1.181980198019802
hexane:8,hexane:0.05,hexane,0.05,primary,grouped_cv,3,ridge_raw,0.14,1.7616195310707805
hexane:9,hexane:0.05,hexane,0.05,primary,grouped_cv,3,ridge_raw,0.18,1.7616195310707805
hexane:10,hexane:0.05,hexane,0.05,primary,grouped_cv,3,ridge_raw,0.14,1.7616195310707805
hexane:11,hexane:0.05,hexane,0.05,primary,grouped_cv,3,ridge_raw,0.15,1.7616195310707805
hexane:12,hexane:0.05,hexane,0.05,primary,grouped_cv,3,ridge_raw,0.1499999999999999,1.7616195310707805
hexane:13,hexane:0.05,hexane,0.05,primary,grouped_cv,3,ridge_raw,0.1699999999999999,1.7616195310707805
hexane:47,hexane:2.5,hexane,2.5,primary,grouped_cv,3,ridge_raw,2.98,1.806203822296488
hexane:48,hexane:2.5,hexane,2.5,primary,grouped_cv,3,ridge_raw,3.06,1.806203822296488
hexane:49,hexane:2.5,hexane,2.5,primary,grouped_cv,3,ridge_raw,3.01,1.806203822296488
hexane:59,hexane:10,hexane,10.0,primary,grouped_cv,3,ridge_raw,12.67,1.942686346456817
toluene:26,toluene:0.015,toluene,0.015,primary,grouped_cv,3,ridge_raw,0.18,0.0
toluene:27,toluene:0.015,toluene,0.015,primary,grouped_cv,3,ridge_raw,0.1499999999999999,0.0
toluene:28,toluene:0.015,toluene,0.015,primary,grouped_cv,3,ridge_raw,0.16,0.0
toluene:35,toluene:0.1,toluene,0.1,primary,grouped_cv,3,ridge_raw,0.15,0.0
toluene:36,toluene:0.1,toluene,0.1,primary,grouped_cv,3,ridge_raw,0.19,0.0
toluene:37,toluene:0.1,toluene,0.1,primary,grouped_cv,3,ridge_raw,0.18,0.0
toluene:41,toluene:10,toluene,10.0,primary,grouped_cv,3,ridge_raw,0.0999999999999999,0.1503353362253392
toluene:42,toluene:10,toluene,10.0,primary,grouped_cv,3,ridge_raw,0.0999999999999999,0.1503353362253392
toluene:43,toluene:10,toluene,10.0,primary,grouped_cv,3,ridge_raw,0.14,0.1503353362253392
ethyl_acetate:20,ethyl_acetate:1,ethyl_acetate,1.0,primary,grouped_cv,3,ridge_raw,0.68,1.0038888492611011
ethyl_acetate:21,ethyl_acetate:1,ethyl_acetate,1.0,primary,grouped_cv,3,ridge_raw,0.68,1.0038888492611011
ethyl_acetate:22,ethyl_acetate:1,ethyl_acetate,1.0,primary,grouped_cv,3,ridge_raw,0.62,1.0038888492611011
ethyl_acetate:26,ethyl_acetate:3,ethyl_acetate,3.0,primary,grouped_cv,3,ridge_raw,1.28,1.0402841890371892
ethyl_acetate:27,ethyl_acetate:3,ethyl_acetate,3.0,primary,grouped_cv,3,ridge_raw,1.25,1.0402841890371892
ethyl_acetate:28,ethyl_acetate:3,ethyl_acetate,3.0,primary,grouped_cv,3,ridge_raw,1.1,1.0402841890371892
hexane:8,hexane:0.05,hexane,0.05,primary,grouped_cv,3,ridge_log_interactions,0.14,0.868146071213517
hexane:9,hexane:0.05,hexane,0.05,primary,grouped_cv,3,ridge_log_interactions,0.18,0.868146071213517
hexane:10,hexane:0.05,hexane,0.05,primary,grouped_cv,3,ridge_log_interactions,0.14,0.868146071213517
hexane:11,hexane:0.05,hexane,0.05,primary,grouped_cv,3,ridge_log_interactions,0.15,0.868146071213517
hexane:12,hexane:0.05,hexane,0.05,primary,grouped_cv,3,ridge_log_interactions,0.1499999999999999,0.868146071213517
hexane:13,hexane:0.05,hexane,0.05,primary,grouped_cv,3,ridge_log_interactions,0.1699999999999999,0.868146071213517
hexane:47,hexane:2.5,hexane,2.5,primary,grouped_cv,3,ridge_log_interactions,2.98,3.022417095642428
hexane:48,hexane:2.5,hexane,2.5,primary,grouped_cv,3,ridge_log_interactions,3.06,3.022417095642428
hexane:49,hexane:2.5,hexane,2.5,primary,grouped_cv,3,ridge_log_interactions,3.01,3.022417095642428
hexane:59,hexane:10,hexane,10.0,primary,grouped_cv,3,ridge_log_interactions,12.67,5.0714046919018125
toluene:26,toluene:0.015,toluene,0.015,primary,grouped_cv,3,ridge_log_interactions,0.18,0.0
toluene:27,toluene:0.015,toluene,0.015,primary,grouped_cv,3,ridge_log_interactions,0.1499999999999999,0.0
toluene:28,toluene:0.015,toluene,0.015,primary,grouped_cv,3,ridge_log_interactions,0.16,0.0
toluene:35,toluene:0.1,toluene,0.1,primary,grouped_cv,3,ridge_log_interactions,0.15,0.0
toluene:36,toluene:0.1,toluene,0.1,primary,grouped_cv,3,ridge_log_interactions,0.19,0.0
toluene:37,toluene:0.1,toluene,0.1,primary,grouped_cv,3,ridge_log_interactions,0.18,0.0
toluene:41,toluene:10,toluene,10.0,primary,grouped_cv,3,ridge_log_interactions,0.0999999999999999,0.8061403800819106
toluene:42,toluene:10,toluene,10.0,primary,grouped_cv,3,ridge_log_interactions,0.0999999999999999,0.8061403800819106
toluene:43,toluene:10,toluene,10.0,primary,grouped_cv,3,ridge_log_interactions,0.14,0.8061403800819106
ethyl_acetate:20,ethyl_acetate:1,ethyl_acetate,1.0,primary,grouped_cv,3,ridge_log_interactions,0.68,0.9724178770638036
ethyl_acetate:21,ethyl_acetate:1,ethyl_acetate,1.0,primary,grouped_cv,3,ridge_log_interactions,0.68,0.9724178770638036
ethyl_acetate:22,ethyl_acetate:1,ethyl_acetate,1.0,primary,grouped_cv,3,ridge_log_interactions,0.62,0.9724178770638036
ethyl_acetate:26,ethyl_acetate:3,ethyl_acetate,3.0,primary,grouped_cv,3,ridge_log_interactions,1.28,1.0433027252927376
ethyl_acetate:27,ethyl_acetate:3,ethyl_acetate,3.0,primary,grouped_cv,3,ridge_log_interactions,1.25,1.0433027252927376
ethyl_acetate:28,ethyl_acetate:3,ethyl_acetate,3.0,primary,grouped_cv,3,ridge_log_interactions,1.1,1.0433027252927376
hexane:8,hexane:0.05,hexane,0.05,primary,grouped_cv,3,rf_raw,0.14,0.1936149951192598
hexane:9,hexane:0.05,hexane,0.05,primary,grouped_cv,3,rf_raw,0.18,0.1936149951192598
hexane:10,hexane:0.05,hexane,0.05,primary,grouped_cv,3,rf_raw,0.14,0.1936149951192598
hexane:11,hexane:0.05,hexane,0.05,primary,grouped_cv,3,rf_raw,0.15,0.1936149951192598
hexane:12,hexane:0.05,hexane,0.05,primary,grouped_cv,3,rf_raw,0.1499999999999999,0.1936149951192598
hexane:13,hexane:0.05,hexane,0.05,primary,grouped_cv,3,rf_raw,0.1699999999999999,0.1936149951192598
hexane:47,hexane:2.5,hexane,2.5,primary,grouped_cv,3,rf_raw,2.98,2.897145413059169
hexane:48,hexane:2.5,hexane,2.5,primary,grouped_cv,3,rf_raw,3.06,2.897145413059169
hexane:49,hexane:2.5,hexane,2.5,primary,grouped_cv,3,rf_raw,3.01,2.897145413059169
hexane:59,hexane:10,hexane,10.0,primary,grouped_cv,3,rf_raw,12.67,8.517654702380945
toluene:26,toluene:0.015,toluene,0.015,primary,grouped_cv,3,rf_raw,0.18,0.2424709866522365
toluene:27,toluene:0.015,toluene,0.015,primary,grouped_cv,3,rf_raw,0.1499999999999999,0.2424709866522365
toluene:28,toluene:0.015,toluene,0.015,primary,grouped_cv,3,rf_raw,0.16,0.2424709866522365
toluene:35,toluene:0.1,toluene,0.1,primary,grouped_cv,3,rf_raw,0.15,0.3659990816128315
toluene:36,toluene:0.1,toluene,0.1,primary,grouped_cv,3,rf_raw,0.19,0.3659990816128315
toluene:37,toluene:0.1,toluene,0.1,primary,grouped_cv,3,rf_raw,0.18,0.3659990816128315
toluene:41,toluene:10,toluene,10.0,primary,grouped_cv,3,rf_raw,0.0999999999999999,0.7237357629870133
toluene:42,toluene:10,toluene,10.0,primary,grouped_cv,3,rf_raw,0.0999999999999999,0.7237357629870133
toluene:43,toluene:10,toluene,10.0,primary,grouped_cv,3,rf_raw,0.14,0.7237357629870133
ethyl_acetate:20,ethyl_acetate:1,ethyl_acetate,1.0,primary,grouped_cv,3,rf_raw,0.68,1.255635198412699
ethyl_acetate:21,ethyl_acetate:1,ethyl_acetate,1.0,primary,grouped_cv,3,rf_raw,0.68,1.255635198412699
ethyl_acetate:22,ethyl_acetate:1,ethyl_acetate,1.0,primary,grouped_cv,3,rf_raw,0.62,1.255635198412699
ethyl_acetate:26,ethyl_acetate:3,ethyl_acetate,3.0,primary,grouped_cv,3,rf_raw,1.28,1.289155331890332
ethyl_acetate:27,ethyl_acetate:3,ethyl_acetate,3.0,primary,grouped_cv,3,rf_raw,1.25,1.289155331890332
ethyl_acetate:28,ethyl_acetate:3,ethyl_acetate,3.0,primary,grouped_cv,3,rf_raw,1.1,1.289155331890332
hexane:8,hexane:0.05,hexane,0.05,primary,grouped_cv,3,rf_log_interactions,0.14,0.1767554035996682
hexane:9,hexane:0.05,hexane,0.05,primary,grouped_cv,3,rf_log_interactions,0.18,0.1767554035996682
hexane:10,hexane:0.05,hexane,0.05,primary,grouped_cv,3,rf_log_interactions,0.14,0.1767554035996682
hexane:11,hexane:0.05,hexane,0.05,primary,grouped_cv,3,rf_log_interactions,0.15,0.1767554035996682
hexane:12,hexane:0.05,hexane,0.05,primary,grouped_cv,3,rf_log_interactions,0.1499999999999999,0.1767554035996682
hexane:13,hexane:0.05,hexane,0.05,primary,grouped_cv,3,rf_log_interactions,0.1699999999999999,0.1767554035996682
hexane:47,hexane:2.5,hexane,2.5,primary,grouped_cv,3,rf_log_interactions,2.98,3.6409040133477646
hexane:48,hexane:2.5,hexane,2.5,primary,grouped_cv,3,rf_log_interactions,3.06,3.6409040133477646
hexane:49,hexane:2.5,hexane,2.5,primary,grouped_cv,3,rf_log_interactions,3.01,3.6409040133477646
hexane:59,hexane:10,hexane,10.0,primary,grouped_cv,3,rf_log_interactions,12.67,7.4877681872294355
toluene:26,toluene:0.015,toluene,0.015,primary,grouped_cv,3,rf_log_interactions,0.18,0.189470505050505
toluene:27,toluene:0.015,toluene,0.015,primary,grouped_cv,3,rf_log_interactions,0.1499999999999999,0.189470505050505
toluene:28,toluene:0.015,toluene,0.015,primary,grouped_cv,3,rf_log_interactions,0.16,0.189470505050505
toluene:35,toluene:0.1,toluene,0.1,primary,grouped_cv,3,rf_log_interactions,0.15,0.3980317568542568
toluene:36,toluene:0.1,toluene,0.1,primary,grouped_cv,3,rf_log_interactions,0.19,0.3980317568542568
toluene:37,toluene:0.1,toluene,0.1,primary,grouped_cv,3,rf_log_interactions,0.18,0.3980317568542568
toluene:41,toluene:10,toluene,10.0,primary,grouped_cv,3,rf_log_interactions,0.0999999999999999,3.57229440295815
toluene:42,toluene:10,toluene,10.0,primary,grouped_cv,3,rf_log_interactions,0.0999999999999999,3.57229440295815
toluene:43,toluene:10,toluene,10.0,primary,grouped_cv,3,rf_log_interactions,0.14,3.57229440295815
ethyl_acetate:20,ethyl_acetate:1,ethyl_acetate,1.0,primary,grouped_cv,3,rf_log_interactions,0.68,1.169970813492064
ethyl_acetate:21,ethyl_acetate:1,ethyl_acetate,1.0,primary,grouped_cv,3,rf_log_interactions,0.68,1.169970813492064
ethyl_acetate:22,ethyl_acetate:1,ethyl_acetate,1.0,primary,grouped_cv,3,rf_log_interactions,0.62,1.169970813492064
ethyl_acetate:26,ethyl_acetate:3,ethyl_acetate,3.0,primary,grouped_cv,3,rf_log_interactions,1.28,1.0969316468253971
ethyl_acetate:27,ethyl_acetate:3,ethyl_acetate,3.0,primary,grouped_cv,3,rf_log_interactions,1.25,1.0969316468253971
ethyl_acetate:28,ethyl_acetate:3,ethyl_acetate,3.0,primary,grouped_cv,3,rf_log_interactions,1.1,1.0969316468253971
hexane:14,hexane:0.07,hexane,0.07,primary,grouped_cv,4,mean,0.13,1.3295098039215687
hexane:15,hexane:0.07,hexane,0.07,primary,grouped_cv,4,mean,0.1499999999999999,1.3295098039215687
hexane:16,hexane:0.07,hexane,0.07,primary,grouped_cv,4,mean,0.1399999999999999,1.3295098039215687
hexane:17,hexane:0.07,hexane,0.07,primary,grouped_cv,4,mean,0.23,1.3295098039215687
hexane:18,hexane:0.07,hexane,0.07,primary,grouped_cv,4,mean,0.21,1.3295098039215687
hexane:19,hexane:0.07,hexane,0.07,primary,grouped_cv,4,mean,0.2199999999999999,1.3295098039215687
hexane:20,hexane:0.09,hexane,0.09,primary,grouped_cv,4,mean,0.3399999999999999,1.3295098039215687
hexane:21,hexane:0.09,hexane,0.09,primary,grouped_cv,4,mean,0.3199999999999999,1.3295098039215687
hexane:22,hexane:0.09,hexane,0.09,primary,grouped_cv,4,mean,0.3299999999999999,1.3295098039215687
hexane:35,hexane:0.5,hexane,0.5,primary,grouped_cv,4,mean,0.77,1.3295098039215687
hexane:36,hexane:0.5,hexane,0.5,primary,grouped_cv,4,mean,0.78,1.3295098039215687
hexane:37,hexane:0.5,hexane,0.5,primary,grouped_cv,4,mean,0.79,1.3295098039215687
toluene:23,toluene:0.01,toluene,0.01,primary,grouped_cv,4,mean,0.3,1.3295098039215687
toluene:24,toluene:0.01,toluene,0.01,primary,grouped_cv,4,mean,0.31,1.3295098039215687
toluene:25,toluene:0.01,toluene,0.01,primary,grouped_cv,4,mean,0.24,1.3295098039215687
toluene:32,toluene:0.05,toluene,0.05,primary,grouped_cv,4,mean,0.3,1.3295098039215687
toluene:33,toluene:0.05,toluene,0.05,primary,grouped_cv,4,mean,0.25,1.3295098039215687
toluene:34,toluene:0.05,toluene,0.05,primary,grouped_cv,4,mean,0.31,1.3295098039215687
ethyl_acetate:23,ethyl_acetate:2,ethyl_acetate,2.0,primary,grouped_cv,4,mean,0.99,1.3295098039215687
ethyl_acetate:24,ethyl_acetate:2,ethyl_acetate,2.0,primary,grouped_cv,4,mean,1.0299999999999998,1.3295098039215687
ethyl_acetate:25,ethyl_acetate:2,ethyl_acetate,2.0,primary,grouped_cv,4,mean,1.0699999999999998,1.3295098039215687
ethyl_acetate:29,ethyl_acetate:5,ethyl_acetate,5.0,primary,grouped_cv,4,mean,1.5699999999999998,1.3295098039215687
ethyl_acetate:30,ethyl_acetate:5,ethyl_acetate,5.0,primary,grouped_cv,4,mean,1.26,1.3295098039215687
ethyl_acetate:31,ethyl_acetate:5,ethyl_acetate,5.0,primary,grouped_cv,4,mean,1.34,1.3295098039215687
hexane:14,hexane:0.07,hexane,0.07,primary,grouped_cv,4,ridge_raw,0.13,2.204938591619296
hexane:15,hexane:0.07,hexane,0.07,primary,grouped_cv,4,ridge_raw,0.1499999999999999,2.204938591619296
hexane:16,hexane:0.07,hexane,0.07,primary,grouped_cv,4,ridge_raw,0.1399999999999999,2.204938591619296
hexane:17,hexane:0.07,hexane,0.07,primary,grouped_cv,4,ridge_raw,0.23,2.204938591619296
hexane:18,hexane:0.07,hexane,0.07,primary,grouped_cv,4,ridge_raw,0.21,2.204938591619296
hexane:19,hexane:0.07,hexane,0.07,primary,grouped_cv,4,ridge_raw,0.2199999999999999,2.204938591619296
hexane:20,hexane:0.09,hexane,0.09,primary,grouped_cv,4,ridge_raw,0.3399999999999999,2.2054227919955087
hexane:21,hexane:0.09,hexane,0.09,primary,grouped_cv,4,ridge_raw,0.3199999999999999,2.2054227919955087
hexane:22,hexane:0.09,hexane,0.09,primary,grouped_cv,4,ridge_raw,0.3299999999999999,2.2054227919955087
hexane:35,hexane:0.5,hexane,0.5,primary,grouped_cv,4,ridge_raw,0.77,2.21534889970787
hexane:36,hexane:0.5,hexane,0.5,primary,grouped_cv,4,ridge_raw,0.78,2.21534889970787
hexane:37,hexane:0.5,hexane,0.5,primary,grouped_cv,4,ridge_raw,0.79,2.21534889970787
toluene:23,toluene:0.01,toluene,0.01,primary,grouped_cv,4,ridge_raw,0.3,0.0
toluene:24,toluene:0.01,toluene,0.01,primary,grouped_cv,4,ridge_raw,0.31,0.0
toluene:25,toluene:0.01,toluene,0.01,primary,grouped_cv,4,ridge_raw,0.24,0.0
toluene:32,toluene:0.05,toluene,0.05,primary,grouped_cv,4,ridge_raw,0.3,0.0
toluene:33,toluene:0.05,toluene,0.05,primary,grouped_cv,4,ridge_raw,0.25,0.0
toluene:34,toluene:0.05,toluene,0.05,primary,grouped_cv,4,ridge_raw,0.31,0.0
ethyl_acetate:23,ethyl_acetate:2,ethyl_acetate,2.0,primary,grouped_cv,4,ridge_raw,0.99,0.9870707796195688
ethyl_acetate:24,ethyl_acetate:2,ethyl_acetate,2.0,primary,grouped_cv,4,ridge_raw,1.0299999999999998,0.9870707796195688
ethyl_acetate:25,ethyl_acetate:2,ethyl_acetate,2.0,primary,grouped_cv,4,ridge_raw,1.0699999999999998,0.9870707796195688
ethyl_acetate:29,ethyl_acetate:5,ethyl_acetate,5.0,primary,grouped_cv,4,ridge_raw,1.5699999999999998,1.059700836051483
ethyl_acetate:30,ethyl_acetate:5,ethyl_acetate,5.0,primary,grouped_cv,4,ridge_raw,1.26,1.059700836051483
ethyl_acetate:31,ethyl_acetate:5,ethyl_acetate,5.0,primary,grouped_cv,4,ridge_raw,1.34,1.059700836051483
hexane:14,hexane:0.07,hexane,0.07,primary,grouped_cv,4,ridge_log_interactions,0.13,1.027599792999665
hexane:15,hexane:0.07,hexane,0.07,primary,grouped_cv,4,ridge_log_interactions,0.1499999999999999,1.027599792999665
hexane:16,hexane:0.07,hexane,0.07,primary,grouped_cv,4,ridge_log_interactions,0.1399999999999999,1.027599792999665
hexane:17,hexane:0.07,hexane,0.07,primary,grouped_cv,4,ridge_log_interactions,0.23,1.027599792999665
hexane:18,hexane:0.07,hexane,0.07,primary,grouped_cv,4,ridge_log_interactions,0.21,1.027599792999665
hexane:19,hexane:0.07,hexane,0.07,primary,grouped_cv,4,ridge_log_interactions,0.2199999999999999,1.027599792999665
hexane:20,hexane:0.09,hexane,0.09,primary,grouped_cv,4,ridge_log_interactions,0.3399999999999999,1.0643187110309769
hexane:21,hexane:0.09,hexane,0.09,primary,grouped_cv,4,ridge_log_interactions,0.3199999999999999,1.0643187110309769
hexane:22,hexane:0.09,hexane,0.09,primary,grouped_cv,4,ridge_log_interactions,0.3299999999999999,1.0643187110309769
hexane:35,hexane:0.5,hexane,0.5,primary,grouped_cv,4,ridge_log_interactions,0.77,1.6973905866551122
hexane:36,hexane:0.5,hexane,0.5,primary,grouped_cv,4,ridge_log_interactions,0.78,1.6973905866551122
hexane:37,hexane:0.5,hexane,0.5,primary,grouped_cv,4,ridge_log_interactions,0.79,1.6973905866551122
toluene:23,toluene:0.01,toluene,0.01,primary,grouped_cv,4,ridge_log_interactions,0.3,0.0
toluene:24,toluene:0.01,toluene,0.01,primary,grouped_cv,4,ridge_log_interactions,0.31,0.0
toluene:25,toluene:0.01,toluene,0.01,primary,grouped_cv,4,ridge_log_interactions,0.24,0.0
toluene:32,toluene:0.05,toluene,0.05,primary,grouped_cv,4,ridge_log_interactions,0.3,0.0
toluene:33,toluene:0.05,toluene,0.05,primary,grouped_cv,4,ridge_log_interactions,0.25,0.0
toluene:34,toluene:0.05,toluene,0.05,primary,grouped_cv,4,ridge_log_interactions,0.31,0.0
ethyl_acetate:23,ethyl_acetate:2,ethyl_acetate,2.0,primary,grouped_cv,4,ridge_log_interactions,0.99,0.9525882690085204
ethyl_acetate:24,ethyl_acetate:2,ethyl_acetate,2.0,primary,grouped_cv,4,ridge_log_interactions,1.0299999999999998,0.9525882690085204
ethyl_acetate:25,ethyl_acetate:2,ethyl_acetate,2.0,primary,grouped_cv,4,ridge_log_interactions,1.0699999999999998,0.9525882690085204
ethyl_acetate:29,ethyl_acetate:5,ethyl_acetate,5.0,primary,grouped_cv,4,ridge_log_interactions,1.5699999999999998,1.0059194268062086
ethyl_acetate:30,ethyl_acetate:5,ethyl_acetate,5.0,primary,grouped_cv,4,ridge_log_interactions,1.26,1.0059194268062086
ethyl_acetate:31,ethyl_acetate:5,ethyl_acetate,5.0,primary,grouped_cv,4,ridge_log_interactions,1.34,1.0059194268062086
hexane:14,hexane:0.07,hexane,0.07,primary,grouped_cv,4,rf_raw,0.13,0.1581570503842563
hexane:15,hexane:0.07,hexane,0.07,primary,grouped_cv,4,rf_raw,0.1499999999999999,0.1581570503842563
hexane:16,hexane:0.07,hexane,0.07,primary,grouped_cv,4,rf_raw,0.1399999999999999,0.1581570503842563
hexane:17,hexane:0.07,hexane,0.07,primary,grouped_cv,4,rf_raw,0.23,0.1581570503842563
hexane:18,hexane:0.07,hexane,0.07,primary,grouped_cv,4,rf_raw,0.21,0.1581570503842563
hexane:19,hexane:0.07,hexane,0.07,primary,grouped_cv,4,rf_raw,0.2199999999999999,0.1581570503842563
hexane:20,hexane:0.09,hexane,0.09,primary,grouped_cv,4,rf_raw,0.3399999999999999,0.3611585059385058
hexane:21,hexane:0.09,hexane,0.09,primary,grouped_cv,4,rf_raw,0.3199999999999999,0.3611585059385058
hexane:22,hexane:0.09,hexane,0.09,primary,grouped_cv,4,rf_raw,0.3299999999999999,0.3611585059385058
hexane:35,hexane:0.5,hexane,0.5,primary,grouped_cv,4,rf_raw,0.77,1.2839132738095242
hexane:36,hexane:0.5,hexane,0.5,primary,grouped_cv,4,rf_raw,0.78,1.2839132738095242
hexane:37,hexane:0.5,hexane,0.5,primary,grouped_cv,4,rf_raw,0.79,1.2839132738095242
toluene:23,toluene:0.01,toluene,0.01,primary,grouped_cv,4,rf_raw,0.3,0.1086964790764791
toluene:24,toluene:0.01,toluene,0.01,primary,grouped_cv,4,rf_raw,0.31,0.1086964790764791
toluene:25,toluene:0.01,toluene,0.01,primary,grouped_cv,4,rf_raw,0.24,0.1086964790764791
toluene:32,toluene:0.05,toluene,0.05,primary,grouped_cv,4,rf_raw,0.3,0.1683064749874308
toluene:33,toluene:0.05,toluene,0.05,primary,grouped_cv,4,rf_raw,0.25,0.1683064749874308
toluene:34,toluene:0.05,toluene,0.05,primary,grouped_cv,4,rf_raw,0.31,0.1683064749874308
ethyl_acetate:23,ethyl_acetate:2,ethyl_acetate,2.0,primary,grouped_cv,4,rf_raw,0.99,1.5812106944444444
ethyl_acetate:24,ethyl_acetate:2,ethyl_acetate,2.0,primary,grouped_cv,4,rf_raw,1.0299999999999998,1.5812106944444444
ethyl_acetate:25,ethyl_acetate:2,ethyl_acetate,2.0,primary,grouped_cv,4,rf_raw,1.0699999999999998,1.5812106944444444
ethyl_acetate:29,ethyl_acetate:5,ethyl_acetate,5.0,primary,grouped_cv,4,rf_raw,1.5699999999999998,1.766301349206349
ethyl_acetate:30,ethyl_acetate:5,ethyl_acetate,5.0,primary,grouped_cv,4,rf_raw,1.26,1.766301349206349
ethyl_acetate:31,ethyl_acetate:5,ethyl_acetate,5.0,primary,grouped_cv,4,rf_raw,1.34,1.766301349206349
hexane:14,hexane:0.07,hexane,0.07,primary,grouped_cv,4,rf_log_interactions,0.13,0.1575431062728121
hexane:15,hexane:0.07,hexane,0.07,primary,grouped_cv,4,rf_log_interactions,0.1499999999999999,0.1575431062728121
hexane:16,hexane:0.07,hexane,0.07,primary,grouped_cv,4,rf_log_interactions,0.1399999999999999,0.1575431062728121
hexane:17,hexane:0.07,hexane,0.07,primary,grouped_cv,4,rf_log_interactions,0.23,0.1575431062728121
hexane:18,hexane:0.07,hexane,0.07,primary,grouped_cv,4,rf_log_interactions,0.21,0.1575431062728121
hexane:19,hexane:0.07,hexane,0.07,primary,grouped_cv,4,rf_log_interactions,0.2199999999999999,0.1575431062728121
hexane:20,hexane:0.09,hexane,0.09,primary,grouped_cv,4,rf_log_interactions,0.3399999999999999,0.3626252573815072
hexane:21,hexane:0.09,hexane,0.09,primary,grouped_cv,4,rf_log_interactions,0.3199999999999999,0.3626252573815072
hexane:22,hexane:0.09,hexane,0.09,primary,grouped_cv,4,rf_log_interactions,0.3299999999999999,0.3626252573815072
hexane:35,hexane:0.5,hexane,0.5,primary,grouped_cv,4,rf_log_interactions,0.77,1.4917098015873025
hexane:36,hexane:0.5,hexane,0.5,primary,grouped_cv,4,rf_log_interactions,0.78,1.4917098015873025
hexane:37,hexane:0.5,hexane,0.5,primary,grouped_cv,4,rf_log_interactions,0.79,1.4917098015873025
toluene:23,toluene:0.01,toluene,0.01,primary,grouped_cv,4,rf_log_interactions,0.3,0.0935397150072149
toluene:24,toluene:0.01,toluene,0.01,primary,grouped_cv,4,rf_log_interactions,0.31,0.0935397150072149
toluene:25,toluene:0.01,toluene,0.01,primary,grouped_cv,4,rf_log_interactions,0.24,0.0935397150072149
toluene:32,toluene:0.05,toluene,0.05,primary,grouped_cv,4,rf_log_interactions,0.3,0.2062812229437228
toluene:33,toluene:0.05,toluene,0.05,primary,grouped_cv,4,rf_log_interactions,0.25,0.2062812229437228
toluene:34,toluene:0.05,toluene,0.05,primary,grouped_cv,4,rf_log_interactions,0.31,0.2062812229437228
ethyl_acetate:23,ethyl_acetate:2,ethyl_acetate,2.0,primary,grouped_cv,4,rf_log_interactions,0.99,1.2213922265234762
ethyl_acetate:24,ethyl_acetate:2,ethyl_acetate,2.0,primary,grouped_cv,4,rf_log_interactions,1.0299999999999998,1.2213922265234762
ethyl_acetate:25,ethyl_acetate:2,ethyl_acetate,2.0,primary,grouped_cv,4,rf_log_interactions,1.0699999999999998,1.2213922265234762
ethyl_acetate:29,ethyl_acetate:5,ethyl_acetate,5.0,primary,grouped_cv,4,rf_log_interactions,1.5699999999999998,1.335256027028526
ethyl_acetate:30,ethyl_acetate:5,ethyl_acetate,5.0,primary,grouped_cv,4,rf_log_interactions,1.26,1.335256027028526
ethyl_acetate:31,ethyl_acetate:5,ethyl_acetate,5.0,primary,grouped_cv,4,rf_log_interactions,1.34,1.335256027028526
hexane:2,hexane:0.02,hexane,0.02,primary,grouped_cv,5,mean,0.0399999999999999,1.193235294117647
hexane:3,hexane:0.02,hexane,0.02,primary,grouped_cv,5,mean,0.0599999999999999,1.193235294117647
hexane:4,hexane:0.02,hexane,0.02,primary,grouped_cv,5,mean,0.0499999999999999,1.193235294117647
hexane:5,hexane:0.02,hexane,0.02,primary,grouped_cv,5,mean,0.0899999999999999,1.193235294117647
hexane:6,hexane:0.02,hexane,0.02,primary,grouped_cv,5,mean,0.1099999999999999,1.193235294117647
hexane:7,hexane:0.02,hexane,0.02,primary,grouped_cv,5,mean,0.09,1.193235294117647
hexane:29,hexane:0.15,hexane,0.15,primary,grouped_cv,5,mean,0.5,1.193235294117647
hexane:30,hexane:0.15,hexane,0.15,primary,grouped_cv,5,mean,0.52,1.193235294117647
hexane:31,hexane:0.15,hexane,0.15,primary,grouped_cv,5,mean,0.48,1.193235294117647
hexane:38,hexane:1,hexane,1.0,primary,grouped_cv,5,mean,1.42,1.193235294117647
hexane:39,hexane:1,hexane,1.0,primary,grouped_cv,5,mean,1.42,1.193235294117647
hexane:40,hexane:1,hexane,1.0,primary,grouped_cv,5,mean,1.44,1.193235294117647
hexane:53,hexane:5,hexane,5.0,primary,grouped_cv,5,mean,5.890000000000001,1.193235294117647
hexane:54,hexane:5,hexane,5.0,primary,grouped_cv,5,mean,5.9,1.193235294117647
hexane:55,hexane:5,hexane,5.0,primary,grouped_cv,5,mean,6.0,1.193235294117647
toluene:20,toluene:0.005,toluene,0.005,primary,grouped_cv,5,mean,0.09,1.193235294117647
toluene:21,toluene:0.005,toluene,0.005,primary,grouped_cv,5,mean,0.1,1.193235294117647
toluene:22,toluene:0.005,toluene,0.005,primary,grouped_cv,5,mean,0.09,1.193235294117647
toluene:38,toluene:0.25,toluene,0.25,primary,grouped_cv,5,mean,0.26,1.193235294117647
toluene:39,toluene:0.25,toluene,0.25,primary,grouped_cv,5,mean,0.31,1.193235294117647
toluene:40,toluene:0.25,toluene,0.25,primary,grouped_cv,5,mean,0.39,1.193235294117647
ethyl_acetate:5,ethyl_acetate:0.15,ethyl_acetate,0.15,primary,grouped_cv,5,mean,0.6699999999999999,1.193235294117647
ethyl_acetate:6,ethyl_acetate:0.15,ethyl_acetate,0.15,primary,grouped_cv,5,mean,0.6499999999999999,1.193235294117647
ethyl_acetate:7,ethyl_acetate:0.15,ethyl_acetate,0.15,primary,grouped_cv,5,mean,0.71,1.193235294117647
hexane:2,hexane:0.02,hexane,0.02,primary,grouped_cv,5,ridge_raw,0.0399999999999999,1.9247811009650264
hexane:3,hexane:0.02,hexane,0.02,primary,grouped_cv,5,ridge_raw,0.0599999999999999,1.9247811009650264
hexane:4,hexane:0.02,hexane,0.02,primary,grouped_cv,5,ridge_raw,0.0499999999999999,1.9247811009650264
hexane:5,hexane:0.02,hexane,0.02,primary,grouped_cv,5,ridge_raw,0.0899999999999999,1.9247811009650264
hexane:6,hexane:0.02,hexane,0.02,primary,grouped_cv,5,ridge_raw,0.1099999999999999,1.9247811009650264
hexane:7,hexane:0.02,hexane,0.02,primary,grouped_cv,5,ridge_raw,0.09,1.9247811009650264
hexane:29,hexane:0.15,hexane,0.15,primary,grouped_cv,5,ridge_raw,0.5,1.9275676547164369
hexane:30,hexane:0.15,hexane,0.15,primary,grouped_cv,5,ridge_raw,0.52,1.9275676547164369
hexane:31,hexane:0.15,hexane,0.15,primary,grouped_cv,5,ridge_raw,0.48,1.9275676547164369
hexane:38,hexane:1,hexane,1.0,primary,grouped_cv,5,ridge_raw,1.42,1.9457874292448876
hexane:39,hexane:1,hexane,1.0,primary,grouped_cv,5,ridge_raw,1.42,1.9457874292448876
hexane:40,hexane:1,hexane,1.0,primary,grouped_cv,5,ridge_raw,1.44,1.9457874292448876
hexane:53,hexane:5,hexane,5.0,primary,grouped_cv,5,ridge_raw,5.890000000000001,2.0315275446728918
hexane:54,hexane:5,hexane,5.0,primary,grouped_cv,5,ridge_raw,5.9,2.0315275446728918
hexane:55,hexane:5,hexane,5.0,primary,grouped_cv,5,ridge_raw,6.0,2.0315275446728918
toluene:20,toluene:0.005,toluene,0.005,primary,grouped_cv,5,ridge_raw,0.09,0.0
toluene:21,toluene:0.005,toluene,0.005,primary,grouped_cv,5,ridge_raw,0.1,0.0
toluene:22,toluene:0.005,toluene,0.005,primary,grouped_cv,5,ridge_raw,0.09,0.0
toluene:38,toluene:0.25,toluene,0.25,primary,grouped_cv,5,ridge_raw,0.26,0.0
toluene:39,toluene:0.25,toluene,0.25,primary,grouped_cv,5,ridge_raw,0.31,0.0
toluene:40,toluene:0.25,toluene,0.25,primary,grouped_cv,5,ridge_raw,0.39,0.0
ethyl_acetate:5,ethyl_acetate:0.15,ethyl_acetate,0.15,primary,grouped_cv,5,ridge_raw,0.6699999999999999,0.999450924499195
ethyl_acetate:6,ethyl_acetate:0.15,ethyl_acetate,0.15,primary,grouped_cv,5,ridge_raw,0.6499999999999999,0.999450924499195
ethyl_acetate:7,ethyl_acetate:0.15,ethyl_acetate,0.15,primary,grouped_cv,5,ridge_raw,0.71,0.999450924499195
hexane:2,hexane:0.02,hexane,0.02,primary,grouped_cv,5,ridge_log_interactions,0.0399999999999999,0.8821350951912769
hexane:3,hexane:0.02,hexane,0.02,primary,grouped_cv,5,ridge_log_interactions,0.0599999999999999,0.8821350951912769
hexane:4,hexane:0.02,hexane,0.02,primary,grouped_cv,5,ridge_log_interactions,0.0499999999999999,0.8821350951912769
hexane:5,hexane:0.02,hexane,0.02,primary,grouped_cv,5,ridge_log_interactions,0.0899999999999999,0.8821350951912769
hexane:6,hexane:0.02,hexane,0.02,primary,grouped_cv,5,ridge_log_interactions,0.1099999999999999,0.8821350951912769
hexane:7,hexane:0.02,hexane,0.02,primary,grouped_cv,5,ridge_log_interactions,0.09,0.8821350951912769
hexane:29,hexane:0.15,hexane,0.15,primary,grouped_cv,5,ridge_log_interactions,0.5,1.1083032334078036
hexane:30,hexane:0.15,hexane,0.15,primary,grouped_cv,5,ridge_log_interactions,0.52,1.1083032334078036
hexane:31,hexane:0.15,hexane,0.15,primary,grouped_cv,5,ridge_log_interactions,0.48,1.1083032334078036
hexane:38,hexane:1,hexane,1.0,primary,grouped_cv,5,ridge_log_interactions,1.42,2.151641209740534
hexane:39,hexane:1,hexane,1.0,primary,grouped_cv,5,ridge_log_interactions,1.42,2.151641209740534
hexane:40,hexane:1,hexane,1.0,primary,grouped_cv,5,ridge_log_interactions,1.44,2.151641209740534
hexane:53,hexane:5,hexane,5.0,primary,grouped_cv,5,ridge_log_interactions,5.890000000000001,4.222935929840219
hexane:54,hexane:5,hexane,5.0,primary,grouped_cv,5,ridge_log_interactions,5.9,4.222935929840219
hexane:55,hexane:5,hexane,5.0,primary,grouped_cv,5,ridge_log_interactions,6.0,4.222935929840219
toluene:20,toluene:0.005,toluene,0.005,primary,grouped_cv,5,ridge_log_interactions,0.09,0.0
toluene:21,toluene:0.005,toluene,0.005,primary,grouped_cv,5,ridge_log_interactions,0.1,0.0
toluene:22,toluene:0.005,toluene,0.005,primary,grouped_cv,5,ridge_log_interactions,0.09,0.0
toluene:38,toluene:0.25,toluene,0.25,primary,grouped_cv,5,ridge_log_interactions,0.26,0.0
toluene:39,toluene:0.25,toluene,0.25,primary,grouped_cv,5,ridge_log_interactions,0.31,0.0
toluene:40,toluene:0.25,toluene,0.25,primary,grouped_cv,5,ridge_log_interactions,0.39,0.0
ethyl_acetate:5,ethyl_acetate:0.15,ethyl_acetate,0.15,primary,grouped_cv,5,ridge_log_interactions,0.6699999999999999,0.9409161151918286
ethyl_acetate:6,ethyl_acetate:0.15,ethyl_acetate,0.15,primary,grouped_cv,5,ridge_log_interactions,0.6499999999999999,0.9409161151918286
ethyl_acetate:7,ethyl_acetate:0.15,ethyl_acetate,0.15,primary,grouped_cv,5,ridge_log_interactions,0.71,0.9409161151918286
hexane:2,hexane:0.02,hexane,0.02,primary,grouped_cv,5,rf_raw,0.0399999999999999,0.1570061417748918
hexane:3,hexane:0.02,hexane,0.02,primary,grouped_cv,5,rf_raw,0.0599999999999999,0.1570061417748918
hexane:4,hexane:0.02,hexane,0.02,primary,grouped_cv,5,rf_raw,0.0499999999999999,0.1570061417748918
hexane:5,hexane:0.02,hexane,0.02,primary,grouped_cv,5,rf_raw,0.0899999999999999,0.1570061417748918
hexane:6,hexane:0.02,hexane,0.02,primary,grouped_cv,5,rf_raw,0.1099999999999999,0.1570061417748918
hexane:7,hexane:0.02,hexane,0.02,primary,grouped_cv,5,rf_raw,0.09,0.1570061417748918
hexane:29,hexane:0.15,hexane,0.15,primary,grouped_cv,5,rf_raw,0.5,0.3507813383838384
hexane:30,hexane:0.15,hexane,0.15,primary,grouped_cv,5,rf_raw,0.52,0.3507813383838384
hexane:31,hexane:0.15,hexane,0.15,primary,grouped_cv,5,rf_raw,0.48,0.3507813383838384
hexane:38,hexane:1,hexane,1.0,primary,grouped_cv,5,rf_raw,1.42,0.7308788888888897
hexane:39,hexane:1,hexane,1.0,primary,grouped_cv,5,rf_raw,1.42,0.7308788888888897
hexane:40,hexane:1,hexane,1.0,primary,grouped_cv,5,rf_raw,1.44,0.7308788888888897
hexane:53,hexane:5,hexane,5.0,primary,grouped_cv,5,rf_raw,5.890000000000001,4.00292520382395
hexane:54,hexane:5,hexane,5.0,primary,grouped_cv,5,rf_raw,5.9,4.00292520382395
hexane:55,hexane:5,hexane,5.0,primary,grouped_cv,5,rf_raw,6.0,4.00292520382395
toluene:20,toluene:0.005,toluene,0.005,primary,grouped_cv,5,rf_raw,0.09,0.1697031547619048
toluene:21,toluene:0.005,toluene,0.005,primary,grouped_cv,5,rf_raw,0.1,0.1697031547619048
toluene:22,toluene:0.005,toluene,0.005,primary,grouped_cv,5,rf_raw,0.09,0.1697031547619048
toluene:38,toluene:0.25,toluene,0.25,primary,grouped_cv,5,rf_raw,0.26,0.6026887012987014
toluene:39,toluene:0.25,toluene,0.25,primary,grouped_cv,5,rf_raw,0.31,0.6026887012987014
toluene:40,toluene:0.25,toluene,0.25,primary,grouped_cv,5,rf_raw,0.39,0.6026887012987014
ethyl_acetate:5,ethyl_acetate:0.15,ethyl_acetate,0.15,primary,grouped_cv,5,rf_raw,0.6699999999999999,0.4101527253302254
ethyl_acetate:6,ethyl_acetate:0.15,ethyl_acetate,0.15,primary,grouped_cv,5,rf_raw,0.6499999999999999,0.4101527253302254
ethyl_acetate:7,ethyl_acetate:0.15,ethyl_acetate,0.15,primary,grouped_cv,5,rf_raw,0.71,0.4101527253302254
hexane:2,hexane:0.02,hexane,0.02,primary,grouped_cv,5,rf_log_interactions,0.0399999999999999,0.1915332124819624
hexane:3,hexane:0.02,hexane,0.02,primary,grouped_cv,5,rf_log_interactions,0.0599999999999999,0.1915332124819624
hexane:4,hexane:0.02,hexane,0.02,primary,grouped_cv,5,rf_log_interactions,0.0499999999999999,0.1915332124819624
hexane:5,hexane:0.02,hexane,0.02,primary,grouped_cv,5,rf_log_interactions,0.0899999999999999,0.1915332124819624
hexane:6,hexane:0.02,hexane,0.02,primary,grouped_cv,5,rf_log_interactions,0.1099999999999999,0.1915332124819624
hexane:7,hexane:0.02,hexane,0.02,primary,grouped_cv,5,rf_log_interactions,0.09,0.1915332124819624
hexane:29,hexane:0.15,hexane,0.15,primary,grouped_cv,5,rf_log_interactions,0.5,0.3493240762015762
hexane:30,hexane:0.15,hexane,0.15,primary,grouped_cv,5,rf_log_interactions,0.52,0.3493240762015762
hexane:31,hexane:0.15,hexane,0.15,primary,grouped_cv,5,rf_log_interactions,0.48,0.3493240762015762
hexane:38,hexane:1,hexane,1.0,primary,grouped_cv,5,rf_log_interactions,1.42,2.2121049891774858
hexane:39,hexane:1,hexane,1.0,primary,grouped_cv,5,rf_log_interactions,1.42,2.2121049891774858
hexane:40,hexane:1,hexane,1.0,primary,grouped_cv,5,rf_log_interactions,1.44,2.2121049891774858
hexane:53,hexane:5,hexane,5.0,primary,grouped_cv,5,rf_log_interactions,5.890000000000001,8.485800912698407
hexane:54,hexane:5,hexane,5.0,primary,grouped_cv,5,rf_log_interactions,5.9,8.485800912698407
hexane:55,hexane:5,hexane,5.0,primary,grouped_cv,5,rf_log_interactions,6.0,8.485800912698407
toluene:20,toluene:0.005,toluene,0.005,primary,grouped_cv,5,rf_log_interactions,0.09,0.1703864880952382
toluene:21,toluene:0.005,toluene,0.005,primary,grouped_cv,5,rf_log_interactions,0.1,0.1703864880952382
toluene:22,toluene:0.005,toluene,0.005,primary,grouped_cv,5,rf_log_interactions,0.09,0.1703864880952382
toluene:38,toluene:0.25,toluene,0.25,primary,grouped_cv,5,rf_log_interactions,0.26,0.6876495802808301
toluene:39,toluene:0.25,toluene,0.25,primary,grouped_cv,5,rf_log_interactions,0.31,0.6876495802808301
toluene:40,toluene:0.25,toluene,0.25,primary,grouped_cv,5,rf_log_interactions,0.39,0.6876495802808301
ethyl_acetate:5,ethyl_acetate:0.15,ethyl_acetate,0.15,primary,grouped_cv,5,rf_log_interactions,0.6699999999999999,0.3641229327616828
ethyl_acetate:6,ethyl_acetate:0.15,ethyl_acetate,0.15,primary,grouped_cv,5,rf_log_interactions,0.6499999999999999,0.3641229327616828
ethyl_acetate:7,ethyl_acetate:0.15,ethyl_acetate,0.15,primary,grouped_cv,5,rf_log_interactions,0.71,0.3641229327616828
ethyl_acetate:2,ethyl_acetate:0.1,ethyl_acetate,0.1,primary,leave_one_solvent_out,ethyl_acetate,mean,0.53,1.2460215053763444
ethyl_acetate:3,ethyl_acetate:0.1,ethyl_acetate,0.1,primary,leave_one_solvent_out,ethyl_acetate,mean,0.54,1.2460215053763444
ethyl_acetate:4,ethyl_acetate:0.1,ethyl_acetate,0.1,primary,leave_one_solvent_out,ethyl_acetate,mean,0.54,1.2460215053763444
ethyl_acetate:5,ethyl_acetate:0.15,ethyl_acetate,0.15,primary,leave_one_solvent_out,ethyl_acetate,mean,0.6699999999999999,1.2460215053763444
ethyl_acetate:6,ethyl_acetate:0.15,ethyl_acetate,0.15,primary,leave_one_solvent_out,ethyl_acetate,mean,0.6499999999999999,1.2460215053763444
ethyl_acetate:7,ethyl_acetate:0.15,ethyl_acetate,0.15,primary,leave_one_solvent_out,ethyl_acetate,mean,0.71,1.2460215053763444
ethyl_acetate:8,ethyl_acetate:0.25,ethyl_acetate,0.25,primary,leave_one_solvent_out,ethyl_acetate,mean,0.7200000000000001,1.2460215053763444
ethyl_acetate:9,ethyl_acetate:0.25,ethyl_acetate,0.25,primary,leave_one_solvent_out,ethyl_acetate,mean,0.7700000000000001,1.2460215053763444
ethyl_acetate:10,ethyl_acetate:0.25,ethyl_acetate,0.25,primary,leave_one_solvent_out,ethyl_acetate,mean,0.7000000000000001,1.2460215053763444
ethyl_acetate:11,ethyl_acetate:0.5,ethyl_acetate,0.5,primary,leave_one_solvent_out,ethyl_acetate,mean,1.27,1.2460215053763444
ethyl_acetate:12,ethyl_acetate:0.5,ethyl_acetate,0.5,primary,leave_one_solvent_out,ethyl_acetate,mean,1.23,1.2460215053763444
ethyl_acetate:13,ethyl_acetate:0.5,ethyl_acetate,0.5,primary,leave_one_solvent_out,ethyl_acetate,mean,1.17,1.2460215053763444
ethyl_acetate:14,ethyl_acetate:0.1,ethyl_acetate,0.1,primary,leave_one_solvent_out,ethyl_acetate,mean,0.26,1.2460215053763444
ethyl_acetate:15,ethyl_acetate:0.1,ethyl_acetate,0.1,primary,leave_one_solvent_out,ethyl_acetate,mean,0.31,1.2460215053763444
ethyl_acetate:16,ethyl_acetate:0.1,ethyl_acetate,0.1,primary,leave_one_solvent_out,ethyl_acetate,mean,0.33,1.2460215053763444
ethyl_acetate:17,ethyl_acetate:0.25,ethyl_acetate,0.25,primary,leave_one_solvent_out,ethyl_acetate,mean,0.5,1.2460215053763444
ethyl_acetate:18,ethyl_acetate:0.25,ethyl_acetate,0.25,primary,leave_one_solvent_out,ethyl_acetate,mean,0.62,1.2460215053763444
ethyl_acetate:19,ethyl_acetate:0.25,ethyl_acetate,0.25,primary,leave_one_solvent_out,ethyl_acetate,mean,0.54,1.2460215053763444
ethyl_acetate:20,ethyl_acetate:1,ethyl_acetate,1.0,primary,leave_one_solvent_out,ethyl_acetate,mean,0.68,1.2460215053763444
ethyl_acetate:21,ethyl_acetate:1,ethyl_acetate,1.0,primary,leave_one_solvent_out,ethyl_acetate,mean,0.68,1.2460215053763444
ethyl_acetate:22,ethyl_acetate:1,ethyl_acetate,1.0,primary,leave_one_solvent_out,ethyl_acetate,mean,0.62,1.2460215053763444
ethyl_acetate:23,ethyl_acetate:2,ethyl_acetate,2.0,primary,leave_one_solvent_out,ethyl_acetate,mean,0.99,1.2460215053763444
ethyl_acetate:24,ethyl_acetate:2,ethyl_acetate,2.0,primary,leave_one_solvent_out,ethyl_acetate,mean,1.0299999999999998,1.2460215053763444
ethyl_acetate:25,ethyl_acetate:2,ethyl_acetate,2.0,primary,leave_one_solvent_out,ethyl_acetate,mean,1.0699999999999998,1.2460215053763444
ethyl_acetate:26,ethyl_acetate:3,ethyl_acetate,3.0,primary,leave_one_solvent_out,ethyl_acetate,mean,1.28,1.2460215053763444
ethyl_acetate:27,ethyl_acetate:3,ethyl_acetate,3.0,primary,leave_one_solvent_out,ethyl_acetate,mean,1.25,1.2460215053763444
ethyl_acetate:28,ethyl_acetate:3,ethyl_acetate,3.0,primary,leave_one_solvent_out,ethyl_acetate,mean,1.1,1.2460215053763444
ethyl_acetate:29,ethyl_acetate:5,ethyl_acetate,5.0,primary,leave_one_solvent_out,ethyl_acetate,mean,1.5699999999999998,1.2460215053763444
ethyl_acetate:30,ethyl_acetate:5,ethyl_acetate,5.0,primary,leave_one_solvent_out,ethyl_acetate,mean,1.26,1.2460215053763444
ethyl_acetate:31,ethyl_acetate:5,ethyl_acetate,5.0,primary,leave_one_solvent_out,ethyl_acetate,mean,1.34,1.2460215053763444
ethyl_acetate:32,ethyl_acetate:10,ethyl_acetate,10.0,primary,leave_one_solvent_out,ethyl_acetate,mean,2.43,1.2460215053763444
ethyl_acetate:33,ethyl_acetate:10,ethyl_acetate,10.0,primary,leave_one_solvent_out,ethyl_acetate,mean,2.5700000000000003,1.2460215053763444
ethyl_acetate:34,ethyl_acetate:10,ethyl_acetate,10.0,primary,leave_one_solvent_out,ethyl_acetate,mean,3.18,1.2460215053763444
ethyl_acetate:2,ethyl_acetate:0.1,ethyl_acetate,0.1,primary,leave_one_solvent_out,ethyl_acetate,ridge_raw,0.53,0.186781100577831
ethyl_acetate:3,ethyl_acetate:0.1,ethyl_acetate,0.1,primary,leave_one_solvent_out,ethyl_acetate,ridge_raw,0.54,0.186781100577831
ethyl_acetate:4,ethyl_acetate:0.1,ethyl_acetate,0.1,primary,leave_one_solvent_out,ethyl_acetate,ridge_raw,0.54,0.186781100577831
ethyl_acetate:5,ethyl_acetate:0.15,ethyl_acetate,0.15,primary,leave_one_solvent_out,ethyl_acetate,ridge_raw,0.6699999999999999,0.1878204157249268
ethyl_acetate:6,ethyl_acetate:0.15,ethyl_acetate,0.15,primary,leave_one_solvent_out,ethyl_acetate,ridge_raw,0.6499999999999999,0.1878204157249268
ethyl_acetate:7,ethyl_acetate:0.15,ethyl_acetate,0.15,primary,leave_one_solvent_out,ethyl_acetate,ridge_raw,0.71,0.1878204157249268
ethyl_acetate:8,ethyl_acetate:0.25,ethyl_acetate,0.25,primary,leave_one_solvent_out,ethyl_acetate,ridge_raw,0.7200000000000001,0.1898990460191185
ethyl_acetate:9,ethyl_acetate:0.25,ethyl_acetate,0.25,primary,leave_one_solvent_out,ethyl_acetate,ridge_raw,0.7700000000000001,0.1898990460191185
ethyl_acetate:10,ethyl_acetate:0.25,ethyl_acetate,0.25,primary,leave_one_solvent_out,ethyl_acetate,ridge_raw,0.7000000000000001,0.1898990460191185
ethyl_acetate:11,ethyl_acetate:0.5,ethyl_acetate,0.5,primary,leave_one_solvent_out,ethyl_acetate,ridge_raw,1.27,0.195095621754598
ethyl_acetate:12,ethyl_acetate:0.5,ethyl_acetate,0.5,primary,leave_one_solvent_out,ethyl_acetate,ridge_raw,1.23,0.195095621754598
ethyl_acetate:13,ethyl_acetate:0.5,ethyl_acetate,0.5,primary,leave_one_solvent_out,ethyl_acetate,ridge_raw,1.17,0.195095621754598
ethyl_acetate:14,ethyl_acetate:0.1,ethyl_acetate,0.1,primary,leave_one_solvent_out,ethyl_acetate,ridge_raw,0.26,0.186781100577831
ethyl_acetate:15,ethyl_acetate:0.1,ethyl_acetate,0.1,primary,leave_one_solvent_out,ethyl_acetate,ridge_raw,0.31,0.186781100577831
ethyl_acetate:16,ethyl_acetate:0.1,ethyl_acetate,0.1,primary,leave_one_solvent_out,ethyl_acetate,ridge_raw,0.33,0.186781100577831
ethyl_acetate:17,ethyl_acetate:0.25,ethyl_acetate,0.25,primary,leave_one_solvent_out,ethyl_acetate,ridge_raw,0.5,0.1898990460191185
ethyl_acetate:18,ethyl_acetate:0.25,ethyl_acetate,0.25,primary,leave_one_solvent_out,ethyl_acetate,ridge_raw,0.62,0.1898990460191185
ethyl_acetate:19,ethyl_acetate:0.25,ethyl_acetate,0.25,primary,leave_one_solvent_out,ethyl_acetate,ridge_raw,0.54,0.1898990460191185
ethyl_acetate:20,ethyl_acetate:1,ethyl_acetate,1.0,primary,leave_one_solvent_out,ethyl_acetate,ridge_raw,0.68,0.2054887732255566
ethyl_acetate:21,ethyl_acetate:1,ethyl_acetate,1.0,primary,leave_one_solvent_out,ethyl_acetate,ridge_raw,0.68,0.2054887732255566
ethyl_acetate:22,ethyl_acetate:1,ethyl_acetate,1.0,primary,leave_one_solvent_out,ethyl_acetate,ridge_raw,0.62,0.2054887732255566
ethyl_acetate:23,ethyl_acetate:2,ethyl_acetate,2.0,primary,leave_one_solvent_out,ethyl_acetate,ridge_raw,0.99,0.2262750761674741
ethyl_acetate:24,ethyl_acetate:2,ethyl_acetate,2.0,primary,leave_one_solvent_out,ethyl_acetate,ridge_raw,1.0299999999999998,0.2262750761674741
ethyl_acetate:25,ethyl_acetate:2,ethyl_acetate,2.0,primary,leave_one_solvent_out,ethyl_acetate,ridge_raw,1.0699999999999998,0.2262750761674741
ethyl_acetate:26,ethyl_acetate:3,ethyl_acetate,3.0,primary,leave_one_solvent_out,ethyl_acetate,ridge_raw,1.28,0.2470613791093915
ethyl_acetate:27,ethyl_acetate:3,ethyl_acetate,3.0,primary,leave_one_solvent_out,ethyl_acetate,ridge_raw,1.25,0.2470613791093915
ethyl_acetate:28,ethyl_acetate:3,ethyl_acetate,3.0,primary,leave_one_solvent_out,ethyl_acetate,ridge_raw,1.1,0.2470613791093915
ethyl_acetate:29,ethyl_acetate:5,ethyl_acetate,5.0,primary,leave_one_solvent_out,ethyl_acetate,ridge_raw,1.5699999999999998,0.2886339849932262
ethyl_acetate:30,ethyl_acetate:5,ethyl_acetate,5.0,primary,leave_one_solvent_out,ethyl_acetate,ridge_raw,1.26,0.2886339849932262
ethyl_acetate:31,ethyl_acetate:5,ethyl_acetate,5.0,primary,leave_one_solvent_out,ethyl_acetate,ridge_raw,1.34,0.2886339849932262
ethyl_acetate:32,ethyl_acetate:10,ethyl_acetate,10.0,primary,leave_one_solvent_out,ethyl_acetate,ridge_raw,2.43,0.3925654997028132
ethyl_acetate:33,ethyl_acetate:10,ethyl_acetate,10.0,primary,leave_one_solvent_out,ethyl_acetate,ridge_raw,2.5700000000000003,0.3925654997028132
ethyl_acetate:34,ethyl_acetate:10,ethyl_acetate,10.0,primary,leave_one_solvent_out,ethyl_acetate,ridge_raw,3.18,0.3925654997028132
ethyl_acetate:2,ethyl_acetate:0.1,ethyl_acetate,0.1,primary,leave_one_solvent_out,ethyl_acetate,ridge_log_interactions,0.53,0.0
ethyl_acetate:3,ethyl_acetate:0.1,ethyl_acetate,0.1,primary,leave_one_solvent_out,ethyl_acetate,ridge_log_interactions,0.54,0.0
ethyl_acetate:4,ethyl_acetate:0.1,ethyl_acetate,0.1,primary,leave_one_solvent_out,ethyl_acetate,ridge_log_interactions,0.54,0.0
ethyl_acetate:5,ethyl_acetate:0.15,ethyl_acetate,0.15,primary,leave_one_solvent_out,ethyl_acetate,ridge_log_interactions,0.6699999999999999,0.0
ethyl_acetate:6,ethyl_acetate:0.15,ethyl_acetate,0.15,primary,leave_one_solvent_out,ethyl_acetate,ridge_log_interactions,0.6499999999999999,0.0
ethyl_acetate:7,ethyl_acetate:0.15,ethyl_acetate,0.15,primary,leave_one_solvent_out,ethyl_acetate,ridge_log_interactions,0.71,0.0
ethyl_acetate:8,ethyl_acetate:0.25,ethyl_acetate,0.25,primary,leave_one_solvent_out,ethyl_acetate,ridge_log_interactions,0.7200000000000001,0.0
ethyl_acetate:9,ethyl_acetate:0.25,ethyl_acetate,0.25,primary,leave_one_solvent_out,ethyl_acetate,ridge_log_interactions,0.7700000000000001,0.0
ethyl_acetate:10,ethyl_acetate:0.25,ethyl_acetate,0.25,primary,leave_one_solvent_out,ethyl_acetate,ridge_log_interactions,0.7000000000000001,0.0
ethyl_acetate:11,ethyl_acetate:0.5,ethyl_acetate,0.5,primary,leave_one_solvent_out,ethyl_acetate,ridge_log_interactions,1.27,0.0
ethyl_acetate:12,ethyl_acetate:0.5,ethyl_acetate,0.5,primary,leave_one_solvent_out,ethyl_acetate,ridge_log_interactions,1.23,0.0
ethyl_acetate:13,ethyl_acetate:0.5,ethyl_acetate,0.5,primary,leave_one_solvent_out,ethyl_acetate,ridge_log_interactions,1.17,0.0
ethyl_acetate:14,ethyl_acetate:0.1,ethyl_acetate,0.1,primary,leave_one_solvent_out,ethyl_acetate,ridge_log_interactions,0.26,0.0
ethyl_acetate:15,ethyl_acetate:0.1,ethyl_acetate,0.1,primary,leave_one_solvent_out,ethyl_acetate,ridge_log_interactions,0.31,0.0
ethyl_acetate:16,ethyl_acetate:0.1,ethyl_acetate,0.1,primary,leave_one_solvent_out,ethyl_acetate,ridge_log_interactions,0.33,0.0
ethyl_acetate:17,ethyl_acetate:0.25,ethyl_acetate,0.25,primary,leave_one_solvent_out,ethyl_acetate,ridge_log_interactions,0.5,0.0
ethyl_acetate:18,ethyl_acetate:0.25,ethyl_acetate,0.25,primary,leave_one_solvent_out,ethyl_acetate,ridge_log_interactions,0.62,0.0
ethyl_acetate:19,ethyl_acetate:0.25,ethyl_acetate,0.25,primary,leave_one_solvent_out,ethyl_acetate,ridge_log_interactions,0.54,0.0
ethyl_acetate:20,ethyl_acetate:1,ethyl_acetate,1.0,primary,leave_one_solvent_out,ethyl_acetate,ridge_log_interactions,0.68,0.0
ethyl_acetate:21,ethyl_acetate:1,ethyl_acetate,1.0,primary,leave_one_solvent_out,ethyl_acetate,ridge_log_interactions,0.68,0.0
ethyl_acetate:22,ethyl_acetate:1,ethyl_acetate,1.0,primary,leave_one_solvent_out,ethyl_acetate,ridge_log_interactions,0.62,0.0
ethyl_acetate:23,ethyl_acetate:2,ethyl_acetate,2.0,primary,leave_one_solvent_out,ethyl_acetate,ridge_log_interactions,0.99,0.0
ethyl_acetate:24,ethyl_acetate:2,ethyl_acetate,2.0,primary,leave_one_solvent_out,ethyl_acetate,ridge_log_interactions,1.0299999999999998,0.0
ethyl_acetate:25,ethyl_acetate:2,ethyl_acetate,2.0,primary,leave_one_solvent_out,ethyl_acetate,ridge_log_interactions,1.0699999999999998,0.0
ethyl_acetate:26,ethyl_acetate:3,ethyl_acetate,3.0,primary,leave_one_solvent_out,ethyl_acetate,ridge_log_interactions,1.28,0.0
ethyl_acetate:27,ethyl_acetate:3,ethyl_acetate,3.0,primary,leave_one_solvent_out,ethyl_acetate,ridge_log_interactions,1.25,0.0
ethyl_acetate:28,ethyl_acetate:3,ethyl_acetate,3.0,primary,leave_one_solvent_out,ethyl_acetate,ridge_log_interactions,1.1,0.0
ethyl_acetate:29,ethyl_acetate:5,ethyl_acetate,5.0,primary,leave_one_solvent_out,ethyl_acetate,ridge_log_interactions,1.5699999999999998,0.0
ethyl_acetate:30,ethyl_acetate:5,ethyl_acetate,5.0,primary,leave_one_solvent_out,ethyl_acetate,ridge_log_interactions,1.26,0.0
ethyl_acetate:31,ethyl_acetate:5,ethyl_acetate,5.0,primary,leave_one_solvent_out,ethyl_acetate,ridge_log_interactions,1.34,0.0
ethyl_acetate:32,ethyl_acetate:10,ethyl_acetate,10.0,primary,leave_one_solvent_out,ethyl_acetate,ridge_log_interactions,2.43,0.0
ethyl_acetate:33,ethyl_acetate:10,ethyl_acetate,10.0,primary,leave_one_solvent_out,ethyl_acetate,ridge_log_interactions,2.5700000000000003,0.0
ethyl_acetate:34,ethyl_acetate:10,ethyl_acetate,10.0,primary,leave_one_solvent_out,ethyl_acetate,ridge_log_interactions,3.18,0.0
ethyl_acetate:2,ethyl_acetate:0.1,ethyl_acetate,0.1,primary,leave_one_solvent_out,ethyl_acetate,rf_raw,0.53,0.2758283202908204
ethyl_acetate:3,ethyl_acetate:0.1,ethyl_acetate,0.1,primary,leave_one_solvent_out,ethyl_acetate,rf_raw,0.54,0.2758283202908204
ethyl_acetate:4,ethyl_acetate:0.1,ethyl_acetate,0.1,primary,leave_one_solvent_out,ethyl_acetate,rf_raw,0.54,0.2758283202908204
ethyl_acetate:5,ethyl_acetate:0.15,ethyl_acetate,0.15,primary,leave_one_solvent_out,ethyl_acetate,rf_raw,0.6699999999999999,0.41586125
ethyl_acetate:6,ethyl_acetate:0.15,ethyl_acetate,0.15,primary,leave_one_solvent_out,ethyl_acetate,rf_raw,0.6499999999999999,0.41586125
ethyl_acetate:7,ethyl_acetate:0.15,ethyl_acetate,0.15,primary,leave_one_solvent_out,ethyl_acetate,rf_raw,0.71,0.41586125
ethyl_acetate:8,ethyl_acetate:0.25,ethyl_acetate,0.25,primary,leave_one_solvent_out,ethyl_acetate,rf_raw,0.7200000000000001,0.449965992063492
ethyl_acetate:9,ethyl_acetate:0.25,ethyl_acetate,0.25,primary,leave_one_solvent_out,ethyl_acetate,rf_raw,0.7700000000000001,0.449965992063492
ethyl_acetate:10,ethyl_acetate:0.25,ethyl_acetate,0.25,primary,leave_one_solvent_out,ethyl_acetate,rf_raw,0.7000000000000001,0.449965992063492
ethyl_acetate:11,ethyl_acetate:0.5,ethyl_acetate,0.5,primary,leave_one_solvent_out,ethyl_acetate,rf_raw,1.27,0.7603636904761908
ethyl_acetate:12,ethyl_acetate:0.5,ethyl_acetate,0.5,primary,leave_one_solvent_out,ethyl_acetate,rf_raw,1.23,0.7603636904761908
ethyl_acetate:13,ethyl_acetate:0.5,ethyl_acetate,0.5,primary,leave_one_solvent_out,ethyl_acetate,rf_raw,1.17,0.7603636904761908
ethyl_acetate:14,ethyl_acetate:0.1,ethyl_acetate,0.1,primary,leave_one_solvent_out,ethyl_acetate,rf_raw,0.26,0.2758283202908204
ethyl_acetate:15,ethyl_acetate:0.1,ethyl_acetate,0.1,primary,leave_one_solvent_out,ethyl_acetate,rf_raw,0.31,0.2758283202908204
ethyl_acetate:16,ethyl_acetate:0.1,ethyl_acetate,0.1,primary,leave_one_solvent_out,ethyl_acetate,rf_raw,0.33,0.2758283202908204
ethyl_acetate:17,ethyl_acetate:0.25,ethyl_acetate,0.25,primary,leave_one_solvent_out,ethyl_acetate,rf_raw,0.5,0.449965992063492
ethyl_acetate:18,ethyl_acetate:0.25,ethyl_acetate,0.25,primary,leave_one_solvent_out,ethyl_acetate,rf_raw,0.62,0.449965992063492
ethyl_acetate:19,ethyl_acetate:0.25,ethyl_acetate,0.25,primary,leave_one_solvent_out,ethyl_acetate,rf_raw,0.54,0.449965992063492
ethyl_acetate:20,ethyl_acetate:1,ethyl_acetate,1.0,primary,leave_one_solvent_out,ethyl_acetate,rf_raw,0.68,1.2294742063492077
ethyl_acetate:21,ethyl_acetate:1,ethyl_acetate,1.0,primary,leave_one_solvent_out,ethyl_acetate,rf_raw,0.68,1.2294742063492077
ethyl_acetate:22,ethyl_acetate:1,ethyl_acetate,1.0,primary,leave_one_solvent_out,ethyl_acetate,rf_raw,0.62,1.2294742063492077
ethyl_acetate:23,ethyl_acetate:2,ethyl_acetate,2.0,primary,leave_one_solvent_out,ethyl_acetate,rf_raw,0.99,1.3313141558441557
ethyl_acetate:24,ethyl_acetate:2,ethyl_acetate,2.0,primary,leave_one_solvent_out,ethyl_acetate,rf_raw,1.0299999999999998,1.3313141558441557
ethyl_acetate:25,ethyl_acetate:2,ethyl_acetate,2.0,primary,leave_one_solvent_out,ethyl_acetate,rf_raw,1.0699999999999998,1.3313141558441557
ethyl_acetate:26,ethyl_acetate:3,ethyl_acetate,3.0,primary,leave_one_solvent_out,ethyl_acetate,rf_raw,1.28,1.6571634812409826
ethyl_acetate:27,ethyl_acetate:3,ethyl_acetate,3.0,primary,leave_one_solvent_out,ethyl_acetate,rf_raw,1.25,1.6571634812409826
ethyl_acetate:28,ethyl_acetate:3,ethyl_acetate,3.0,primary,leave_one_solvent_out,ethyl_acetate,rf_raw,1.1,1.6571634812409826
ethyl_acetate:29,ethyl_acetate:5,ethyl_acetate,5.0,primary,leave_one_solvent_out,ethyl_acetate,rf_raw,1.5699999999999998,2.710268302669556
ethyl_acetate:30,ethyl_acetate:5,ethyl_acetate,5.0,primary,leave_one_solvent_out,ethyl_acetate,rf_raw,1.26,2.710268302669556
ethyl_acetate:31,ethyl_acetate:5,ethyl_acetate,5.0,primary,leave_one_solvent_out,ethyl_acetate,rf_raw,1.34,2.710268302669556
ethyl_acetate:32,ethyl_acetate:10,ethyl_acetate,10.0,primary,leave_one_solvent_out,ethyl_acetate,rf_raw,2.43,3.4309701082251105
ethyl_acetate:33,ethyl_acetate:10,ethyl_acetate,10.0,primary,leave_one_solvent_out,ethyl_acetate,rf_raw,2.5700000000000003,3.4309701082251105
ethyl_acetate:34,ethyl_acetate:10,ethyl_acetate,10.0,primary,leave_one_solvent_out,ethyl_acetate,rf_raw,3.18,3.4309701082251105
ethyl_acetate:2,ethyl_acetate:0.1,ethyl_acetate,0.1,primary,leave_one_solvent_out,ethyl_acetate,rf_log_interactions,0.53,0.2278054292929291
ethyl_acetate:3,ethyl_acetate:0.1,ethyl_acetate,0.1,primary,leave_one_solvent_out,ethyl_acetate,rf_log_interactions,0.54,0.2278054292929291
ethyl_acetate:4,ethyl_acetate:0.1,ethyl_acetate,0.1,primary,leave_one_solvent_out,ethyl_acetate,rf_log_interactions,0.54,0.2278054292929291
ethyl_acetate:5,ethyl_acetate:0.15,ethyl_acetate,0.15,primary,leave_one_solvent_out,ethyl_acetate,rf_log_interactions,0.6699999999999999,0.236681221139971
ethyl_acetate:6,ethyl_acetate:0.15,ethyl_acetate,0.15,primary,leave_one_solvent_out,ethyl_acetate,rf_log_interactions,0.6499999999999999,0.236681221139971
ethyl_acetate:7,ethyl_acetate:0.15,ethyl_acetate,0.15,primary,leave_one_solvent_out,ethyl_acetate,rf_log_interactions,0.71,0.236681221139971
ethyl_acetate:8,ethyl_acetate:0.25,ethyl_acetate,0.25,primary,leave_one_solvent_out,ethyl_acetate,rf_log_interactions,0.7200000000000001,0.239935348124098
ethyl_acetate:9,ethyl_acetate:0.25,ethyl_acetate,0.25,primary,leave_one_solvent_out,ethyl_acetate,rf_log_interactions,0.7700000000000001,0.239935348124098
ethyl_acetate:10,ethyl_acetate:0.25,ethyl_acetate,0.25,primary,leave_one_solvent_out,ethyl_acetate,rf_log_interactions,0.7000000000000001,0.239935348124098
ethyl_acetate:11,ethyl_acetate:0.5,ethyl_acetate,0.5,primary,leave_one_solvent_out,ethyl_acetate,rf_log_interactions,1.27,0.4226095941558442
ethyl_acetate:12,ethyl_acetate:0.5,ethyl_acetate,0.5,primary,leave_one_solvent_out,ethyl_acetate,rf_log_interactions,1.23,0.4226095941558442
ethyl_acetate:13,ethyl_acetate:0.5,ethyl_acetate,0.5,primary,leave_one_solvent_out,ethyl_acetate,rf_log_interactions,1.17,0.4226095941558442
ethyl_acetate:14,ethyl_acetate:0.1,ethyl_acetate,0.1,primary,leave_one_solvent_out,ethyl_acetate,rf_log_interactions,0.26,0.2278054292929291
ethyl_acetate:15,ethyl_acetate:0.1,ethyl_acetate,0.1,primary,leave_one_solvent_out,ethyl_acetate,rf_log_interactions,0.31,0.2278054292929291
ethyl_acetate:16,ethyl_acetate:0.1,ethyl_acetate,0.1,primary,leave_one_solvent_out,ethyl_acetate,rf_log_interactions,0.33,0.2278054292929291
ethyl_acetate:17,ethyl_acetate:0.25,ethyl_acetate,0.25,primary,leave_one_solvent_out,ethyl_acetate,rf_log_interactions,0.5,0.239935348124098
ethyl_acetate:18,ethyl_acetate:0.25,ethyl_acetate,0.25,primary,leave_one_solvent_out,ethyl_acetate,rf_log_interactions,0.62,0.239935348124098
ethyl_acetate:19,ethyl_acetate:0.25,ethyl_acetate,0.25,primary,leave_one_solvent_out,ethyl_acetate,rf_log_interactions,0.54,0.239935348124098
ethyl_acetate:20,ethyl_acetate:1,ethyl_acetate,1.0,primary,leave_one_solvent_out,ethyl_acetate,rf_log_interactions,0.68,1.0802329365079375
ethyl_acetate:21,ethyl_acetate:1,ethyl_acetate,1.0,primary,leave_one_solvent_out,ethyl_acetate,rf_log_interactions,0.68,1.0802329365079375
ethyl_acetate:22,ethyl_acetate:1,ethyl_acetate,1.0,primary,leave_one_solvent_out,ethyl_acetate,rf_log_interactions,0.62,1.0802329365079375
ethyl_acetate:23,ethyl_acetate:2,ethyl_acetate,2.0,primary,leave_one_solvent_out,ethyl_acetate,rf_log_interactions,0.99,1.650292579365081
ethyl_acetate:24,ethyl_acetate:2,ethyl_acetate,2.0,primary,leave_one_solvent_out,ethyl_acetate,rf_log_interactions,1.0299999999999998,1.650292579365081
ethyl_acetate:25,ethyl_acetate:2,ethyl_acetate,2.0,primary,leave_one_solvent_out,ethyl_acetate,rf_log_interactions,1.0699999999999998,1.650292579365081
ethyl_acetate:26,ethyl_acetate:3,ethyl_acetate,3.0,primary,leave_one_solvent_out,ethyl_acetate,rf_log_interactions,1.28,2.101908432539683
ethyl_acetate:27,ethyl_acetate:3,ethyl_acetate,3.0,primary,leave_one_solvent_out,ethyl_acetate,rf_log_interactions,1.25,2.101908432539683
ethyl_acetate:28,ethyl_acetate:3,ethyl_acetate,3.0,primary,leave_one_solvent_out,ethyl_acetate,rf_log_interactions,1.1,2.101908432539683
ethyl_acetate:29,ethyl_acetate:5,ethyl_acetate,5.0,primary,leave_one_solvent_out,ethyl_acetate,rf_log_interactions,1.5699999999999998,3.0629487103174604
ethyl_acetate:30,ethyl_acetate:5,ethyl_acetate,5.0,primary,leave_one_solvent_out,ethyl_acetate,rf_log_interactions,1.26,3.0629487103174604
ethyl_acetate:31,ethyl_acetate:5,ethyl_acetate,5.0,primary,leave_one_solvent_out,ethyl_acetate,rf_log_interactions,1.34,3.0629487103174604
ethyl_acetate:32,ethyl_acetate:10,ethyl_acetate,10.0,primary,leave_one_solvent_out,ethyl_acetate,rf_log_interactions,2.43,2.5067718849206373
ethyl_acetate:33,ethyl_acetate:10,ethyl_acetate,10.0,primary,leave_one_solvent_out,ethyl_acetate,rf_log_interactions,2.5700000000000003,2.5067718849206373
ethyl_acetate:34,ethyl_acetate:10,ethyl_acetate,10.0,primary,leave_one_solvent_out,ethyl_acetate,rf_log_interactions,3.18,2.5067718849206373
hexane:2,hexane:0.02,hexane,0.02,primary,leave_one_solvent_out,hexane,mean,0.0399999999999999,0.5827941176470588
hexane:3,hexane:0.02,hexane,0.02,primary,leave_one_solvent_out,hexane,mean,0.0599999999999999,0.5827941176470588
hexane:4,hexane:0.02,hexane,0.02,primary,leave_one_solvent_out,hexane,mean,0.0499999999999999,0.5827941176470588
hexane:5,hexane:0.02,hexane,0.02,primary,leave_one_solvent_out,hexane,mean,0.0899999999999999,0.5827941176470588
hexane:6,hexane:0.02,hexane,0.02,primary,leave_one_solvent_out,hexane,mean,0.1099999999999999,0.5827941176470588
hexane:7,hexane:0.02,hexane,0.02,primary,leave_one_solvent_out,hexane,mean,0.09,0.5827941176470588
hexane:8,hexane:0.05,hexane,0.05,primary,leave_one_solvent_out,hexane,mean,0.14,0.5827941176470588
hexane:9,hexane:0.05,hexane,0.05,primary,leave_one_solvent_out,hexane,mean,0.18,0.5827941176470588
hexane:10,hexane:0.05,hexane,0.05,primary,leave_one_solvent_out,hexane,mean,0.14,0.5827941176470588
hexane:11,hexane:0.05,hexane,0.05,primary,leave_one_solvent_out,hexane,mean,0.15,0.5827941176470588
hexane:12,hexane:0.05,hexane,0.05,primary,leave_one_solvent_out,hexane,mean,0.1499999999999999,0.5827941176470588
hexane:13,hexane:0.05,hexane,0.05,primary,leave_one_solvent_out,hexane,mean,0.1699999999999999,0.5827941176470588
hexane:14,hexane:0.07,hexane,0.07,primary,leave_one_solvent_out,hexane,mean,0.13,0.5827941176470588
hexane:15,hexane:0.07,hexane,0.07,primary,leave_one_solvent_out,hexane,mean,0.1499999999999999,0.5827941176470588
hexane:16,hexane:0.07,hexane,0.07,primary,leave_one_solvent_out,hexane,mean,0.1399999999999999,0.5827941176470588
hexane:17,hexane:0.07,hexane,0.07,primary,leave_one_solvent_out,hexane,mean,0.23,0.5827941176470588
hexane:18,hexane:0.07,hexane,0.07,primary,leave_one_solvent_out,hexane,mean,0.21,0.5827941176470588
hexane:19,hexane:0.07,hexane,0.07,primary,leave_one_solvent_out,hexane,mean,0.2199999999999999,0.5827941176470588
hexane:20,hexane:0.09,hexane,0.09,primary,leave_one_solvent_out,hexane,mean,0.3399999999999999,0.5827941176470588
hexane:21,hexane:0.09,hexane,0.09,primary,leave_one_solvent_out,hexane,mean,0.3199999999999999,0.5827941176470588
hexane:22,hexane:0.09,hexane,0.09,primary,leave_one_solvent_out,hexane,mean,0.3299999999999999,0.5827941176470588
hexane:23,hexane:0.1,hexane,0.1,primary,leave_one_solvent_out,hexane,mean,0.41,0.5827941176470588
hexane:24,hexane:0.1,hexane,0.1,primary,leave_one_solvent_out,hexane,mean,0.42,0.5827941176470588
hexane:25,hexane:0.1,hexane,0.1,primary,leave_one_solvent_out,hexane,mean,0.43,0.5827941176470588
hexane:26,hexane:0.1,hexane,0.1,primary,leave_one_solvent_out,hexane,mean,0.31,0.5827941176470588
hexane:27,hexane:0.1,hexane,0.1,primary,leave_one_solvent_out,hexane,mean,0.29,0.5827941176470588
hexane:28,hexane:0.1,hexane,0.1,primary,leave_one_solvent_out,hexane,mean,0.31,0.5827941176470588
hexane:29,hexane:0.15,hexane,0.15,primary,leave_one_solvent_out,hexane,mean,0.5,0.5827941176470588
hexane:30,hexane:0.15,hexane,0.15,primary,leave_one_solvent_out,hexane,mean,0.52,0.5827941176470588
hexane:31,hexane:0.15,hexane,0.15,primary,leave_one_solvent_out,hexane,mean,0.48,0.5827941176470588
hexane:32,hexane:0.25,hexane,0.25,primary,leave_one_solvent_out,hexane,mean,0.5700000000000001,0.5827941176470588
hexane:33,hexane:0.25,hexane,0.25,primary,leave_one_solvent_out,hexane,mean,0.5499999999999999,0.5827941176470588
hexane:34,hexane:0.25,hexane,0.25,primary,leave_one_solvent_out,hexane,mean,0.53,0.5827941176470588
hexane:35,hexane:0.5,hexane,0.5,primary,leave_one_solvent_out,hexane,mean,0.77,0.5827941176470588
hexane:36,hexane:0.5,hexane,0.5,primary,leave_one_solvent_out,hexane,mean,0.78,0.5827941176470588
hexane:37,hexane:0.5,hexane,0.5,primary,leave_one_solvent_out,hexane,mean,0.79,0.5827941176470588
hexane:38,hexane:1,hexane,1.0,primary,leave_one_solvent_out,hexane,mean,1.42,0.5827941176470588
hexane:39,hexane:1,hexane,1.0,primary,leave_one_solvent_out,hexane,mean,1.42,0.5827941176470588
hexane:40,hexane:1,hexane,1.0,primary,leave_one_solvent_out,hexane,mean,1.44,0.5827941176470588
hexane:41,hexane:1.5,hexane,1.5,primary,leave_one_solvent_out,hexane,mean,2.22,0.5827941176470588
hexane:42,hexane:1.5,hexane,1.5,primary,leave_one_solvent_out,hexane,mean,2.22,0.5827941176470588
hexane:43,hexane:1.5,hexane,1.5,primary,leave_one_solvent_out,hexane,mean,2.21,0.5827941176470588
hexane:44,hexane:2,hexane,2.0,primary,leave_one_solvent_out,hexane,mean,2.9799999999999995,0.5827941176470588
hexane:45,hexane:2,hexane,2.0,primary,leave_one_solvent_out,hexane,mean,2.96,0.5827941176470588
hexane:46,hexane:2,hexane,2.0,primary,leave_one_solvent_out,hexane,mean,2.99,0.5827941176470588
hexane:47,hexane:2.5,hexane,2.5,primary,leave_one_solvent_out,hexane,mean,2.98,0.5827941176470588
hexane:48,hexane:2.5,hexane,2.5,primary,leave_one_solvent_out,hexane,mean,3.06,0.5827941176470588
hexane:49,hexane:2.5,hexane,2.5,primary,leave_one_solvent_out,hexane,mean,3.01,0.5827941176470588
hexane:50,hexane:3,hexane,3.0,primary,leave_one_solvent_out,hexane,mean,3.73,0.5827941176470588
hexane:51,hexane:3,hexane,3.0,primary,leave_one_solvent_out,hexane,mean,3.65,0.5827941176470588
hexane:52,hexane:3,hexane,3.0,primary,leave_one_solvent_out,hexane,mean,3.64,0.5827941176470588
hexane:53,hexane:5,hexane,5.0,primary,leave_one_solvent_out,hexane,mean,5.890000000000001,0.5827941176470588
hexane:54,hexane:5,hexane,5.0,primary,leave_one_solvent_out,hexane,mean,5.9,0.5827941176470588
hexane:55,hexane:5,hexane,5.0,primary,leave_one_solvent_out,hexane,mean,6.0,0.5827941176470588
hexane:56,hexane:7,hexane,7.0,primary,leave_one_solvent_out,hexane,mean,9.3,0.5827941176470588
hexane:57,hexane:7,hexane,7.0,primary,leave_one_solvent_out,hexane,mean,9.33,0.5827941176470588
hexane:58,hexane:7,hexane,7.0,primary,leave_one_solvent_out,hexane,mean,9.24,0.5827941176470588
hexane:59,hexane:10,hexane,10.0,primary,leave_one_solvent_out,hexane,mean,12.67,0.5827941176470588
hexane:2,hexane:0.02,hexane,0.02,primary,leave_one_solvent_out,hexane,ridge_raw,0.0399999999999999,0.9722356648726552
hexane:3,hexane:0.02,hexane,0.02,primary,leave_one_solvent_out,hexane,ridge_raw,0.0599999999999999,0.9722356648726552
hexane:4,hexane:0.02,hexane,0.02,primary,leave_one_solvent_out,hexane,ridge_raw,0.0499999999999999,0.9722356648726552
hexane:5,hexane:0.02,hexane,0.02,primary,leave_one_solvent_out,hexane,ridge_raw,0.0899999999999999,0.9722356648726552
hexane:6,hexane:0.02,hexane,0.02,primary,leave_one_solvent_out,hexane,ridge_raw,0.1099999999999999,0.9722356648726552
hexane:7,hexane:0.02,hexane,0.02,primary,leave_one_solvent_out,hexane,ridge_raw,0.09,0.9722356648726552
hexane:8,hexane:0.05,hexane,0.05,primary,leave_one_solvent_out,hexane,ridge_raw,0.14,0.9723119555291782
hexane:9,hexane:0.05,hexane,0.05,primary,leave_one_solvent_out,hexane,ridge_raw,0.18,0.9723119555291782
hexane:10,hexane:0.05,hexane,0.05,primary,leave_one_solvent_out,hexane,ridge_raw,0.14,0.9723119555291782
hexane:11,hexane:0.05,hexane,0.05,primary,leave_one_solvent_out,hexane,ridge_raw,0.15,0.9723119555291782
hexane:12,hexane:0.05,hexane,0.05,primary,leave_one_solvent_out,hexane,ridge_raw,0.1499999999999999,0.9723119555291782
hexane:13,hexane:0.05,hexane,0.05,primary,leave_one_solvent_out,hexane,ridge_raw,0.1699999999999999,0.9723119555291782
hexane:14,hexane:0.07,hexane,0.07,primary,leave_one_solvent_out,hexane,ridge_raw,0.13,0.9723628159668602
hexane:15,hexane:0.07,hexane,0.07,primary,leave_one_solvent_out,hexane,ridge_raw,0.1499999999999999,0.9723628159668602
hexane:16,hexane:0.07,hexane,0.07,primary,leave_one_solvent_out,hexane,ridge_raw,0.1399999999999999,0.9723628159668602
hexane:17,hexane:0.07,hexane,0.07,primary,leave_one_solvent_out,hexane,ridge_raw,0.23,0.9723628159668602
hexane:18,hexane:0.07,hexane,0.07,primary,leave_one_solvent_out,hexane,ridge_raw,0.21,0.9723628159668602
hexane:19,hexane:0.07,hexane,0.07,primary,leave_one_solvent_out,hexane,ridge_raw,0.2199999999999999,0.9723628159668602
hexane:20,hexane:0.09,hexane,0.09,primary,leave_one_solvent_out,hexane,ridge_raw,0.3399999999999999,0.9724136764045423
hexane:21,hexane:0.09,hexane,0.09,primary,leave_one_solvent_out,hexane,ridge_raw,0.3199999999999999,0.9724136764045423
hexane:22,hexane:0.09,hexane,0.09,primary,leave_one_solvent_out,hexane,ridge_raw,0.3299999999999999,0.9724136764045423
hexane:23,hexane:0.1,hexane,0.1,primary,leave_one_solvent_out,hexane,ridge_raw,0.41,0.9724391066233832
hexane:24,hexane:0.1,hexane,0.1,primary,leave_one_solvent_out,hexane,ridge_raw,0.42,0.9724391066233832
hexane:25,hexane:0.1,hexane,0.1,primary,leave_one_solvent_out,hexane,ridge_raw,0.43,0.9724391066233832
hexane:26,hexane:0.1,hexane,0.1,primary,leave_one_solvent_out,hexane,ridge_raw,0.31,0.9724391066233832
hexane:27,hexane:0.1,hexane,0.1,primary,leave_one_solvent_out,hexane,ridge_raw,0.29,0.9724391066233832
hexane:28,hexane:0.1,hexane,0.1,primary,leave_one_solvent_out,hexane,ridge_raw,0.31,0.9724391066233832
hexane:29,hexane:0.15,hexane,0.15,primary,leave_one_solvent_out,hexane,ridge_raw,0.5,0.9725662577175884
hexane:30,hexane:0.15,hexane,0.15,primary,leave_one_solvent_out,hexane,ridge_raw,0.52,0.9725662577175884
hexane:31,hexane:0.15,hexane,0.15,primary,leave_one_solvent_out,hexane,ridge_raw,0.48,0.9725662577175884
hexane:32,hexane:0.25,hexane,0.25,primary,leave_one_solvent_out,hexane,ridge_raw,0.5700000000000001,0.9728205599059988
hexane:33,hexane:0.25,hexane,0.25,primary,leave_one_solvent_out,hexane,ridge_raw,0.5499999999999999,0.9728205599059988
hexane:34,hexane:0.25,hexane,0.25,primary,leave_one_solvent_out,hexane,ridge_raw,0.53,0.9728205599059988
hexane:35,hexane:0.5,hexane,0.5,primary,leave_one_solvent_out,hexane,ridge_raw,0.77,0.9734563153770244
hexane:36,hexane:0.5,hexane,0.5,primary,leave_one_solvent_out,hexane,ridge_raw,0.78,0.9734563153770244
hexane:37,hexane:0.5,hexane,0.5,primary,leave_one_solvent_out,hexane,ridge_raw,0.79,0.9734563153770244
hexane:38,hexane:1,hexane,1.0,primary,leave_one_solvent_out,hexane,ridge_raw,1.42,0.974727826319076
hexane:39,hexane:1,hexane,1.0,primary,leave_one_solvent_out,hexane,ridge_raw,1.42,0.974727826319076
hexane:40,hexane:1,hexane,1.0,primary,leave_one_solvent_out,hexane,ridge_raw,1.44,0.974727826319076
hexane:41,hexane:1.5,hexane,1.5,primary,leave_one_solvent_out,hexane,ridge_raw,2.22,0.9759993372611274
hexane:42,hexane:1.5,hexane,1.5,primary,leave_one_solvent_out,hexane,ridge_raw,2.22,0.9759993372611274
hexane:43,hexane:1.5,hexane,1.5,primary,leave_one_solvent_out,hexane,ridge_raw,2.21,0.9759993372611274
hexane:44,hexane:2,hexane,2.0,primary,leave_one_solvent_out,hexane,ridge_raw,2.9799999999999995,0.9772708482031788
hexane:45,hexane:2,hexane,2.0,primary,leave_one_solvent_out,hexane,ridge_raw,2.96,0.9772708482031788
hexane:46,hexane:2,hexane,2.0,primary,leave_one_solvent_out,hexane,ridge_raw,2.99,0.9772708482031788
hexane:47,hexane:2.5,hexane,2.5,primary,leave_one_solvent_out,hexane,ridge_raw,2.98,0.9785423591452304
hexane:48,hexane:2.5,hexane,2.5,primary,leave_one_solvent_out,hexane,ridge_raw,3.06,0.9785423591452304
hexane:49,hexane:2.5,hexane,2.5,primary,leave_one_solvent_out,hexane,ridge_raw,3.01,0.9785423591452304
hexane:50,hexane:3,hexane,3.0,primary,leave_one_solvent_out,hexane,ridge_raw,3.73,0.9798138700872818
hexane:51,hexane:3,hexane,3.0,primary,leave_one_solvent_out,hexane,ridge_raw,3.65,0.9798138700872818
hexane:52,hexane:3,hexane,3.0,primary,leave_one_solvent_out,hexane,ridge_raw,3.64,0.9798138700872818
hexane:53,hexane:5,hexane,5.0,primary,leave_one_solvent_out,hexane,ridge_raw,5.890000000000001,0.9848999138554876
hexane:54,hexane:5,hexane,5.0,primary,leave_one_solvent_out,hexane,ridge_raw,5.9,0.9848999138554876
hexane:55,hexane:5,hexane,5.0,primary,leave_one_solvent_out,hexane,ridge_raw,6.0,0.9848999138554876
hexane:56,hexane:7,hexane,7.0,primary,leave_one_solvent_out,hexane,ridge_raw,9.3,0.9899859576236936
hexane:57,hexane:7,hexane,7.0,primary,leave_one_solvent_out,hexane,ridge_raw,9.33,0.9899859576236936
hexane:58,hexane:7,hexane,7.0,primary,leave_one_solvent_out,hexane,ridge_raw,9.24,0.9899859576236936
hexane:59,hexane:10,hexane,10.0,primary,leave_one_solvent_out,hexane,ridge_raw,12.67,0.9976150232760024
hexane:2,hexane:0.02,hexane,0.02,primary,leave_one_solvent_out,hexane,ridge_log_interactions,0.0399999999999999,0.7885061494692975
hexane:3,hexane:0.02,hexane,0.02,primary,leave_one_solvent_out,hexane,ridge_log_interactions,0.0599999999999999,0.7885061494692975
hexane:4,hexane:0.02,hexane,0.02,primary,leave_one_solvent_out,hexane,ridge_log_interactions,0.0499999999999999,0.7885061494692975
hexane:5,hexane:0.02,hexane,0.02,primary,leave_one_solvent_out,hexane,ridge_log_interactions,0.0899999999999999,0.7885061494692975
hexane:6,hexane:0.02,hexane,0.02,primary,leave_one_solvent_out,hexane,ridge_log_interactions,0.1099999999999999,0.7885061494692975
hexane:7,hexane:0.02,hexane,0.02,primary,leave_one_solvent_out,hexane,ridge_log_interactions,0.09,0.7885061494692975
hexane:8,hexane:0.05,hexane,0.05,primary,leave_one_solvent_out,hexane,ridge_log_interactions,0.14,0.7860842389679278
hexane:9,hexane:0.05,hexane,0.05,primary,leave_one_solvent_out,hexane,ridge_log_interactions,0.18,0.7860842389679278
hexane:10,hexane:0.05,hexane,0.05,primary,leave_one_solvent_out,hexane,ridge_log_interactions,0.14,0.7860842389679278
hexane:11,hexane:0.05,hexane,0.05,primary,leave_one_solvent_out,hexane,ridge_log_interactions,0.15,0.7860842389679278
hexane:12,hexane:0.05,hexane,0.05,primary,leave_one_solvent_out,hexane,ridge_log_interactions,0.1499999999999999,0.7860842389679278
hexane:13,hexane:0.05,hexane,0.05,primary,leave_one_solvent_out,hexane,ridge_log_interactions,0.1699999999999999,0.7860842389679278
hexane:14,hexane:0.07,hexane,0.07,primary,leave_one_solvent_out,hexane,ridge_log_interactions,0.13,0.7845077759355035
hexane:15,hexane:0.07,hexane,0.07,primary,leave_one_solvent_out,hexane,ridge_log_interactions,0.1499999999999999,0.7845077759355035
hexane:16,hexane:0.07,hexane,0.07,primary,leave_one_solvent_out,hexane,ridge_log_interactions,0.1399999999999999,0.7845077759355035
hexane:17,hexane:0.07,hexane,0.07,primary,leave_one_solvent_out,hexane,ridge_log_interactions,0.23,0.7845077759355035
hexane:18,hexane:0.07,hexane,0.07,primary,leave_one_solvent_out,hexane,ridge_log_interactions,0.21,0.7845077759355035
hexane:19,hexane:0.07,hexane,0.07,primary,leave_one_solvent_out,hexane,ridge_log_interactions,0.2199999999999999,0.7845077759355035
hexane:20,hexane:0.09,hexane,0.09,primary,leave_one_solvent_out,hexane,ridge_log_interactions,0.3399999999999999,0.7829605083474034
hexane:21,hexane:0.09,hexane,0.09,primary,leave_one_solvent_out,hexane,ridge_log_interactions,0.3199999999999999,0.7829605083474034
hexane:22,hexane:0.09,hexane,0.09,primary,leave_one_solvent_out,hexane,ridge_log_interactions,0.3299999999999999,0.7829605083474034
hexane:23,hexane:0.1,hexane,0.1,primary,leave_one_solvent_out,hexane,ridge_log_interactions,0.41,0.7821974887799876
hexane:24,hexane:0.1,hexane,0.1,primary,leave_one_solvent_out,hexane,ridge_log_interactions,0.42,0.7821974887799876
hexane:25,hexane:0.1,hexane,0.1,primary,leave_one_solvent_out,hexane,ridge_log_interactions,0.43,0.7821974887799876
hexane:26,hexane:0.1,hexane,0.1,primary,leave_one_solvent_out,hexane,ridge_log_interactions,0.31,0.7821974887799876
hexane:27,hexane:0.1,hexane,0.1,primary,leave_one_solvent_out,hexane,ridge_log_interactions,0.29,0.7821974887799876
hexane:28,hexane:0.1,hexane,0.1,primary,leave_one_solvent_out,hexane,ridge_log_interactions,0.31,0.7821974887799876
hexane:29,hexane:0.15,hexane,0.15,primary,leave_one_solvent_out,hexane,ridge_log_interactions,0.5,0.7784835412636659
hexane:30,hexane:0.15,hexane,0.15,primary,leave_one_solvent_out,hexane,ridge_log_interactions,0.52,0.7784835412636659
hexane:31,hexane:0.15,hexane,0.15,primary,leave_one_solvent_out,hexane,ridge_log_interactions,0.48,0.7784835412636659
hexane:32,hexane:0.25,hexane,0.25,primary,leave_one_solvent_out,hexane,ridge_log_interactions,0.5700000000000001,0.7715170026718016
hexane:33,hexane:0.25,hexane,0.25,primary,leave_one_solvent_out,hexane,ridge_log_interactions,0.5499999999999999,0.7715170026718016
hexane:34,hexane:0.25,hexane,0.25,primary,leave_one_solvent_out,hexane,ridge_log_interactions,0.53,0.7715170026718016
hexane:35,hexane:0.5,hexane,0.5,primary,leave_one_solvent_out,hexane,ridge_log_interactions,0.77,0.7562840253079048
hexane:36,hexane:0.5,hexane,0.5,primary,leave_one_solvent_out,hexane,ridge_log_interactions,0.78,0.7562840253079048
hexane:37,hexane:0.5,hexane,0.5,primary,leave_one_solvent_out,hexane,ridge_log_interactions,0.79,0.7562840253079048
hexane:38,hexane:1,hexane,1.0,primary,leave_one_solvent_out,hexane,ridge_log_interactions,1.42,0.7322481703343244
hexane:39,hexane:1,hexane,1.0,primary,leave_one_solvent_out,hexane,ridge_log_interactions,1.42,0.7322481703343244
hexane:40,hexane:1,hexane,1.0,primary,leave_one_solvent_out,hexane,ridge_log_interactions,1.44,0.7322481703343244
hexane:41,hexane:1.5,hexane,1.5,primary,leave_one_solvent_out,hexane,ridge_log_interactions,2.22,0.7136045127995748
hexane:42,hexane:1.5,hexane,1.5,primary,leave_one_solvent_out,hexane,ridge_log_interactions,2.22,0.7136045127995748
hexane:43,hexane:1.5,hexane,1.5,primary,leave_one_solvent_out,hexane,ridge_log_interactions,2.21,0.7136045127995748
hexane:44,hexane:2,hexane,2.0,primary,leave_one_solvent_out,hexane,ridge_log_interactions,2.9799999999999995,0.6983715354356781
hexane:45,hexane:2,hexane,2.0,primary,leave_one_solvent_out,hexane,ridge_log_interactions,2.96,0.6983715354356781
hexane:46,hexane:2,hexane,2.0,primary,leave_one_solvent_out,hexane,ridge_log_interactions,2.99,0.6983715354356781
hexane:47,hexane:2.5,hexane,2.5,primary,leave_one_solvent_out,hexane,ridge_log_interactions,2.98,0.6854922365873711
hexane:48,hexane:2.5,hexane,2.5,primary,leave_one_solvent_out,hexane,ridge_log_interactions,3.06,0.6854922365873711
hexane:49,hexane:2.5,hexane,2.5,primary,leave_one_solvent_out,hexane,ridge_log_interactions,3.01,0.6854922365873711
hexane:50,hexane:3,hexane,3.0,primary,leave_one_solvent_out,hexane,ridge_log_interactions,3.73,0.6743356804620978
hexane:51,hexane:3,hexane,3.0,primary,leave_one_solvent_out,hexane,ridge_log_interactions,3.65,0.6743356804620978
hexane:52,hexane:3,hexane,3.0,primary,leave_one_solvent_out,hexane,ridge_log_interactions,3.64,0.6743356804620978
hexane:53,hexane:5,hexane,5.0,primary,leave_one_solvent_out,hexane,ridge_log_interactions,5.890000000000001,0.6404590455634513
hexane:54,hexane:5,hexane,5.0,primary,leave_one_solvent_out,hexane,ridge_log_interactions,5.9,0.6404590455634513
hexane:55,hexane:5,hexane,5.0,primary,leave_one_solvent_out,hexane,ridge_log_interactions,6.0,0.6404590455634513
hexane:56,hexane:7,hexane,7.0,primary,leave_one_solvent_out,hexane,ridge_log_interactions,9.3,0.616423190589871
hexane:57,hexane:7,hexane,7.0,primary,leave_one_solvent_out,hexane,ridge_log_interactions,9.33,0.616423190589871
hexane:58,hexane:7,hexane,7.0,primary,leave_one_solvent_out,hexane,ridge_log_interactions,9.24,0.6164231905898709
hexane:59,hexane:10,hexane,10.0,primary,leave_one_solvent_out,hexane,ridge_log_interactions,12.67,0.5898163616285579
hexane:2,hexane:0.02,hexane,0.02,primary,leave_one_solvent_out,hexane,rf_raw,0.0399999999999999,0.375905444000444
hexane:3,hexane:0.02,hexane,0.02,primary,leave_one_solvent_out,hexane,rf_raw,0.0599999999999999,0.375905444000444
hexane:4,hexane:0.02,hexane,0.02,primary,leave_one_solvent_out,hexane,rf_raw,0.0499999999999999,0.375905444000444
hexane:5,hexane:0.02,hexane,0.02,primary,leave_one_solvent_out,hexane,rf_raw,0.0899999999999999,0.375905444000444
hexane:6,hexane:0.02,hexane,0.02,primary,leave_one_solvent_out,hexane,rf_raw,0.1099999999999999,0.375905444000444
hexane:7,hexane:0.02,hexane,0.02,primary,leave_one_solvent_out,hexane,rf_raw,0.09,0.375905444000444
hexane:8,hexane:0.05,hexane,0.05,primary,leave_one_solvent_out,hexane,rf_raw,0.14,0.3944026082251081
hexane:9,hexane:0.05,hexane,0.05,primary,leave_one_solvent_out,hexane,rf_raw,0.18,0.3944026082251081
hexane:10,hexane:0.05,hexane,0.05,primary,leave_one_solvent_out,hexane,rf_raw,0.14,0.3944026082251081
hexane:11,hexane:0.05,hexane,0.05,primary,leave_one_solvent_out,hexane,rf_raw,0.15,0.3944026082251081
hexane:12,hexane:0.05,hexane,0.05,primary,leave_one_solvent_out,hexane,rf_raw,0.1499999999999999,0.3944026082251081
hexane:13,hexane:0.05,hexane,0.05,primary,leave_one_solvent_out,hexane,rf_raw,0.1699999999999999,0.3944026082251081
hexane:14,hexane:0.07,hexane,0.07,primary,leave_one_solvent_out,hexane,rf_raw,0.13,0.3943526082251081
hexane:15,hexane:0.07,hexane,0.07,primary,leave_one_solvent_out,hexane,rf_raw,0.1499999999999999,0.3943526082251081
hexane:16,hexane:0.07,hexane,0.07,primary,leave_one_solvent_out,hexane,rf_raw,0.1399999999999999,0.3943526082251081
hexane:17,hexane:0.07,hexane,0.07,primary,leave_one_solvent_out,hexane,rf_raw,0.23,0.3943526082251081
hexane:18,hexane:0.07,hexane,0.07,primary,leave_one_solvent_out,hexane,rf_raw,0.21,0.3943526082251081
hexane:19,hexane:0.07,hexane,0.07,primary,leave_one_solvent_out,hexane,rf_raw,0.2199999999999999,0.3943526082251081
hexane:20,hexane:0.09,hexane,0.09,primary,leave_one_solvent_out,hexane,rf_raw,0.3399999999999999,0.3836343939393939
hexane:21,hexane:0.09,hexane,0.09,primary,leave_one_solvent_out,hexane,rf_raw,0.3199999999999999,0.3836343939393939
hexane:22,hexane:0.09,hexane,0.09,primary,leave_one_solvent_out,hexane,rf_raw,0.3299999999999999,0.3836343939393939
hexane:23,hexane:0.1,hexane,0.1,primary,leave_one_solvent_out,hexane,rf_raw,0.41,0.3836343939393939
hexane:24,hexane:0.1,hexane,0.1,primary,leave_one_solvent_out,hexane,rf_raw,0.42,0.3836343939393939
hexane:25,hexane:0.1,hexane,0.1,primary,leave_one_solvent_out,hexane,rf_raw,0.43,0.3836343939393939
hexane:26,hexane:0.1,hexane,0.1,primary,leave_one_solvent_out,hexane,rf_raw,0.31,0.3836343939393939
hexane:27,hexane:0.1,hexane,0.1,primary,leave_one_solvent_out,hexane,rf_raw,0.29,0.3836343939393939
hexane:28,hexane:0.1,hexane,0.1,primary,leave_one_solvent_out,hexane,rf_raw,0.31,0.3836343939393939
hexane:29,hexane:0.15,hexane,0.15,primary,leave_one_solvent_out,hexane,rf_raw,0.5,0.5725744739410913
hexane:30,hexane:0.15,hexane,0.15,primary,leave_one_solvent_out,hexane,rf_raw,0.52,0.5725744739410913
hexane:31,hexane:0.15,hexane,0.15,primary,leave_one_solvent_out,hexane,rf_raw,0.48,0.5725744739410913
hexane:32,hexane:0.25,hexane,0.25,primary,leave_one_solvent_out,hexane,rf_raw,0.5700000000000001,0.5736712614591292
hexane:33,hexane:0.25,hexane,0.25,primary,leave_one_solvent_out,hexane,rf_raw,0.5499999999999999,0.5736712614591292
hexane:34,hexane:0.25,hexane,0.25,primary,leave_one_solvent_out,hexane,rf_raw,0.53,0.5736712614591292
hexane:35,hexane:0.5,hexane,0.5,primary,leave_one_solvent_out,hexane,rf_raw,0.77,0.9405494751082252
hexane:36,hexane:0.5,hexane,0.5,primary,leave_one_solvent_out,hexane,rf_raw,0.78,0.9405494751082252
hexane:37,hexane:0.5,hexane,0.5,primary,leave_one_solvent_out,hexane,rf_raw,0.79,0.9405494751082252
hexane:38,hexane:1,hexane,1.0,primary,leave_one_solvent_out,hexane,rf_raw,1.42,0.6882553012265518
hexane:39,hexane:1,hexane,1.0,primary,leave_one_solvent_out,hexane,rf_raw,1.42,0.6882553012265518
hexane:40,hexane:1,hexane,1.0,primary,leave_one_solvent_out,hexane,rf_raw,1.44,0.6882553012265518
hexane:41,hexane:1.5,hexane,1.5,primary,leave_one_solvent_out,hexane,rf_raw,2.22,0.6832743488455995
hexane:42,hexane:1.5,hexane,1.5,primary,leave_one_solvent_out,hexane,rf_raw,2.22,0.6832743488455995
hexane:43,hexane:1.5,hexane,1.5,primary,leave_one_solvent_out,hexane,rf_raw,2.21,0.6832743488455995
hexane:44,hexane:2,hexane,2.0,primary,leave_one_solvent_out,hexane,rf_raw,2.9799999999999995,0.845477146464647
hexane:45,hexane:2,hexane,2.0,primary,leave_one_solvent_out,hexane,rf_raw,2.96,0.845477146464647
hexane:46,hexane:2,hexane,2.0,primary,leave_one_solvent_out,hexane,rf_raw,2.99,0.845477146464647
hexane:47,hexane:2.5,hexane,2.5,primary,leave_one_solvent_out,hexane,rf_raw,2.98,0.8671964321789328
hexane:48,hexane:2.5,hexane,2.5,primary,leave_one_solvent_out,hexane,rf_raw,3.06,0.8671964321789328
hexane:49,hexane:2.5,hexane,2.5,primary,leave_one_solvent_out,hexane,rf_raw,3.01,0.8671964321789328
hexane:50,hexane:3,hexane,3.0,primary,leave_one_solvent_out,hexane,rf_raw,3.73,1.0186283170995676
hexane:51,hexane:3,hexane,3.0,primary,leave_one_solvent_out,hexane,rf_raw,3.65,1.0186283170995676
hexane:52,hexane:3,hexane,3.0,primary,leave_one_solvent_out,hexane,rf_raw,3.64,1.0186283170995676
hexane:53,hexane:5,hexane,5.0,primary,leave_one_solvent_out,hexane,rf_raw,5.890000000000001,1.219579738455989
hexane:54,hexane:5,hexane,5.0,primary,leave_one_solvent_out,hexane,rf_raw,5.9,1.219579738455989
hexane:55,hexane:5,hexane,5.0,primary,leave_one_solvent_out,hexane,rf_raw,6.0,1.219579738455989
hexane:56,hexane:7,hexane,7.0,primary,leave_one_solvent_out,hexane,rf_raw,9.3,1.2167994769119772
hexane:57,hexane:7,hexane,7.0,primary,leave_one_solvent_out,hexane,rf_raw,9.33,1.2167994769119772
hexane:58,hexane:7,hexane,7.0,primary,leave_one_solvent_out,hexane,rf_raw,9.24,1.2167994769119772
hexane:59,hexane:10,hexane,10.0,primary,leave_one_solvent_out,hexane,rf_raw,12.67,1.9791712031024535
hexane:2,hexane:0.02,hexane,0.02,primary,leave_one_solvent_out,hexane,rf_log_interactions,0.0399999999999999,0.3658672621822624
hexane:3,hexane:0.02,hexane,0.02,primary,leave_one_solvent_out,hexane,rf_log_interactions,0.0599999999999999,0.3658672621822624
hexane:4,hexane:0.02,hexane,0.02,primary,leave_one_solvent_out,hexane,rf_log_interactions,0.0499999999999999,0.3658672621822624
hexane:5,hexane:0.02,hexane,0.02,primary,leave_one_solvent_out,hexane,rf_log_interactions,0.0899999999999999,0.3658672621822624
hexane:6,hexane:0.02,hexane,0.02,primary,leave_one_solvent_out,hexane,rf_log_interactions,0.1099999999999999,0.3658672621822624
hexane:7,hexane:0.02,hexane,0.02,primary,leave_one_solvent_out,hexane,rf_log_interactions,0.09,0.3658672621822624
hexane:8,hexane:0.05,hexane,0.05,primary,leave_one_solvent_out,hexane,rf_log_interactions,0.14,0.3997463404650906
hexane:9,hexane:0.05,hexane,0.05,primary,leave_one_solvent_out,hexane,rf_log_interactions,0.18,0.3997463404650906
hexane:10,hexane:0.05,hexane,0.05,primary,leave_one_solvent_out,hexane,rf_log_interactions,0.14,0.3997463404650906
hexane:11,hexane:0.05,hexane,0.05,primary,leave_one_solvent_out,hexane,rf_log_interactions,0.15,0.3997463404650906
hexane:12,hexane:0.05,hexane,0.05,primary,leave_one_solvent_out,hexane,rf_log_interactions,0.1499999999999999,0.3997463404650906
hexane:13,hexane:0.05,hexane,0.05,primary,leave_one_solvent_out,hexane,rf_log_interactions,0.1699999999999999,0.3997463404650906
hexane:14,hexane:0.07,hexane,0.07,primary,leave_one_solvent_out,hexane,rf_log_interactions,0.13,0.4792796158008656
hexane:15,hexane:0.07,hexane,0.07,primary,leave_one_solvent_out,hexane,rf_log_interactions,0.1499999999999999,0.4792796158008656
hexane:16,hexane:0.07,hexane,0.07,primary,leave_one_solvent_out,hexane,rf_log_interactions,0.1399999999999999,0.4792796158008656
hexane:17,hexane:0.07,hexane,0.07,primary,leave_one_solvent_out,hexane,rf_log_interactions,0.23,0.4792796158008656
hexane:18,hexane:0.07,hexane,0.07,primary,leave_one_solvent_out,hexane,rf_log_interactions,0.21,0.4792796158008656
hexane:19,hexane:0.07,hexane,0.07,primary,leave_one_solvent_out,hexane,rf_log_interactions,0.2199999999999999,0.4792796158008656
hexane:20,hexane:0.09,hexane,0.09,primary,leave_one_solvent_out,hexane,rf_log_interactions,0.3399999999999999,0.4738712824675324
hexane:21,hexane:0.09,hexane,0.09,primary,leave_one_solvent_out,hexane,rf_log_interactions,0.3199999999999999,0.4738712824675324
hexane:22,hexane:0.09,hexane,0.09,primary,leave_one_solvent_out,hexane,rf_log_interactions,0.3299999999999999,0.4738712824675324
hexane:23,hexane:0.1,hexane,0.1,primary,leave_one_solvent_out,hexane,rf_log_interactions,0.41,0.4738712824675324
hexane:24,hexane:0.1,hexane,0.1,primary,leave_one_solvent_out,hexane,rf_log_interactions,0.42,0.4738712824675324
hexane:25,hexane:0.1,hexane,0.1,primary,leave_one_solvent_out,hexane,rf_log_interactions,0.43,0.4738712824675324
hexane:26,hexane:0.1,hexane,0.1,primary,leave_one_solvent_out,hexane,rf_log_interactions,0.31,0.4738712824675324
hexane:27,hexane:0.1,hexane,0.1,primary,leave_one_solvent_out,hexane,rf_log_interactions,0.29,0.4738712824675324
hexane:28,hexane:0.1,hexane,0.1,primary,leave_one_solvent_out,hexane,rf_log_interactions,0.31,0.4738712824675324
hexane:29,hexane:0.15,hexane,0.15,primary,leave_one_solvent_out,hexane,rf_log_interactions,0.5,0.5563073556998556
hexane:30,hexane:0.15,hexane,0.15,primary,leave_one_solvent_out,hexane,rf_log_interactions,0.52,0.5563073556998556
hexane:31,hexane:0.15,hexane,0.15,primary,leave_one_solvent_out,hexane,rf_log_interactions,0.48,0.5563073556998556
hexane:32,hexane:0.25,hexane,0.25,primary,leave_one_solvent_out,hexane,rf_log_interactions,0.5700000000000001,0.6243411562049066
hexane:33,hexane:0.25,hexane,0.25,primary,leave_one_solvent_out,hexane,rf_log_interactions,0.5499999999999999,0.6243411562049066
hexane:34,hexane:0.25,hexane,0.25,primary,leave_one_solvent_out,hexane,rf_log_interactions,0.53,0.6243411562049066
hexane:35,hexane:0.5,hexane,0.5,primary,leave_one_solvent_out,hexane,rf_log_interactions,0.77,1.024069336219336
hexane:36,hexane:0.5,hexane,0.5,primary,leave_one_solvent_out,hexane,rf_log_interactions,0.78,1.024069336219336
hexane:37,hexane:0.5,hexane,0.5,primary,leave_one_solvent_out,hexane,rf_log_interactions,0.79,1.024069336219336
hexane:38,hexane:1,hexane,1.0,primary,leave_one_solvent_out,hexane,rf_log_interactions,1.42,0.9903036940836942
hexane:39,hexane:1,hexane,1.0,primary,leave_one_solvent_out,hexane,rf_log_interactions,1.42,0.9903036940836942
hexane:40,hexane:1,hexane,1.0,primary,leave_one_solvent_out,hexane,rf_log_interactions,1.44,0.9903036940836942
hexane:41,hexane:1.5,hexane,1.5,primary,leave_one_solvent_out,hexane,rf_log_interactions,2.22,0.97524674963925
hexane:42,hexane:1.5,hexane,1.5,primary,leave_one_solvent_out,hexane,rf_log_interactions,2.22,0.97524674963925
hexane:43,hexane:1.5,hexane,1.5,primary,leave_one_solvent_out,hexane,rf_log_interactions,2.21,0.97524674963925
hexane:44,hexane:2,hexane,2.0,primary,leave_one_solvent_out,hexane,rf_log_interactions,2.9799999999999995,1.0211184163059162
hexane:45,hexane:2,hexane,2.0,primary,leave_one_solvent_out,hexane,rf_log_interactions,2.96,1.0211184163059162
hexane:46,hexane:2,hexane,2.0,primary,leave_one_solvent_out,hexane,rf_log_interactions,2.99,1.0211184163059162
hexane:47,hexane:2.5,hexane,2.5,primary,leave_one_solvent_out,hexane,rf_log_interactions,2.98,1.0773978210678208
hexane:48,hexane:2.5,hexane,2.5,primary,leave_one_solvent_out,hexane,rf_log_interactions,3.06,1.0773978210678208
hexane:49,hexane:2.5,hexane,2.5,primary,leave_one_solvent_out,hexane,rf_log_interactions,3.01,1.0773978210678208
hexane:50,hexane:3,hexane,3.0,primary,leave_one_solvent_out,hexane,rf_log_interactions,3.73,1.0844292496392496
hexane:51,hexane:3,hexane,3.0,primary,leave_one_solvent_out,hexane,rf_log_interactions,3.65,1.0844292496392496
hexane:52,hexane:3,hexane,3.0,primary,leave_one_solvent_out,hexane,rf_log_interactions,3.64,1.0844292496392496
hexane:53,hexane:5,hexane,5.0,primary,leave_one_solvent_out,hexane,rf_log_interactions,5.890000000000001,1.231931845238095
hexane:54,hexane:5,hexane,5.0,primary,leave_one_solvent_out,hexane,rf_log_interactions,5.9,1.231931845238095
hexane:55,hexane:5,hexane,5.0,primary,leave_one_solvent_out,hexane,rf_log_interactions,6.0,1.231931845238095
hexane:56,hexane:7,hexane,7.0,primary,leave_one_solvent_out,hexane,rf_log_interactions,9.3,1.2403276785714283
hexane:57,hexane:7,hexane,7.0,primary,leave_one_solvent_out,hexane,rf_log_interactions,9.33,1.2403276785714283
hexane:58,hexane:7,hexane,7.0,primary,leave_one_solvent_out,hexane,rf_log_interactions,9.24,1.2403276785714283
hexane:59,hexane:10,hexane,10.0,primary,leave_one_solvent_out,hexane,rf_log_interactions,12.67,1.633528253968254
toluene:17,toluene:0.0025,toluene,0.0025,primary,leave_one_solvent_out,toluene,mean,0.13,1.5656043956043957
toluene:18,toluene:0.0025,toluene,0.0025,primary,leave_one_solvent_out,toluene,mean,0.14,1.5656043956043957
toluene:19,toluene:0.0025,toluene,0.0025,primary,leave_one_solvent_out,toluene,mean,0.14,1.5656043956043957
toluene:20,toluene:0.005,toluene,0.005,primary,leave_one_solvent_out,toluene,mean,0.09,1.5656043956043957
toluene:21,toluene:0.005,toluene,0.005,primary,leave_one_solvent_out,toluene,mean,0.1,1.5656043956043957
toluene:22,toluene:0.005,toluene,0.005,primary,leave_one_solvent_out,toluene,mean,0.09,1.5656043956043957
toluene:23,toluene:0.01,toluene,0.01,primary,leave_one_solvent_out,toluene,mean,0.3,1.5656043956043957
toluene:24,toluene:0.01,toluene,0.01,primary,leave_one_solvent_out,toluene,mean,0.31,1.5656043956043957
toluene:25,toluene:0.01,toluene,0.01,primary,leave_one_solvent_out,toluene,mean,0.24,1.5656043956043957
toluene:26,toluene:0.015,toluene,0.015,primary,leave_one_solvent_out,toluene,mean,0.18,1.5656043956043957
toluene:27,toluene:0.015,toluene,0.015,primary,leave_one_solvent_out,toluene,mean,0.1499999999999999,1.5656043956043957
toluene:28,toluene:0.015,toluene,0.015,primary,leave_one_solvent_out,toluene,mean,0.16,1.5656043956043957
toluene:29,toluene:0.025,toluene,0.025,primary,leave_one_solvent_out,toluene,mean,0.1799999999999999,1.5656043956043957
toluene:30,toluene:0.025,toluene,0.025,primary,leave_one_solvent_out,toluene,mean,0.18,1.5656043956043957
toluene:31,toluene:0.025,toluene,0.025,primary,leave_one_solvent_out,toluene,mean,0.17,1.5656043956043957
toluene:32,toluene:0.05,toluene,0.05,primary,leave_one_solvent_out,toluene,mean,0.3,1.5656043956043957
toluene:33,toluene:0.05,toluene,0.05,primary,leave_one_solvent_out,toluene,mean,0.25,1.5656043956043957
toluene:34,toluene:0.05,toluene,0.05,primary,leave_one_solvent_out,toluene,mean,0.31,1.5656043956043957
toluene:35,toluene:0.1,toluene,0.1,primary,leave_one_solvent_out,toluene,mean,0.15,1.5656043956043957
toluene:36,toluene:0.1,toluene,0.1,primary,leave_one_solvent_out,toluene,mean,0.19,1.5656043956043957
toluene:37,toluene:0.1,toluene,0.1,primary,leave_one_solvent_out,toluene,mean,0.18,1.5656043956043957
toluene:38,toluene:0.25,toluene,0.25,primary,leave_one_solvent_out,toluene,mean,0.26,1.5656043956043957
toluene:39,toluene:0.25,toluene,0.25,primary,leave_one_solvent_out,toluene,mean,0.31,1.5656043956043957
toluene:40,toluene:0.25,toluene,0.25,primary,leave_one_solvent_out,toluene,mean,0.39,1.5656043956043957
toluene:41,toluene:10,toluene,10.0,primary,leave_one_solvent_out,toluene,mean,0.0999999999999999,1.5656043956043957
toluene:42,toluene:10,toluene,10.0,primary,leave_one_solvent_out,toluene,mean,0.0999999999999999,1.5656043956043957
toluene:43,toluene:10,toluene,10.0,primary,leave_one_solvent_out,toluene,mean,0.14,1.5656043956043957
toluene:45,toluene:40,toluene,40.0,primary,leave_one_solvent_out,toluene,mean,0.15,1.5656043956043957
toluene:46,toluene:40,toluene,40.0,primary,leave_one_solvent_out,toluene,mean,0.12,1.5656043956043957
toluene:47,toluene:50,toluene,50.0,primary,leave_one_solvent_out,toluene,mean,0.2099999999999999,1.5656043956043957
toluene:48,toluene:50,toluene,50.0,primary,leave_one_solvent_out,toluene,mean,0.1899999999999999,1.5656043956043957
toluene:49,toluene:50,toluene,50.0,primary,leave_one_solvent_out,toluene,mean,0.1799999999999999,1.5656043956043957
toluene:50,toluene:50,toluene,50.0,primary,leave_one_solvent_out,toluene,mean,0.17,1.5656043956043957
toluene:51,toluene:50,toluene,50.0,primary,leave_one_solvent_out,toluene,mean,0.14,1.5656043956043957
toluene:52,toluene:50,toluene,50.0,primary,leave_one_solvent_out,toluene,mean,0.12,1.5656043956043957
toluene:17,toluene:0.0025,toluene,0.0025,primary,leave_one_solvent_out,toluene,ridge_raw,0.13,0.0
toluene:18,toluene:0.0025,toluene,0.0025,primary,leave_one_solvent_out,toluene,ridge_raw,0.14,0.0
toluene:19,toluene:0.0025,toluene,0.0025,primary,leave_one_solvent_out,toluene,ridge_raw,0.14,0.0
toluene:20,toluene:0.005,toluene,0.005,primary,leave_one_solvent_out,toluene,ridge_raw,0.09,0.0
toluene:21,toluene:0.005,toluene,0.005,primary,leave_one_solvent_out,toluene,ridge_raw,0.1,0.0
toluene:22,toluene:0.005,toluene,0.005,primary,leave_one_solvent_out,toluene,ridge_raw,0.09,0.0
toluene:23,toluene:0.01,toluene,0.01,primary,leave_one_solvent_out,toluene,ridge_raw,0.3,0.0
toluene:24,toluene:0.01,toluene,0.01,primary,leave_one_solvent_out,toluene,ridge_raw,0.31,0.0
toluene:25,toluene:0.01,toluene,0.01,primary,leave_one_solvent_out,toluene,ridge_raw,0.24,0.0
toluene:26,toluene:0.015,toluene,0.015,primary,leave_one_solvent_out,toluene,ridge_raw,0.18,0.0
toluene:27,toluene:0.015,toluene,0.015,primary,leave_one_solvent_out,toluene,ridge_raw,0.1499999999999999,0.0
toluene:28,toluene:0.015,toluene,0.015,primary,leave_one_solvent_out,toluene,ridge_raw,0.16,0.0
toluene:29,toluene:0.025,toluene,0.025,primary,leave_one_solvent_out,toluene,ridge_raw,0.1799999999999999,0.0
toluene:30,toluene:0.025,toluene,0.025,primary,leave_one_solvent_out,toluene,ridge_raw,0.18,0.0
toluene:31,toluene:0.025,toluene,0.025,primary,leave_one_solvent_out,toluene,ridge_raw,0.17,0.0
toluene:32,toluene:0.05,toluene,0.05,primary,leave_one_solvent_out,toluene,ridge_raw,0.3,0.0
toluene:33,toluene:0.05,toluene,0.05,primary,leave_one_solvent_out,toluene,ridge_raw,0.25,0.0
toluene:34,toluene:0.05,toluene,0.05,primary,leave_one_solvent_out,toluene,ridge_raw,0.31,0.0
toluene:35,toluene:0.1,toluene,0.1,primary,leave_one_solvent_out,toluene,ridge_raw,0.15,0.0
toluene:36,toluene:0.1,toluene,0.1,primary,leave_one_solvent_out,toluene,ridge_raw,0.19,0.0
toluene:37,toluene:0.1,toluene,0.1,primary,leave_one_solvent_out,toluene,ridge_raw,0.18,0.0
toluene:38,toluene:0.25,toluene,0.25,primary,leave_one_solvent_out,toluene,ridge_raw,0.26,0.0
toluene:39,toluene:0.25,toluene,0.25,primary,leave_one_solvent_out,toluene,ridge_raw,0.31,0.0
toluene:40,toluene:0.25,toluene,0.25,primary,leave_one_solvent_out,toluene,ridge_raw,0.39,0.0
toluene:41,toluene:10,toluene,10.0,primary,leave_one_solvent_out,toluene,ridge_raw,0.0999999999999999,3.091876300967608
toluene:42,toluene:10,toluene,10.0,primary,leave_one_solvent_out,toluene,ridge_raw,0.0999999999999999,3.091876300967608
toluene:43,toluene:10,toluene,10.0,primary,leave_one_solvent_out,toluene,ridge_raw,0.14,3.091876300967608
toluene:45,toluene:40,toluene,40.0,primary,leave_one_solvent_out,toluene,ridge_raw,0.15,22.640069287349217
toluene:46,toluene:40,toluene,40.0,primary,leave_one_solvent_out,toluene,ridge_raw,0.12,22.640069287349217
toluene:47,toluene:50,toluene,50.0,primary,leave_one_solvent_out,toluene,ridge_raw,0.2099999999999999,29.156133616143084
toluene:48,toluene:50,toluene,50.0,primary,leave_one_solvent_out,toluene,ridge_raw,0.1899999999999999,29.156133616143084
toluene:49,toluene:50,toluene,50.0,primary,leave_one_solvent_out,toluene,ridge_raw,0.1799999999999999,29.156133616143084
toluene:50,toluene:50,toluene,50.0,primary,leave_one_solvent_out,toluene,ridge_raw,0.17,29.156133616143084
toluene:51,toluene:50,toluene,50.0,primary,leave_one_solvent_out,toluene,ridge_raw,0.14,29.156133616143084
toluene:52,toluene:50,toluene,50.0,primary,leave_one_solvent_out,toluene,ridge_raw,0.12,29.156133616143084
toluene:17,toluene:0.0025,toluene,0.0025,primary,leave_one_solvent_out,toluene,ridge_log_interactions,0.13,0.4287061309849171
toluene:18,toluene:0.0025,toluene,0.0025,primary,leave_one_solvent_out,toluene,ridge_log_interactions,0.14,0.4287061309849171
toluene:19,toluene:0.0025,toluene,0.0025,primary,leave_one_solvent_out,toluene,ridge_log_interactions,0.14,0.4287061309849171
toluene:20,toluene:0.005,toluene,0.005,primary,leave_one_solvent_out,toluene,ridge_log_interactions,0.09,0.4353704114805412
toluene:21,toluene:0.005,toluene,0.005,primary,leave_one_solvent_out,toluene,ridge_log_interactions,0.1,0.4353704114805412
toluene:22,toluene:0.005,toluene,0.005,primary,leave_one_solvent_out,toluene,ridge_log_interactions,0.09,0.4353704114805412
toluene:23,toluene:0.01,toluene,0.01,primary,leave_one_solvent_out,toluene,ridge_log_interactions,0.3,0.448649382832966
toluene:24,toluene:0.01,toluene,0.01,primary,leave_one_solvent_out,toluene,ridge_log_interactions,0.31,0.448649382832966
toluene:25,toluene:0.01,toluene,0.01,primary,leave_one_solvent_out,toluene,ridge_log_interactions,0.24,0.448649382832966
toluene:26,toluene:0.015,toluene,0.015,primary,leave_one_solvent_out,toluene,ridge_log_interactions,0.18,0.4618627787510305
toluene:27,toluene:0.015,toluene,0.015,primary,leave_one_solvent_out,toluene,ridge_log_interactions,0.1499999999999999,0.4618627787510305
toluene:28,toluene:0.015,toluene,0.015,primary,leave_one_solvent_out,toluene,ridge_log_interactions,0.16,0.4618627787510305
toluene:29,toluene:0.025,toluene,0.025,primary,leave_one_solvent_out,toluene,ridge_log_interactions,0.1799999999999999,0.4880954127492221
toluene:30,toluene:0.025,toluene,0.025,primary,leave_one_solvent_out,toluene,ridge_log_interactions,0.18,0.4880954127492221
toluene:31,toluene:0.025,toluene,0.025,primary,leave_one_solvent_out,toluene,ridge_log_interactions,0.17,0.4880954127492221
toluene:32,toluene:0.05,toluene,0.05,primary,leave_one_solvent_out,toluene,ridge_log_interactions,0.3,0.5525734058740819
toluene:33,toluene:0.05,toluene,0.05,primary,leave_one_solvent_out,toluene,ridge_log_interactions,0.25,0.5525734058740819
toluene:34,toluene:0.05,toluene,0.05,primary,leave_one_solvent_out,toluene,ridge_log_interactions,0.31,0.5525734058740819
toluene:35,toluene:0.1,toluene,0.1,primary,leave_one_solvent_out,toluene,ridge_log_interactions,0.15,0.677047348317322
toluene:36,toluene:0.1,toluene,0.1,primary,leave_one_solvent_out,toluene,ridge_log_interactions,0.19,0.677047348317322
toluene:37,toluene:0.1,toluene,0.1,primary,leave_one_solvent_out,toluene,ridge_log_interactions,0.18,0.677047348317322
toluene:38,toluene:0.25,toluene,0.25,primary,leave_one_solvent_out,toluene,ridge_log_interactions,0.26,1.0190920254414586
toluene:39,toluene:0.25,toluene,0.25,primary,leave_one_solvent_out,toluene,ridge_log_interactions,0.31,1.0190920254414586
toluene:40,toluene:0.25,toluene,0.25,primary,leave_one_solvent_out,toluene,ridge_log_interactions,0.39,1.0190920254414586
toluene:41,toluene:10,toluene,10.0,primary,leave_one_solvent_out,toluene,ridge_log_interactions,0.0999999999999999,6.838090942658396
toluene:42,toluene:10,toluene,10.0,primary,leave_one_solvent_out,toluene,ridge_log_interactions,0.0999999999999999,6.838090942658396
toluene:43,toluene:10,toluene,10.0,primary,leave_one_solvent_out,toluene,ridge_log_interactions,0.14,6.838090942658396
toluene:45,toluene:40,toluene,40.0,primary,leave_one_solvent_out,toluene,ridge_log_interactions,0.15,10.35845686007048
toluene:46,toluene:40,toluene,40.0,primary,leave_one_solvent_out,toluene,ridge_log_interactions,0.12,10.35845686007048
toluene:47,toluene:50,toluene,50.0,primary,leave_one_solvent_out,toluene,ridge_log_interactions,0.2099999999999999,10.942439505906712
toluene:48,toluene:50,toluene,50.0,primary,leave_one_solvent_out,toluene,ridge_log_interactions,0.1899999999999999,10.942439505906712
toluene:49,toluene:50,toluene,50.0,primary,leave_one_solvent_out,toluene,ridge_log_interactions,0.1799999999999999,10.942439505906712
toluene:50,toluene:50,toluene,50.0,primary,leave_one_solvent_out,toluene,ridge_log_interactions,0.17,10.942439505906712
toluene:51,toluene:50,toluene,50.0,primary,leave_one_solvent_out,toluene,ridge_log_interactions,0.14,10.942439505906712
toluene:52,toluene:50,toluene,50.0,primary,leave_one_solvent_out,toluene,ridge_log_interactions,0.12,10.942439505906712
toluene:17,toluene:0.0025,toluene,0.0025,primary,leave_one_solvent_out,toluene,rf_raw,0.13,0.0740519115606615
toluene:18,toluene:0.0025,toluene,0.0025,primary,leave_one_solvent_out,toluene,rf_raw,0.14,0.0740519115606615
toluene:19,toluene:0.0025,toluene,0.0025,primary,leave_one_solvent_out,toluene,rf_raw,0.14,0.0740519115606615
toluene:20,toluene:0.005,toluene,0.005,primary,leave_one_solvent_out,toluene,rf_raw,0.09,0.0740519115606615
toluene:21,toluene:0.005,toluene,0.005,primary,leave_one_solvent_out,toluene,rf_raw,0.1,0.0740519115606615
toluene:22,toluene:0.005,toluene,0.005,primary,leave_one_solvent_out,toluene,rf_raw,0.09,0.0740519115606615
toluene:23,toluene:0.01,toluene,0.01,primary,leave_one_solvent_out,toluene,rf_raw,0.3,0.0740519115606615
toluene:24,toluene:0.01,toluene,0.01,primary,leave_one_solvent_out,toluene,rf_raw,0.31,0.0740519115606615
toluene:25,toluene:0.01,toluene,0.01,primary,leave_one_solvent_out,toluene,rf_raw,0.24,0.0740519115606615
toluene:26,toluene:0.015,toluene,0.015,primary,leave_one_solvent_out,toluene,rf_raw,0.18,0.0740519115606615
toluene:27,toluene:0.015,toluene,0.015,primary,leave_one_solvent_out,toluene,rf_raw,0.1499999999999999,0.0740519115606615
toluene:28,toluene:0.015,toluene,0.015,primary,leave_one_solvent_out,toluene,rf_raw,0.16,0.0740519115606615
toluene:29,toluene:0.025,toluene,0.025,primary,leave_one_solvent_out,toluene,rf_raw,0.1799999999999999,0.0740519115606615
toluene:30,toluene:0.025,toluene,0.025,primary,leave_one_solvent_out,toluene,rf_raw,0.18,0.0740519115606615
toluene:31,toluene:0.025,toluene,0.025,primary,leave_one_solvent_out,toluene,rf_raw,0.17,0.0740519115606615
toluene:32,toluene:0.05,toluene,0.05,primary,leave_one_solvent_out,toluene,rf_raw,0.3,0.1560081535866094
toluene:33,toluene:0.05,toluene,0.05,primary,leave_one_solvent_out,toluene,rf_raw,0.25,0.1560081535866094
toluene:34,toluene:0.05,toluene,0.05,primary,leave_one_solvent_out,toluene,rf_raw,0.31,0.1560081535866094
toluene:35,toluene:0.1,toluene,0.1,primary,leave_one_solvent_out,toluene,rf_raw,0.15,0.4031333856421354
toluene:36,toluene:0.1,toluene,0.1,primary,leave_one_solvent_out,toluene,rf_raw,0.19,0.4031333856421354
toluene:37,toluene:0.1,toluene,0.1,primary,leave_one_solvent_out,toluene,rf_raw,0.18,0.4031333856421354
toluene:38,toluene:0.25,toluene,0.25,primary,leave_one_solvent_out,toluene,rf_raw,0.26,0.6085581185481186
toluene:39,toluene:0.25,toluene,0.25,primary,leave_one_solvent_out,toluene,rf_raw,0.31,0.6085581185481186
toluene:40,toluene:0.25,toluene,0.25,primary,leave_one_solvent_out,toluene,rf_raw,0.39,0.6085581185481186
toluene:41,toluene:10,toluene,10.0,primary,leave_one_solvent_out,toluene,rf_raw,0.0999999999999999,5.429677440476194
toluene:42,toluene:10,toluene,10.0,primary,leave_one_solvent_out,toluene,rf_raw,0.0999999999999999,5.429677440476194
toluene:43,toluene:10,toluene,10.0,primary,leave_one_solvent_out,toluene,rf_raw,0.14,5.429677440476194
toluene:45,toluene:40,toluene,40.0,primary,leave_one_solvent_out,toluene,rf_raw,0.15,5.429677440476194
toluene:46,toluene:40,toluene,40.0,primary,leave_one_solvent_out,toluene,rf_raw,0.12,5.429677440476194
toluene:47,toluene:50,toluene,50.0,primary,leave_one_solvent_out,toluene,rf_raw,0.2099999999999999,5.429677440476194
toluene:48,toluene:50,toluene,50.0,primary,leave_one_solvent_out,toluene,rf_raw,0.1899999999999999,5.429677440476194
toluene:49,toluene:50,toluene,50.0,primary,leave_one_solvent_out,toluene,rf_raw,0.1799999999999999,5.429677440476194
toluene:50,toluene:50,toluene,50.0,primary,leave_one_solvent_out,toluene,rf_raw,0.17,5.429677440476194
toluene:51,toluene:50,toluene,50.0,primary,leave_one_solvent_out,toluene,rf_raw,0.14,5.429677440476194
toluene:52,toluene:50,toluene,50.0,primary,leave_one_solvent_out,toluene,rf_raw,0.12,5.429677440476194
toluene:17,toluene:0.0025,toluene,0.0025,primary,leave_one_solvent_out,toluene,rf_log_interactions,0.13,0.0739919115606615
toluene:18,toluene:0.0025,toluene,0.0025,primary,leave_one_solvent_out,toluene,rf_log_interactions,0.14,0.0739919115606615
toluene:19,toluene:0.0025,toluene,0.0025,primary,leave_one_solvent_out,toluene,rf_log_interactions,0.14,0.0739919115606615
toluene:20,toluene:0.005,toluene,0.005,primary,leave_one_solvent_out,toluene,rf_log_interactions,0.09,0.0739919115606615
toluene:21,toluene:0.005,toluene,0.005,primary,leave_one_solvent_out,toluene,rf_log_interactions,0.1,0.0739919115606615
toluene:22,toluene:0.005,toluene,0.005,primary,leave_one_solvent_out,toluene,rf_log_interactions,0.09,0.0739919115606615
toluene:23,toluene:0.01,toluene,0.01,primary,leave_one_solvent_out,toluene,rf_log_interactions,0.3,0.0739919115606615
toluene:24,toluene:0.01,toluene,0.01,primary,leave_one_solvent_out,toluene,rf_log_interactions,0.31,0.0739919115606615
toluene:25,toluene:0.01,toluene,0.01,primary,leave_one_solvent_out,toluene,rf_log_interactions,0.24,0.0739919115606615
toluene:26,toluene:0.015,toluene,0.015,primary,leave_one_solvent_out,toluene,rf_log_interactions,0.18,0.0739919115606615
toluene:27,toluene:0.015,toluene,0.015,primary,leave_one_solvent_out,toluene,rf_log_interactions,0.1499999999999999,0.0739919115606615
toluene:28,toluene:0.015,toluene,0.015,primary,leave_one_solvent_out,toluene,rf_log_interactions,0.16,0.0739919115606615
toluene:29,toluene:0.025,toluene,0.025,primary,leave_one_solvent_out,toluene,rf_log_interactions,0.1799999999999999,0.1096673124098123
toluene:30,toluene:0.025,toluene,0.025,primary,leave_one_solvent_out,toluene,rf_log_interactions,0.18,0.1096673124098123
toluene:31,toluene:0.025,toluene,0.025,primary,leave_one_solvent_out,toluene,rf_log_interactions,0.17,0.1096673124098123
toluene:32,toluene:0.05,toluene,0.05,primary,leave_one_solvent_out,toluene,rf_log_interactions,0.3,0.2396172655122655
toluene:33,toluene:0.05,toluene,0.05,primary,leave_one_solvent_out,toluene,rf_log_interactions,0.25,0.2396172655122655
toluene:34,toluene:0.05,toluene,0.05,primary,leave_one_solvent_out,toluene,rf_log_interactions,0.31,0.2396172655122655
toluene:35,toluene:0.1,toluene,0.1,primary,leave_one_solvent_out,toluene,rf_log_interactions,0.15,0.5020608577533573
toluene:36,toluene:0.1,toluene,0.1,primary,leave_one_solvent_out,toluene,rf_log_interactions,0.19,0.5020608577533573
toluene:37,toluene:0.1,toluene,0.1,primary,leave_one_solvent_out,toluene,rf_log_interactions,0.18,0.5020608577533573
toluene:38,toluene:0.25,toluene,0.25,primary,leave_one_solvent_out,toluene,rf_log_interactions,0.26,0.7005925609113112
toluene:39,toluene:0.25,toluene,0.25,primary,leave_one_solvent_out,toluene,rf_log_interactions,0.31,0.7005925609113112
toluene:40,toluene:0.25,toluene,0.25,primary,leave_one_solvent_out,toluene,rf_log_interactions,0.39,0.7005925609113112
toluene:41,toluene:10,toluene,10.0,primary,leave_one_solvent_out,toluene,rf_log_interactions,0.0999999999999999,8.601007577561326
toluene:42,toluene:10,toluene,10.0,primary,leave_one_solvent_out,toluene,rf_log_interactions,0.0999999999999999,8.601007577561326
toluene:43,toluene:10,toluene,10.0,primary,leave_one_solvent_out,toluene,rf_log_interactions,0.14,8.601007577561326
toluene:45,toluene:40,toluene,40.0,primary,leave_one_solvent_out,toluene,rf_log_interactions,0.15,9.436496327561326
toluene:46,toluene:40,toluene,40.0,primary,leave_one_solvent_out,toluene,rf_log_interactions,0.12,9.436496327561326
toluene:47,toluene:50,toluene,50.0,primary,leave_one_solvent_out,toluene,rf_log_interactions,0.2099999999999999,9.436496327561326
toluene:48,toluene:50,toluene,50.0,primary,leave_one_solvent_out,toluene,rf_log_interactions,0.1899999999999999,9.436496327561326
toluene:49,toluene:50,toluene,50.0,primary,leave_one_solvent_out,toluene,rf_log_interactions,0.1799999999999999,9.436496327561326
toluene:50,toluene:50,toluene,50.0,primary,leave_one_solvent_out,toluene,rf_log_interactions,0.17,9.436496327561326
toluene:51,toluene:50,toluene,50.0,primary,leave_one_solvent_out,toluene,rf_log_interactions,0.14,9.436496327561326
toluene:52,toluene:50,toluene,50.0,primary,leave_one_solvent_out,toluene,rf_log_interactions,0.12,9.436496327561326
hexane:2,hexane:0.02,hexane,0.02,primary,ood_low_concentration,low,mean,0.0399999999999999,1.6031034482758617
hexane:3,hexane:0.02,hexane,0.02,primary,ood_low_concentration,low,mean,0.0599999999999999,1.6031034482758617
hexane:4,hexane:0.02,hexane,0.02,primary,ood_low_concentration,low,mean,0.0499999999999999,1.6031034482758617
hexane:5,hexane:0.02,hexane,0.02,primary,ood_low_concentration,low,mean,0.0899999999999999,1.6031034482758617
hexane:6,hexane:0.02,hexane,0.02,primary,ood_low_concentration,low,mean,0.1099999999999999,1.6031034482758617
hexane:7,hexane:0.02,hexane,0.02,primary,ood_low_concentration,low,mean,0.09,1.6031034482758617
hexane:8,hexane:0.05,hexane,0.05,primary,ood_low_concentration,low,mean,0.14,1.6031034482758617
hexane:9,hexane:0.05,hexane,0.05,primary,ood_low_concentration,low,mean,0.18,1.6031034482758617
hexane:10,hexane:0.05,hexane,0.05,primary,ood_low_concentration,low,mean,0.14,1.6031034482758617
hexane:11,hexane:0.05,hexane,0.05,primary,ood_low_concentration,low,mean,0.15,1.6031034482758617
hexane:12,hexane:0.05,hexane,0.05,primary,ood_low_concentration,low,mean,0.1499999999999999,1.6031034482758617
hexane:13,hexane:0.05,hexane,0.05,primary,ood_low_concentration,low,mean,0.1699999999999999,1.6031034482758617
hexane:14,hexane:0.07,hexane,0.07,primary,ood_low_concentration,low,mean,0.13,1.6031034482758617
hexane:15,hexane:0.07,hexane,0.07,primary,ood_low_concentration,low,mean,0.1499999999999999,1.6031034482758617
hexane:16,hexane:0.07,hexane,0.07,primary,ood_low_concentration,low,mean,0.1399999999999999,1.6031034482758617
hexane:17,hexane:0.07,hexane,0.07,primary,ood_low_concentration,low,mean,0.23,1.6031034482758617
hexane:18,hexane:0.07,hexane,0.07,primary,ood_low_concentration,low,mean,0.21,1.6031034482758617
hexane:19,hexane:0.07,hexane,0.07,primary,ood_low_concentration,low,mean,0.2199999999999999,1.6031034482758617
hexane:20,hexane:0.09,hexane,0.09,primary,ood_low_concentration,low,mean,0.3399999999999999,1.6031034482758617
hexane:21,hexane:0.09,hexane,0.09,primary,ood_low_concentration,low,mean,0.3199999999999999,1.6031034482758617
hexane:22,hexane:0.09,hexane,0.09,primary,ood_low_concentration,low,mean,0.3299999999999999,1.6031034482758617
toluene:17,toluene:0.0025,toluene,0.0025,primary,ood_low_concentration,low,mean,0.13,1.6031034482758617
toluene:18,toluene:0.0025,toluene,0.0025,primary,ood_low_concentration,low,mean,0.14,1.6031034482758617
toluene:19,toluene:0.0025,toluene,0.0025,primary,ood_low_concentration,low,mean,0.14,1.6031034482758617
toluene:20,toluene:0.005,toluene,0.005,primary,ood_low_concentration,low,mean,0.09,1.6031034482758617
toluene:21,toluene:0.005,toluene,0.005,primary,ood_low_concentration,low,mean,0.1,1.6031034482758617
toluene:22,toluene:0.005,toluene,0.005,primary,ood_low_concentration,low,mean,0.09,1.6031034482758617
toluene:23,toluene:0.01,toluene,0.01,primary,ood_low_concentration,low,mean,0.3,1.6031034482758617
toluene:24,toluene:0.01,toluene,0.01,primary,ood_low_concentration,low,mean,0.31,1.6031034482758617
toluene:25,toluene:0.01,toluene,0.01,primary,ood_low_concentration,low,mean,0.24,1.6031034482758617
ethyl_acetate:2,ethyl_acetate:0.1,ethyl_acetate,0.1,primary,ood_low_concentration,low,mean,0.53,1.6031034482758617
ethyl_acetate:3,ethyl_acetate:0.1,ethyl_acetate,0.1,primary,ood_low_concentration,low,mean,0.54,1.6031034482758617
ethyl_acetate:4,ethyl_acetate:0.1,ethyl_acetate,0.1,primary,ood_low_concentration,low,mean,0.54,1.6031034482758617
ethyl_acetate:5,ethyl_acetate:0.15,ethyl_acetate,0.15,primary,ood_low_concentration,low,mean,0.6699999999999999,1.6031034482758617
ethyl_acetate:6,ethyl_acetate:0.15,ethyl_acetate,0.15,primary,ood_low_concentration,low,mean,0.6499999999999999,1.6031034482758617
ethyl_acetate:7,ethyl_acetate:0.15,ethyl_acetate,0.15,primary,ood_low_concentration,low,mean,0.71,1.6031034482758617
ethyl_acetate:14,ethyl_acetate:0.1,ethyl_acetate,0.1,primary,ood_low_concentration,low,mean,0.26,1.6031034482758617
ethyl_acetate:15,ethyl_acetate:0.1,ethyl_acetate,0.1,primary,ood_low_concentration,low,mean,0.31,1.6031034482758617
ethyl_acetate:16,ethyl_acetate:0.1,ethyl_acetate,0.1,primary,ood_low_concentration,low,mean,0.33,1.6031034482758617
hexane:2,hexane:0.02,hexane,0.02,primary,ood_low_concentration,low,ridge_raw,0.0399999999999999,2.7617909442517874
hexane:3,hexane:0.02,hexane,0.02,primary,ood_low_concentration,low,ridge_raw,0.0599999999999999,2.7617909442517874
hexane:4,hexane:0.02,hexane,0.02,primary,ood_low_concentration,low,ridge_raw,0.0499999999999999,2.7617909442517874
hexane:5,hexane:0.02,hexane,0.02,primary,ood_low_concentration,low,ridge_raw,0.0899999999999999,2.7617909442517874
hexane:6,hexane:0.02,hexane,0.02,primary,ood_low_concentration,low,ridge_raw,0.1099999999999999,2.7617909442517874
hexane:7,hexane:0.02,hexane,0.02,primary,ood_low_concentration,low,ridge_raw,0.09,2.7617909442517874
hexane:8,hexane:0.05,hexane,0.05,primary,ood_low_concentration,low,ridge_raw,0.14,2.7623955405802976
hexane:9,hexane:0.05,hexane,0.05,primary,ood_low_concentration,low,ridge_raw,0.18,2.7623955405802976
hexane:10,hexane:0.05,hexane,0.05,primary,ood_low_concentration,low,ridge_raw,0.14,2.7623955405802976
hexane:11,hexane:0.05,hexane,0.05,primary,ood_low_concentration,low,ridge_raw,0.15,2.7623955405802976
hexane:12,hexane:0.05,hexane,0.05,primary,ood_low_concentration,low,ridge_raw,0.1499999999999999,2.7623955405802976
hexane:13,hexane:0.05,hexane,0.05,primary,ood_low_concentration,low,ridge_raw,0.1699999999999999,2.7623955405802976
hexane:14,hexane:0.07,hexane,0.07,primary,ood_low_concentration,low,ridge_raw,0.13,2.762798604799304
hexane:15,hexane:0.07,hexane,0.07,primary,ood_low_concentration,low,ridge_raw,0.1499999999999999,2.762798604799304
hexane:16,hexane:0.07,hexane,0.07,primary,ood_low_concentration,low,ridge_raw,0.1399999999999999,2.762798604799304
hexane:17,hexane:0.07,hexane,0.07,primary,ood_low_concentration,low,ridge_raw,0.23,2.762798604799304
hexane:18,hexane:0.07,hexane,0.07,primary,ood_low_concentration,low,ridge_raw,0.21,2.762798604799304
hexane:19,hexane:0.07,hexane,0.07,primary,ood_low_concentration,low,ridge_raw,0.2199999999999999,2.762798604799304
hexane:20,hexane:0.09,hexane,0.09,primary,ood_low_concentration,low,ridge_raw,0.3399999999999999,2.763201669018311
hexane:21,hexane:0.09,hexane,0.09,primary,ood_low_concentration,low,ridge_raw,0.3199999999999999,2.763201669018311
hexane:22,hexane:0.09,hexane,0.09,primary,ood_low_concentration,low,ridge_raw,0.3299999999999999,2.763201669018311
toluene:17,toluene:0.0025,toluene,0.0025,primary,ood_low_concentration,low,ridge_raw,0.13,0.0
toluene:18,toluene:0.0025,toluene,0.0025,primary,ood_low_concentration,low,ridge_raw,0.14,0.0
toluene:19,toluene:0.0025,toluene,0.0025,primary,ood_low_concentration,low,ridge_raw,0.14,0.0
toluene:20,toluene:0.005,toluene,0.005,primary,ood_low_concentration,low,ridge_raw,0.09,0.0
toluene:21,toluene:0.005,toluene,0.005,primary,ood_low_concentration,low,ridge_raw,0.1,0.0
toluene:22,toluene:0.005,toluene,0.005,primary,ood_low_concentration,low,ridge_raw,0.09,0.0
toluene:23,toluene:0.01,toluene,0.01,primary,ood_low_concentration,low,ridge_raw,0.3,0.0
toluene:24,toluene:0.01,toluene,0.01,primary,ood_low_concentration,low,ridge_raw,0.31,0.0
toluene:25,toluene:0.01,toluene,0.01,primary,ood_low_concentration,low,ridge_raw,0.24,0.0
ethyl_acetate:2,ethyl_acetate:0.1,ethyl_acetate,0.1,primary,ood_low_concentration,low,ridge_raw,0.53,1.17224294112226
ethyl_acetate:3,ethyl_acetate:0.1,ethyl_acetate,0.1,primary,ood_low_concentration,low,ridge_raw,0.54,1.17224294112226
ethyl_acetate:4,ethyl_acetate:0.1,ethyl_acetate,0.1,primary,ood_low_concentration,low,ridge_raw,0.54,1.17224294112226
ethyl_acetate:5,ethyl_acetate:0.15,ethyl_acetate,0.15,primary,ood_low_concentration,low,ridge_raw,0.6699999999999999,1.173250601669777
ethyl_acetate:6,ethyl_acetate:0.15,ethyl_acetate,0.15,primary,ood_low_concentration,low,ridge_raw,0.6499999999999999,1.173250601669777
ethyl_acetate:7,ethyl_acetate:0.15,ethyl_acetate,0.15,primary,ood_low_concentration,low,ridge_raw,0.71,1.173250601669777
ethyl_acetate:14,ethyl_acetate:0.1,ethyl_acetate,0.1,primary,ood_low_concentration,low,ridge_raw,0.26,1.17224294112226
ethyl_acetate:15,ethyl_acetate:0.1,ethyl_acetate,0.1,primary,ood_low_concentration,low,ridge_raw,0.31,1.17224294112226
ethyl_acetate:16,ethyl_acetate:0.1,ethyl_acetate,0.1,primary,ood_low_concentration,low,ridge_raw,0.33,1.17224294112226
hexane:2,hexane:0.02,hexane,0.02,primary,ood_low_concentration,low,ridge_log_interactions,0.0399999999999999,1.2966319469726209
hexane:3,hexane:0.02,hexane,0.02,primary,ood_low_concentration,low,ridge_log_interactions,0.0599999999999999,1.2966319469726209
hexane:4,hexane:0.02,hexane,0.02,primary,ood_low_concentration,low,ridge_log_interactions,0.0499999999999999,1.2966319469726209
hexane:5,hexane:0.02,hexane,0.02,primary,ood_low_concentration,low,ridge_log_interactions,0.0899999999999999,1.2966319469726209
hexane:6,hexane:0.02,hexane,0.02,primary,ood_low_concentration,low,ridge_log_interactions,0.1099999999999999,1.2966319469726209
hexane:7,hexane:0.02,hexane,0.02,primary,ood_low_concentration,low,ridge_log_interactions,0.09,1.2966319469726209
hexane:8,hexane:0.05,hexane,0.05,primary,ood_low_concentration,low,ridge_log_interactions,0.14,1.34845748059859
hexane:9,hexane:0.05,hexane,0.05,primary,ood_low_concentration,low,ridge_log_interactions,0.18,1.34845748059859
hexane:10,hexane:0.05,hexane,0.05,primary,ood_low_concentration,low,ridge_log_interactions,0.14,1.34845748059859
hexane:11,hexane:0.05,hexane,0.05,primary,ood_low_concentration,low,ridge_log_interactions,0.15,1.34845748059859
hexane:12,hexane:0.05,hexane,0.05,primary,ood_low_concentration,low,ridge_log_interactions,0.1499999999999999,1.34845748059859
hexane:13,hexane:0.05,hexane,0.05,primary,ood_low_concentration,low,ridge_log_interactions,0.1699999999999999,1.34845748059859
hexane:14,hexane:0.07,hexane,0.07,primary,ood_low_concentration,low,ridge_log_interactions,0.13,1.382191608201897
hexane:15,hexane:0.07,hexane,0.07,primary,ood_low_concentration,low,ridge_log_interactions,0.1499999999999999,1.382191608201897
hexane:16,hexane:0.07,hexane,0.07,primary,ood_low_concentration,low,ridge_log_interactions,0.1399999999999999,1.382191608201897
hexane:17,hexane:0.07,hexane,0.07,primary,ood_low_concentration,low,ridge_log_interactions,0.23,1.382191608201897
hexane:18,hexane:0.07,hexane,0.07,primary,ood_low_concentration,low,ridge_log_interactions,0.21,1.382191608201897
hexane:19,hexane:0.07,hexane,0.07,primary,ood_low_concentration,low,ridge_log_interactions,0.2199999999999999,1.382191608201897
hexane:20,hexane:0.09,hexane,0.09,primary,ood_low_concentration,low,ridge_log_interactions,0.3399999999999999,1.41530099369327
hexane:21,hexane:0.09,hexane,0.09,primary,ood_low_concentration,low,ridge_log_interactions,0.3199999999999999,1.41530099369327
hexane:22,hexane:0.09,hexane,0.09,primary,ood_low_concentration,low,ridge_log_interactions,0.3299999999999999,1.41530099369327
toluene:17,toluene:0.0025,toluene,0.0025,primary,ood_low_concentration,low,ridge_log_interactions,0.13,0.0
toluene:18,toluene:0.0025,toluene,0.0025,primary,ood_low_concentration,low,ridge_log_interactions,0.14,0.0
toluene:19,toluene:0.0025,toluene,0.0025,primary,ood_low_concentration,low,ridge_log_interactions,0.14,0.0
toluene:20,toluene:0.005,toluene,0.005,primary,ood_low_concentration,low,ridge_log_interactions,0.09,0.0
toluene:21,toluene:0.005,toluene,0.005,primary,ood_low_concentration,low,ridge_log_interactions,0.1,0.0
toluene:22,toluene:0.005,toluene,0.005,primary,ood_low_concentration,low,ridge_log_interactions,0.09,0.0
toluene:23,toluene:0.01,toluene,0.01,primary,ood_low_concentration,low,ridge_log_interactions,0.3,0.0
toluene:24,toluene:0.01,toluene,0.01,primary,ood_low_concentration,low,ridge_log_interactions,0.31,0.0
toluene:25,toluene:0.01,toluene,0.01,primary,ood_low_concentration,low,ridge_log_interactions,0.24,0.0
ethyl_acetate:2,ethyl_acetate:0.1,ethyl_acetate,0.1,primary,ood_low_concentration,low,ridge_log_interactions,0.53,1.0844006041353689
ethyl_acetate:3,ethyl_acetate:0.1,ethyl_acetate,0.1,primary,ood_low_concentration,low,ridge_log_interactions,0.54,1.0844006041353689
ethyl_acetate:4,ethyl_acetate:0.1,ethyl_acetate,0.1,primary,ood_low_concentration,low,ridge_log_interactions,0.54,1.0844006041353689
ethyl_acetate:5,ethyl_acetate:0.15,ethyl_acetate,0.15,primary,ood_low_concentration,low,ridge_log_interactions,0.6699999999999999,1.087261340446806
ethyl_acetate:6,ethyl_acetate:0.15,ethyl_acetate,0.15,primary,ood_low_concentration,low,ridge_log_interactions,0.6499999999999999,1.087261340446806
ethyl_acetate:7,ethyl_acetate:0.15,ethyl_acetate,0.15,primary,ood_low_concentration,low,ridge_log_interactions,0.71,1.087261340446806
ethyl_acetate:14,ethyl_acetate:0.1,ethyl_acetate,0.1,primary,ood_low_concentration,low,ridge_log_interactions,0.26,1.0844006041353689
ethyl_acetate:15,ethyl_acetate:0.1,ethyl_acetate,0.1,primary,ood_low_concentration,low,ridge_log_interactions,0.31,1.0844006041353689
ethyl_acetate:16,ethyl_acetate:0.1,ethyl_acetate,0.1,primary,ood_low_concentration,low,ridge_log_interactions,0.33,1.0844006041353689
hexane:2,hexane:0.02,hexane,0.02,primary,ood_low_concentration,low,rf_raw,0.0399999999999999,0.3580673556998555
hexane:3,hexane:0.02,hexane,0.02,primary,ood_low_concentration,low,rf_raw,0.0599999999999999,0.3580673556998555
hexane:4,hexane:0.02,hexane,0.02,primary,ood_low_concentration,low,rf_raw,0.0499999999999999,0.3580673556998555
hexane:5,hexane:0.02,hexane,0.02,primary,ood_low_concentration,low,rf_raw,0.0899999999999999,0.3580673556998555
hexane:6,hexane:0.02,hexane,0.02,primary,ood_low_concentration,low,rf_raw,0.1099999999999999,0.3580673556998555
hexane:7,hexane:0.02,hexane,0.02,primary,ood_low_concentration,low,rf_raw,0.09,0.3580673556998555
hexane:8,hexane:0.05,hexane,0.05,primary,ood_low_concentration,low,rf_raw,0.14,0.3652705699855698
hexane:9,hexane:0.05,hexane,0.05,primary,ood_low_concentration,low,rf_raw,0.18,0.3652705699855698
hexane:10,hexane:0.05,hexane,0.05,primary,ood_low_concentration,low,rf_raw,0.14,0.3652705699855698
hexane:11,hexane:0.05,hexane,0.05,primary,ood_low_concentration,low,rf_raw,0.15,0.3652705699855698
hexane:12,hexane:0.05,hexane,0.05,primary,ood_low_concentration,low,rf_raw,0.1499999999999999,0.3652705699855698
hexane:13,hexane:0.05,hexane,0.05,primary,ood_low_concentration,low,rf_raw,0.1699999999999999,0.3652705699855698
hexane:14,hexane:0.07,hexane,0.07,primary,ood_low_concentration,low,rf_raw,0.13,0.3652705699855698
hexane:15,hexane:0.07,hexane,0.07,primary,ood_low_concentration,low,rf_raw,0.1499999999999999,0.3652705699855698
hexane:16,hexane:0.07,hexane,0.07,primary,ood_low_concentration,low,rf_raw,0.1399999999999999,0.3652705699855698
hexane:17,hexane:0.07,hexane,0.07,primary,ood_low_concentration,low,rf_raw,0.23,0.3652705699855698
hexane:18,hexane:0.07,hexane,0.07,primary,ood_low_concentration,low,rf_raw,0.21,0.3652705699855698
hexane:19,hexane:0.07,hexane,0.07,primary,ood_low_concentration,low,rf_raw,0.2199999999999999,0.3652705699855698
hexane:20,hexane:0.09,hexane,0.09,primary,ood_low_concentration,low,rf_raw,0.3399999999999999,0.3660319985569984
hexane:21,hexane:0.09,hexane,0.09,primary,ood_low_concentration,low,rf_raw,0.3199999999999999,0.3660319985569984
hexane:22,hexane:0.09,hexane,0.09,primary,ood_low_concentration,low,rf_raw,0.3299999999999999,0.3660319985569984
toluene:17,toluene:0.0025,toluene,0.0025,primary,ood_low_concentration,low,rf_raw,0.13,0.1663097420634922
toluene:18,toluene:0.0025,toluene,0.0025,primary,ood_low_concentration,low,rf_raw,0.14,0.1663097420634922
toluene:19,toluene:0.0025,toluene,0.0025,primary,ood_low_concentration,low,rf_raw,0.14,0.1663097420634922
toluene:20,toluene:0.005,toluene,0.005,primary,ood_low_concentration,low,rf_raw,0.09,0.1663097420634922
toluene:21,toluene:0.005,toluene,0.005,primary,ood_low_concentration,low,rf_raw,0.1,0.1663097420634922
toluene:22,toluene:0.005,toluene,0.005,primary,ood_low_concentration,low,rf_raw,0.09,0.1663097420634922
toluene:23,toluene:0.01,toluene,0.01,primary,ood_low_concentration,low,rf_raw,0.3,0.1663097420634922
toluene:24,toluene:0.01,toluene,0.01,primary,ood_low_concentration,low,rf_raw,0.31,0.1663097420634922
toluene:25,toluene:0.01,toluene,0.01,primary,ood_low_concentration,low,rf_raw,0.24,0.1663097420634922
ethyl_acetate:2,ethyl_acetate:0.1,ethyl_acetate,0.1,primary,ood_low_concentration,low,rf_raw,0.53,0.4826009711122212
ethyl_acetate:3,ethyl_acetate:0.1,ethyl_acetate,0.1,primary,ood_low_concentration,low,rf_raw,0.54,0.4826009711122212
ethyl_acetate:4,ethyl_acetate:0.1,ethyl_acetate,0.1,primary,ood_low_concentration,low,rf_raw,0.54,0.4826009711122212
ethyl_acetate:5,ethyl_acetate:0.15,ethyl_acetate,0.15,primary,ood_low_concentration,low,rf_raw,0.6699999999999999,0.6158351864801865
ethyl_acetate:6,ethyl_acetate:0.15,ethyl_acetate,0.15,primary,ood_low_concentration,low,rf_raw,0.6499999999999999,0.6158351864801865
ethyl_acetate:7,ethyl_acetate:0.15,ethyl_acetate,0.15,primary,ood_low_concentration,low,rf_raw,0.71,0.6158351864801865
ethyl_acetate:14,ethyl_acetate:0.1,ethyl_acetate,0.1,primary,ood_low_concentration,low,rf_raw,0.26,0.4826009711122212
ethyl_acetate:15,ethyl_acetate:0.1,ethyl_acetate,0.1,primary,ood_low_concentration,low,rf_raw,0.31,0.4826009711122212
ethyl_acetate:16,ethyl_acetate:0.1,ethyl_acetate,0.1,primary,ood_low_concentration,low,rf_raw,0.33,0.4826009711122212
hexane:2,hexane:0.02,hexane,0.02,primary,ood_low_concentration,low,rf_log_interactions,0.0399999999999999,0.3425124549062048
hexane:3,hexane:0.02,hexane,0.02,primary,ood_low_concentration,low,rf_log_interactions,0.0599999999999999,0.3425124549062048
hexane:4,hexane:0.02,hexane,0.02,primary,ood_low_concentration,low,rf_log_interactions,0.0499999999999999,0.3425124549062048
hexane:5,hexane:0.02,hexane,0.02,primary,ood_low_concentration,low,rf_log_interactions,0.0899999999999999,0.3425124549062048
hexane:6,hexane:0.02,hexane,0.02,primary,ood_low_concentration,low,rf_log_interactions,0.1099999999999999,0.3425124549062048
hexane:7,hexane:0.02,hexane,0.02,primary,ood_low_concentration,low,rf_log_interactions,0.09,0.3425124549062048
hexane:8,hexane:0.05,hexane,0.05,primary,ood_low_concentration,low,rf_log_interactions,0.14,0.3546056691919191
hexane:9,hexane:0.05,hexane,0.05,primary,ood_low_concentration,low,rf_log_interactions,0.18,0.3546056691919191
hexane:10,hexane:0.05,hexane,0.05,primary,ood_low_concentration,low,rf_log_interactions,0.14,0.3546056691919191
hexane:11,hexane:0.05,hexane,0.05,primary,ood_low_concentration,low,rf_log_interactions,0.15,0.3546056691919191
hexane:12,hexane:0.05,hexane,0.05,primary,ood_low_concentration,low,rf_log_interactions,0.1499999999999999,0.3546056691919191
hexane:13,hexane:0.05,hexane,0.05,primary,ood_low_concentration,low,rf_log_interactions,0.1699999999999999,0.3546056691919191
hexane:14,hexane:0.07,hexane,0.07,primary,ood_low_concentration,low,rf_log_interactions,0.13,0.3547777525252524
hexane:15,hexane:0.07,hexane,0.07,primary,ood_low_concentration,low,rf_log_interactions,0.1499999999999999,0.3547777525252524
hexane:16,hexane:0.07,hexane,0.07,primary,ood_low_concentration,low,rf_log_interactions,0.1399999999999999,0.3547777525252524
hexane:17,hexane:0.07,hexane,0.07,primary,ood_low_concentration,low,rf_log_interactions,0.23,0.3547777525252524
hexane:18,hexane:0.07,hexane,0.07,primary,ood_low_concentration,low,rf_log_interactions,0.21,0.3547777525252524
hexane:19,hexane:0.07,hexane,0.07,primary,ood_low_concentration,low,rf_log_interactions,0.2199999999999999,0.3547777525252524
hexane:20,hexane:0.09,hexane,0.09,primary,ood_low_concentration,low,rf_log_interactions,0.3399999999999999,0.3656500739538238
hexane:21,hexane:0.09,hexane,0.09,primary,ood_low_concentration,low,rf_log_interactions,0.3199999999999999,0.3656500739538238
hexane:22,hexane:0.09,hexane,0.09,primary,ood_low_concentration,low,rf_log_interactions,0.3299999999999999,0.3656500739538238
toluene:17,toluene:0.0025,toluene,0.0025,primary,ood_low_concentration,low,rf_log_interactions,0.13,0.1663097420634922
toluene:18,toluene:0.0025,toluene,0.0025,primary,ood_low_concentration,low,rf_log_interactions,0.14,0.1663097420634922
toluene:19,toluene:0.0025,toluene,0.0025,primary,ood_low_concentration,low,rf_log_interactions,0.14,0.1663097420634922
toluene:20,toluene:0.005,toluene,0.005,primary,ood_low_concentration,low,rf_log_interactions,0.09,0.1663097420634922
toluene:21,toluene:0.005,toluene,0.005,primary,ood_low_concentration,low,rf_log_interactions,0.1,0.1663097420634922
toluene:22,toluene:0.005,toluene,0.005,primary,ood_low_concentration,low,rf_log_interactions,0.09,0.1663097420634922
toluene:23,toluene:0.01,toluene,0.01,primary,ood_low_concentration,low,rf_log_interactions,0.3,0.1663097420634922
toluene:24,toluene:0.01,toluene,0.01,primary,ood_low_concentration,low,rf_log_interactions,0.31,0.1663097420634922
toluene:25,toluene:0.01,toluene,0.01,primary,ood_low_concentration,low,rf_log_interactions,0.24,0.1663097420634922
ethyl_acetate:2,ethyl_acetate:0.1,ethyl_acetate,0.1,primary,ood_low_concentration,low,rf_log_interactions,0.53,0.4583406211843715
ethyl_acetate:3,ethyl_acetate:0.1,ethyl_acetate,0.1,primary,ood_low_concentration,low,rf_log_interactions,0.54,0.4583406211843715
ethyl_acetate:4,ethyl_acetate:0.1,ethyl_acetate,0.1,primary,ood_low_concentration,low,rf_log_interactions,0.54,0.4583406211843715
ethyl_acetate:5,ethyl_acetate:0.15,ethyl_acetate,0.15,primary,ood_low_concentration,low,rf_log_interactions,0.6699999999999999,0.5963054840992341
ethyl_acetate:6,ethyl_acetate:0.15,ethyl_acetate,0.15,primary,ood_low_concentration,low,rf_log_interactions,0.6499999999999999,0.5963054840992341
ethyl_acetate:7,ethyl_acetate:0.15,ethyl_acetate,0.15,primary,ood_low_concentration,low,rf_log_interactions,0.71,0.5963054840992341
ethyl_acetate:14,ethyl_acetate:0.1,ethyl_acetate,0.1,primary,ood_low_concentration,low,rf_log_interactions,0.26,0.4583406211843715
ethyl_acetate:15,ethyl_acetate:0.1,ethyl_acetate,0.1,primary,ood_low_concentration,low,rf_log_interactions,0.31,0.4583406211843715
ethyl_acetate:16,ethyl_acetate:0.1,ethyl_acetate,0.1,primary,ood_low_concentration,low,rf_log_interactions,0.33,0.4583406211843715
hexane:50,hexane:3,hexane,3.0,primary,ood_high_concentration,high,mean,3.73,0.6633333333333332
hexane:51,hexane:3,hexane,3.0,primary,ood_high_concentration,high,mean,3.65,0.6633333333333332
hexane:52,hexane:3,hexane,3.0,primary,ood_high_concentration,high,mean,3.64,0.6633333333333332
hexane:53,hexane:5,hexane,5.0,primary,ood_high_concentration,high,mean,5.890000000000001,0.6633333333333332
hexane:54,hexane:5,hexane,5.0,primary,ood_high_concentration,high,mean,5.9,0.6633333333333332
hexane:55,hexane:5,hexane,5.0,primary,ood_high_concentration,high,mean,6.0,0.6633333333333332
hexane:56,hexane:7,hexane,7.0,primary,ood_high_concentration,high,mean,9.3,0.6633333333333332
hexane:57,hexane:7,hexane,7.0,primary,ood_high_concentration,high,mean,9.33,0.6633333333333332
hexane:58,hexane:7,hexane,7.0,primary,ood_high_concentration,high,mean,9.24,0.6633333333333332
hexane:59,hexane:10,hexane,10.0,primary,ood_high_concentration,high,mean,12.67,0.6633333333333332
toluene:41,toluene:10,toluene,10.0,primary,ood_high_concentration,high,mean,0.0999999999999999,0.6633333333333332
toluene:42,toluene:10,toluene,10.0,primary,ood_high_concentration,high,mean,0.0999999999999999,0.6633333333333332
toluene:43,toluene:10,toluene,10.0,primary,ood_high_concentration,high,mean,0.14,0.6633333333333332
toluene:45,toluene:40,toluene,40.0,primary,ood_high_concentration,high,mean,0.15,0.6633333333333332
toluene:46,toluene:40,toluene,40.0,primary,ood_high_concentration,high,mean,0.12,0.6633333333333332
toluene:47,toluene:50,toluene,50.0,primary,ood_high_concentration,high,mean,0.2099999999999999,0.6633333333333332
toluene:48,toluene:50,toluene,50.0,primary,ood_high_concentration,high,mean,0.1899999999999999,0.6633333333333332
toluene:49,toluene:50,toluene,50.0,primary,ood_high_concentration,high,mean,0.1799999999999999,0.6633333333333332
toluene:50,toluene:50,toluene,50.0,primary,ood_high_concentration,high,mean,0.17,0.6633333333333332
toluene:51,toluene:50,toluene,50.0,primary,ood_high_concentration,high,mean,0.14,0.6633333333333332
toluene:52,toluene:50,toluene,50.0,primary,ood_high_concentration,high,mean,0.12,0.6633333333333332
ethyl_acetate:29,ethyl_acetate:5,ethyl_acetate,5.0,primary,ood_high_concentration,high,mean,1.5699999999999998,0.6633333333333332
ethyl_acetate:30,ethyl_acetate:5,ethyl_acetate,5.0,primary,ood_high_concentration,high,mean,1.26,0.6633333333333332
ethyl_acetate:31,ethyl_acetate:5,ethyl_acetate,5.0,primary,ood_high_concentration,high,mean,1.34,0.6633333333333332
ethyl_acetate:32,ethyl_acetate:10,ethyl_acetate,10.0,primary,ood_high_concentration,high,mean,2.43,0.6633333333333332
ethyl_acetate:33,ethyl_acetate:10,ethyl_acetate,10.0,primary,ood_high_concentration,high,mean,2.5700000000000003,0.6633333333333332
ethyl_acetate:34,ethyl_acetate:10,ethyl_acetate,10.0,primary,ood_high_concentration,high,mean,3.18,0.6633333333333332
hexane:50,hexane:3,hexane,3.0,primary,ood_high_concentration,high,ridge_raw,3.73,2.5342047309087508
hexane:51,hexane:3,hexane,3.0,primary,ood_high_concentration,high,ridge_raw,3.65,2.5342047309087508
hexane:52,hexane:3,hexane,3.0,primary,ood_high_concentration,high,ridge_raw,3.64,2.5342047309087508
hexane:53,hexane:5,hexane,5.0,primary,ood_high_concentration,high,ridge_raw,5.890000000000001,3.916313978674117
hexane:54,hexane:5,hexane,5.0,primary,ood_high_concentration,high,ridge_raw,5.9,3.916313978674117
hexane:55,hexane:5,hexane,5.0,primary,ood_high_concentration,high,ridge_raw,6.0,3.916313978674117
hexane:56,hexane:7,hexane,7.0,primary,ood_high_concentration,high,ridge_raw,9.3,5.298423226439482
hexane:57,hexane:7,hexane,7.0,primary,ood_high_concentration,high,ridge_raw,9.33,5.298423226439482
hexane:58,hexane:7,hexane,7.0,primary,ood_high_concentration,high,ridge_raw,9.24,5.298423226439482
hexane:59,hexane:10,hexane,10.0,primary,ood_high_concentration,high,ridge_raw,12.67,7.37158709808753
toluene:41,toluene:10,toluene,10.0,primary,ood_high_concentration,high,ridge_raw,0.0999999999999999,7.077316570250277
toluene:42,toluene:10,toluene,10.0,primary,ood_high_concentration,high,ridge_raw,0.0999999999999999,7.077316570250277
toluene:43,toluene:10,toluene,10.0,primary,ood_high_concentration,high,ridge_raw,0.14,7.077316570250277
toluene:45,toluene:40,toluene,40.0,primary,ood_high_concentration,high,ridge_raw,0.15,27.808955286730765
toluene:46,toluene:40,toluene,40.0,primary,ood_high_concentration,high,ridge_raw,0.12,27.808955286730765
toluene:47,toluene:50,toluene,50.0,primary,ood_high_concentration,high,ridge_raw,0.2099999999999999,34.719501525557604
toluene:48,toluene:50,toluene,50.0,primary,ood_high_concentration,high,ridge_raw,0.1899999999999999,34.719501525557604
toluene:49,toluene:50,toluene,50.0,primary,ood_high_concentration,high,ridge_raw,0.1799999999999999,34.719501525557604
toluene:50,toluene:50,toluene,50.0,primary,ood_high_concentration,high,ridge_raw,0.17,34.719501525557604
toluene:51,toluene:50,toluene,50.0,primary,ood_high_concentration,high,ridge_raw,0.14,34.719501525557604
toluene:52,toluene:50,toluene,50.0,primary,ood_high_concentration,high,ridge_raw,0.12,34.719501525557604
ethyl_acetate:29,ethyl_acetate:5,ethyl_acetate,5.0,primary,ood_high_concentration,high,ridge_raw,1.5699999999999998,3.669777781656838
ethyl_acetate:30,ethyl_acetate:5,ethyl_acetate,5.0,primary,ood_high_concentration,high,ridge_raw,1.26,3.669777781656838
ethyl_acetate:31,ethyl_acetate:5,ethyl_acetate,5.0,primary,ood_high_concentration,high,ridge_raw,1.34,3.669777781656838
ethyl_acetate:32,ethyl_acetate:10,ethyl_acetate,10.0,primary,ood_high_concentration,high,ridge_raw,2.43,7.125050901070252
ethyl_acetate:33,ethyl_acetate:10,ethyl_acetate,10.0,primary,ood_high_concentration,high,ridge_raw,2.5700000000000003,7.125050901070252
ethyl_acetate:34,ethyl_acetate:10,ethyl_acetate,10.0,primary,ood_high_concentration,high,ridge_raw,3.18,7.125050901070252
hexane:50,hexane:3,hexane,3.0,primary,ood_high_concentration,high,ridge_log_interactions,3.73,3.099901778710462
hexane:51,hexane:3,hexane,3.0,primary,ood_high_concentration,high,ridge_log_interactions,3.65,3.099901778710462
hexane:52,hexane:3,hexane,3.0,primary,ood_high_concentration,high,ridge_log_interactions,3.64,3.099901778710462
hexane:53,hexane:5,hexane,5.0,primary,ood_high_concentration,high,ridge_log_interactions,5.890000000000001,3.967451680320696
hexane:54,hexane:5,hexane,5.0,primary,ood_high_concentration,high,ridge_log_interactions,5.9,3.967451680320696
hexane:55,hexane:5,hexane,5.0,primary,ood_high_concentration,high,ridge_log_interactions,6.0,3.967451680320696
hexane:56,hexane:7,hexane,7.0,primary,ood_high_concentration,high,ridge_log_interactions,9.3,4.582988131324
hexane:57,hexane:7,hexane,7.0,primary,ood_high_concentration,high,ridge_log_interactions,9.33,4.582988131324
hexane:58,hexane:7,hexane,7.0,primary,ood_high_concentration,high,ridge_log_interactions,9.24,4.582988131324
hexane:59,hexane:10,hexane,10.0,primary,ood_high_concentration,high,ridge_log_interactions,12.67,5.2643648948841255
toluene:41,toluene:10,toluene,10.0,primary,ood_high_concentration,high,ridge_log_interactions,0.0999999999999999,4.165658494067302
toluene:42,toluene:10,toluene,10.0,primary,ood_high_concentration,high,ridge_log_interactions,0.0999999999999999,4.165658494067302
toluene:43,toluene:10,toluene,10.0,primary,ood_high_concentration,high,ridge_log_interactions,0.14,4.165658494067302
toluene:45,toluene:40,toluene,40.0,primary,ood_high_concentration,high,ridge_log_interactions,0.15,6.383754878645415
toluene:46,toluene:40,toluene,40.0,primary,ood_high_concentration,high,ridge_log_interactions,0.12,6.383754878645415
toluene:47,toluene:50,toluene,50.0,primary,ood_high_concentration,high,ridge_log_interactions,0.2099999999999999,6.7517080476551685
toluene:48,toluene:50,toluene,50.0,primary,ood_high_concentration,high,ridge_log_interactions,0.1899999999999999,6.7517080476551685
toluene:49,toluene:50,toluene,50.0,primary,ood_high_concentration,high,ridge_log_interactions,0.1799999999999999,6.7517080476551685
toluene:50,toluene:50,toluene,50.0,primary,ood_high_concentration,high,ridge_log_interactions,0.17,6.7517080476551685
toluene:51,toluene:50,toluene,50.0,primary,ood_high_concentration,high,ridge_log_interactions,0.14,6.7517080476551685
toluene:52,toluene:50,toluene,50.0,primary,ood_high_concentration,high,ridge_log_interactions,0.12,6.7517080476551685
ethyl_acetate:29,ethyl_acetate:5,ethyl_acetate,5.0,primary,ood_high_concentration,high,ridge_log_interactions,1.5699999999999998,1.7862776633262167
ethyl_acetate:30,ethyl_acetate:5,ethyl_acetate,5.0,primary,ood_high_concentration,high,ridge_log_interactions,1.26,1.7862776633262167
ethyl_acetate:31,ethyl_acetate:5,ethyl_acetate,5.0,primary,ood_high_concentration,high,ridge_log_interactions,1.34,1.7862776633262167
ethyl_acetate:32,ethyl_acetate:10,ethyl_acetate,10.0,primary,ood_high_concentration,high,ridge_log_interactions,2.43,2.266415263584832
ethyl_acetate:33,ethyl_acetate:10,ethyl_acetate,10.0,primary,ood_high_concentration,high,ridge_log_interactions,2.5700000000000003,2.266415263584832
ethyl_acetate:34,ethyl_acetate:10,ethyl_acetate,10.0,primary,ood_high_concentration,high,ridge_log_interactions,3.18,2.266415263584832
hexane:50,hexane:3,hexane,3.0,primary,ood_high_concentration,high,rf_raw,3.73,2.960006269841269
hexane:51,hexane:3,hexane,3.0,primary,ood_high_concentration,high,rf_raw,3.65,2.960006269841269
hexane:52,hexane:3,hexane,3.0,primary,ood_high_concentration,high,rf_raw,3.64,2.960006269841269
hexane:53,hexane:5,hexane,5.0,primary,ood_high_concentration,high,rf_raw,5.890000000000001,2.960006269841269
hexane:54,hexane:5,hexane,5.0,primary,ood_high_concentration,high,rf_raw,5.9,2.960006269841269
hexane:55,hexane:5,hexane,5.0,primary,ood_high_concentration,high,rf_raw,6.0,2.960006269841269
hexane:56,hexane:7,hexane,7.0,primary,ood_high_concentration,high,rf_raw,9.3,2.960006269841269
hexane:57,hexane:7,hexane,7.0,primary,ood_high_concentration,high,rf_raw,9.33,2.960006269841269
hexane:58,hexane:7,hexane,7.0,primary,ood_high_concentration,high,rf_raw,9.24,2.960006269841269
hexane:59,hexane:10,hexane,10.0,primary,ood_high_concentration,high,rf_raw,12.67,2.960006269841269
toluene:41,toluene:10,toluene,10.0,primary,ood_high_concentration,high,rf_raw,0.0999999999999999,1.90470617063492
toluene:42,toluene:10,toluene,10.0,primary,ood_high_concentration,high,rf_raw,0.0999999999999999,1.90470617063492
toluene:43,toluene:10,toluene,10.0,primary,ood_high_concentration,high,rf_raw,0.14,1.90470617063492
toluene:45,toluene:40,toluene,40.0,primary,ood_high_concentration,high,rf_raw,0.15,1.90470617063492
toluene:46,toluene:40,toluene,40.0,primary,ood_high_concentration,high,rf_raw,0.12,1.90470617063492
toluene:47,toluene:50,toluene,50.0,primary,ood_high_concentration,high,rf_raw,0.2099999999999999,1.90470617063492
toluene:48,toluene:50,toluene,50.0,primary,ood_high_concentration,high,rf_raw,0.1899999999999999,1.90470617063492
toluene:49,toluene:50,toluene,50.0,primary,ood_high_concentration,high,rf_raw,0.1799999999999999,1.90470617063492
toluene:50,toluene:50,toluene,50.0,primary,ood_high_concentration,high,rf_raw,0.17,1.90470617063492
toluene:51,toluene:50,toluene,50.0,primary,ood_high_concentration,high,rf_raw,0.14,1.90470617063492
toluene:52,toluene:50,toluene,50.0,primary,ood_high_concentration,high,rf_raw,0.12,1.90470617063492
ethyl_acetate:29,ethyl_acetate:5,ethyl_acetate,5.0,primary,ood_high_concentration,high,rf_raw,1.5699999999999998,1.1987616071428568
ethyl_acetate:30,ethyl_acetate:5,ethyl_acetate,5.0,primary,ood_high_concentration,high,rf_raw,1.26,1.1987616071428568
ethyl_acetate:31,ethyl_acetate:5,ethyl_acetate,5.0,primary,ood_high_concentration,high,rf_raw,1.34,1.1987616071428568
ethyl_acetate:32,ethyl_acetate:10,ethyl_acetate,10.0,primary,ood_high_concentration,high,rf_raw,2.43,1.1987616071428568
ethyl_acetate:33,ethyl_acetate:10,ethyl_acetate,10.0,primary,ood_high_concentration,high,rf_raw,2.5700000000000003,1.1987616071428568
ethyl_acetate:34,ethyl_acetate:10,ethyl_acetate,10.0,primary,ood_high_concentration,high,rf_raw,3.18,1.1987616071428568
hexane:50,hexane:3,hexane,3.0,primary,ood_high_concentration,high,rf_log_interactions,3.73,2.9771808531746022
hexane:51,hexane:3,hexane,3.0,primary,ood_high_concentration,high,rf_log_interactions,3.65,2.9771808531746022
hexane:52,hexane:3,hexane,3.0,primary,ood_high_concentration,high,rf_log_interactions,3.64,2.9771808531746022
hexane:53,hexane:5,hexane,5.0,primary,ood_high_concentration,high,rf_log_interactions,5.890000000000001,2.9771808531746022
hexane:54,hexane:5,hexane,5.0,primary,ood_high_concentration,high,rf_log_interactions,5.9,2.9771808531746022
hexane:55,hexane:5,hexane,5.0,primary,ood_high_concentration,high,rf_log_interactions,6.0,2.9771808531746022
hexane:56,hexane:7,hexane,7.0,primary,ood_high_concentration,high,rf_log_interactions,9.3,2.9771808531746022
hexane:57,hexane:7,hexane,7.0,primary,ood_high_concentration,high,rf_log_interactions,9.33,2.9771808531746022
hexane:58,hexane:7,hexane,7.0,primary,ood_high_concentration,high,rf_log_interactions,9.24,2.9771808531746022
hexane:59,hexane:10,hexane,10.0,primary,ood_high_concentration,high,rf_log_interactions,12.67,2.9771808531746022
toluene:41,toluene:10,toluene,10.0,primary,ood_high_concentration,high,rf_log_interactions,0.0999999999999999,2.9771808531746022
toluene:42,toluene:10,toluene,10.0,primary,ood_high_concentration,high,rf_log_interactions,0.0999999999999999,2.9771808531746022
toluene:43,toluene:10,toluene,10.0,primary,ood_high_concentration,high,rf_log_interactions,0.14,2.9771808531746022
toluene:45,toluene:40,toluene,40.0,primary,ood_high_concentration,high,rf_log_interactions,0.15,2.9771808531746022
toluene:46,toluene:40,toluene,40.0,primary,ood_high_concentration,high,rf_log_interactions,0.12,2.9771808531746022
toluene:47,toluene:50,toluene,50.0,primary,ood_high_concentration,high,rf_log_interactions,0.2099999999999999,2.9771808531746022
toluene:48,toluene:50,toluene,50.0,primary,ood_high_concentration,high,rf_log_interactions,0.1899999999999999,2.9771808531746022
toluene:49,toluene:50,toluene,50.0,primary,ood_high_concentration,high,rf_log_interactions,0.1799999999999999,2.9771808531746022
toluene:50,toluene:50,toluene,50.0,primary,ood_high_concentration,high,rf_log_interactions,0.17,2.9771808531746022
toluene:51,toluene:50,toluene,50.0,primary,ood_high_concentration,high,rf_log_interactions,0.14,2.9771808531746022
toluene:52,toluene:50,toluene,50.0,primary,ood_high_concentration,high,rf_log_interactions,0.12,2.9771808531746022
ethyl_acetate:29,ethyl_acetate:5,ethyl_acetate,5.0,primary,ood_high_concentration,high,rf_log_interactions,1.5699999999999998,1.1889010317460311
ethyl_acetate:30,ethyl_acetate:5,ethyl_acetate,5.0,primary,ood_high_concentration,high,rf_log_interactions,1.26,1.1889010317460311
ethyl_acetate:31,ethyl_acetate:5,ethyl_acetate,5.0,primary,ood_high_concentration,high,rf_log_interactions,1.34,1.1889010317460311
ethyl_acetate:32,ethyl_acetate:10,ethyl_acetate,10.0,primary,ood_high_concentration,high,rf_log_interactions,2.43,1.1888360317460316
ethyl_acetate:33,ethyl_acetate:10,ethyl_acetate,10.0,primary,ood_high_concentration,high,rf_log_interactions,2.5700000000000003,1.1888360317460316
ethyl_acetate:34,ethyl_acetate:10,ethyl_acetate,10.0,primary,ood_high_concentration,high,rf_log_interactions,3.18,1.1888360317460316
hexane:29,hexane:0.15,hexane,0.15,including_summaries_sensitivity,grouped_cv,1,mean,0.5,1.0648214285714286
hexane:30,hexane:0.15,hexane,0.15,including_summaries_sensitivity,grouped_cv,1,mean,0.52,1.0648214285714286
hexane:31,hexane:0.15,hexane,0.15,including_summaries_sensitivity,grouped_cv,1,mean,0.48,1.0648214285714286
hexane:35,hexane:0.5,hexane,0.5,including_summaries_sensitivity,grouped_cv,1,mean,0.77,1.0648214285714286
hexane:36,hexane:0.5,hexane,0.5,including_summaries_sensitivity,grouped_cv,1,mean,0.78,1.0648214285714286
hexane:37,hexane:0.5,hexane,0.5,including_summaries_sensitivity,grouped_cv,1,mean,0.79,1.0648214285714286
hexane:50,hexane:3,hexane,3.0,including_summaries_sensitivity,grouped_cv,1,mean,3.73,1.0648214285714286
hexane:51,hexane:3,hexane,3.0,including_summaries_sensitivity,grouped_cv,1,mean,3.65,1.0648214285714286
hexane:52,hexane:3,hexane,3.0,including_summaries_sensitivity,grouped_cv,1,mean,3.64,1.0648214285714286
hexane:59,hexane:10,hexane,10.0,including_summaries_sensitivity,grouped_cv,1,mean,12.67,1.0648214285714286
toluene:2,toluene:0.0025,toluene,0.0025,including_summaries_sensitivity,grouped_cv,1,mean,0.13,1.0648214285714286
toluene:3,toluene:0.005,toluene,0.005,including_summaries_sensitivity,grouped_cv,1,mean,0.09,1.0648214285714286
toluene:10,toluene:0.5,toluene,0.5,including_summaries_sensitivity,grouped_cv,1,mean,0.47,1.0648214285714286
toluene:16,toluene:50,toluene,50.0,including_summaries_sensitivity,grouped_cv,1,mean,0.1699999999999999,1.0648214285714286
toluene:17,toluene:0.0025,toluene,0.0025,including_summaries_sensitivity,grouped_cv,1,mean,0.13,1.0648214285714286
toluene:18,toluene:0.0025,toluene,0.0025,including_summaries_sensitivity,grouped_cv,1,mean,0.14,1.0648214285714286
toluene:19,toluene:0.0025,toluene,0.0025,including_summaries_sensitivity,grouped_cv,1,mean,0.14,1.0648214285714286
toluene:20,toluene:0.005,toluene,0.005,including_summaries_sensitivity,grouped_cv,1,mean,0.09,1.0648214285714286
toluene:21,toluene:0.005,toluene,0.005,including_summaries_sensitivity,grouped_cv,1,mean,0.1,1.0648214285714286
toluene:22,toluene:0.005,toluene,0.005,including_summaries_sensitivity,grouped_cv,1,mean,0.09,1.0648214285714286
toluene:47,toluene:50,toluene,50.0,including_summaries_sensitivity,grouped_cv,1,mean,0.2099999999999999,1.0648214285714286
toluene:48,toluene:50,toluene,50.0,including_summaries_sensitivity,grouped_cv,1,mean,0.1899999999999999,1.0648214285714286
toluene:49,toluene:50,toluene,50.0,including_summaries_sensitivity,grouped_cv,1,mean,0.1799999999999999,1.0648214285714286
toluene:50,toluene:50,toluene,50.0,including_summaries_sensitivity,grouped_cv,1,mean,0.17,1.0648214285714286
toluene:51,toluene:50,toluene,50.0,including_summaries_sensitivity,grouped_cv,1,mean,0.14,1.0648214285714286
toluene:52,toluene:50,toluene,50.0,including_summaries_sensitivity,grouped_cv,1,mean,0.12,1.0648214285714286
ethyl_acetate:26,ethyl_acetate:3,ethyl_acetate,3.0,including_summaries_sensitivity,grouped_cv,1,mean,1.28,1.0648214285714286
ethyl_acetate:27,ethyl_acetate:3,ethyl_acetate,3.0,including_summaries_sensitivity,grouped_cv,1,mean,1.25,1.0648214285714286
ethyl_acetate:28,ethyl_acetate:3,ethyl_acetate,3.0,including_summaries_sensitivity,grouped_cv,1,mean,1.1,1.0648214285714286
hexane:29,hexane:0.15,hexane,0.15,including_summaries_sensitivity,grouped_cv,1,ridge_raw,0.5,1.626106050174417
hexane:30,hexane:0.15,hexane,0.15,including_summaries_sensitivity,grouped_cv,1,ridge_raw,0.52,1.626106050174417
hexane:31,hexane:0.15,hexane,0.15,including_summaries_sensitivity,grouped_cv,1,ridge_raw,0.48,1.626106050174417
hexane:35,hexane:0.5,hexane,0.5,including_summaries_sensitivity,grouped_cv,1,ridge_raw,0.77,1.6445534596938338
hexane:36,hexane:0.5,hexane,0.5,including_summaries_sensitivity,grouped_cv,1,ridge_raw,0.78,1.6445534596938338
hexane:37,hexane:0.5,hexane,0.5,including_summaries_sensitivity,grouped_cv,1,ridge_raw,0.79,1.6445534596938338
hexane:50,hexane:3,hexane,3.0,including_summaries_sensitivity,grouped_cv,1,ridge_raw,3.73,1.7763206705468135
hexane:51,hexane:3,hexane,3.0,including_summaries_sensitivity,grouped_cv,1,ridge_raw,3.65,1.7763206705468135
hexane:52,hexane:3,hexane,3.0,including_summaries_sensitivity,grouped_cv,1,ridge_raw,3.64,1.7763206705468135
hexane:59,hexane:10,hexane,10.0,including_summaries_sensitivity,grouped_cv,1,ridge_raw,12.67,2.1452688609351567
toluene:2,toluene:0.0025,toluene,0.0025,including_summaries_sensitivity,grouped_cv,1,ridge_raw,0.13,0.0027918103528585
toluene:3,toluene:0.005,toluene,0.005,including_summaries_sensitivity,grouped_cv,1,ridge_raw,0.09,0.0029235775637115
toluene:10,toluene:0.5,toluene,0.5,including_summaries_sensitivity,grouped_cv,1,ridge_raw,0.47,0.0290134853126016
toluene:16,toluene:50,toluene,50.0,including_summaries_sensitivity,grouped_cv,1,ridge_raw,0.1699999999999999,2.6380042602015994
toluene:17,toluene:0.0025,toluene,0.0025,including_summaries_sensitivity,grouped_cv,1,ridge_raw,0.13,0.0027918103528585
toluene:18,toluene:0.0025,toluene,0.0025,including_summaries_sensitivity,grouped_cv,1,ridge_raw,0.14,0.0027918103528585
toluene:19,toluene:0.0025,toluene,0.0025,including_summaries_sensitivity,grouped_cv,1,ridge_raw,0.14,0.0027918103528585
toluene:20,toluene:0.005,toluene,0.005,including_summaries_sensitivity,grouped_cv,1,ridge_raw,0.09,0.0029235775637115
toluene:21,toluene:0.005,toluene,0.005,including_summaries_sensitivity,grouped_cv,1,ridge_raw,0.1,0.0029235775637115
toluene:22,toluene:0.005,toluene,0.005,including_summaries_sensitivity,grouped_cv,1,ridge_raw,0.09,0.0029235775637115
toluene:47,toluene:50,toluene,50.0,including_summaries_sensitivity,grouped_cv,1,ridge_raw,0.2099999999999999,2.6380042602015994
toluene:48,toluene:50,toluene,50.0,including_summaries_sensitivity,grouped_cv,1,ridge_raw,0.1899999999999999,2.6380042602015994
toluene:49,toluene:50,toluene,50.0,including_summaries_sensitivity,grouped_cv,1,ridge_raw,0.1799999999999999,2.6380042602015994
toluene:50,toluene:50,toluene,50.0,including_summaries_sensitivity,grouped_cv,1,ridge_raw,0.17,2.6380042602015994
toluene:51,toluene:50,toluene,50.0,including_summaries_sensitivity,grouped_cv,1,ridge_raw,0.14,2.6380042602015994
toluene:52,toluene:50,toluene,50.0,including_summaries_sensitivity,grouped_cv,1,ridge_raw,0.12,2.6380042602015994
ethyl_acetate:26,ethyl_acetate:3,ethyl_acetate,3.0,including_summaries_sensitivity,grouped_cv,1,ridge_raw,1.28,1.0428702375441372
ethyl_acetate:27,ethyl_acetate:3,ethyl_acetate,3.0,including_summaries_sensitivity,grouped_cv,1,ridge_raw,1.25,1.0428702375441372
ethyl_acetate:28,ethyl_acetate:3,ethyl_acetate,3.0,including_summaries_sensitivity,grouped_cv,1,ridge_raw,1.1,1.0428702375441372
hexane:29,hexane:0.15,hexane,0.15,including_summaries_sensitivity,grouped_cv,1,ridge_log_interactions,0.5,0.8229686943581049
hexane:30,hexane:0.15,hexane,0.15,including_summaries_sensitivity,grouped_cv,1,ridge_log_interactions,0.52,0.8229686943581049
hexane:31,hexane:0.15,hexane,0.15,including_summaries_sensitivity,grouped_cv,1,ridge_log_interactions,0.48,0.8229686943581049
hexane:35,hexane:0.5,hexane,0.5,including_summaries_sensitivity,grouped_cv,1,ridge_log_interactions,0.77,1.4150250561126734
hexane:36,hexane:0.5,hexane,0.5,including_summaries_sensitivity,grouped_cv,1,ridge_log_interactions,0.78,1.4150250561126734
hexane:37,hexane:0.5,hexane,0.5,including_summaries_sensitivity,grouped_cv,1,ridge_log_interactions,0.79,1.4150250561126734
hexane:50,hexane:3,hexane,3.0,including_summaries_sensitivity,grouped_cv,1,ridge_log_interactions,3.73,3.600569957087252
hexane:51,hexane:3,hexane,3.0,including_summaries_sensitivity,grouped_cv,1,ridge_log_interactions,3.65,3.600569957087252
hexane:52,hexane:3,hexane,3.0,including_summaries_sensitivity,grouped_cv,1,ridge_log_interactions,3.64,3.600569957087252
hexane:59,hexane:10,hexane,10.0,including_summaries_sensitivity,grouped_cv,1,ridge_log_interactions,12.67,5.854682186663776
toluene:2,toluene:0.0025,toluene,0.0025,including_summaries_sensitivity,grouped_cv,1,ridge_log_interactions,0.13,0.0
toluene:3,toluene:0.005,toluene,0.005,including_summaries_sensitivity,grouped_cv,1,ridge_log_interactions,0.09,0.0
toluene:10,toluene:0.5,toluene,0.5,including_summaries_sensitivity,grouped_cv,1,ridge_log_interactions,0.47,0.055276965921899
toluene:16,toluene:50,toluene,50.0,including_summaries_sensitivity,grouped_cv,1,ridge_log_interactions,0.1699999999999999,2.231810250014037
toluene:17,toluene:0.0025,toluene,0.0025,including_summaries_sensitivity,grouped_cv,1,ridge_log_interactions,0.13,0.0
toluene:18,toluene:0.0025,toluene,0.0025,including_summaries_sensitivity,grouped_cv,1,ridge_log_interactions,0.14,0.0
toluene:19,toluene:0.0025,toluene,0.0025,including_summaries_sensitivity,grouped_cv,1,ridge_log_interactions,0.14,0.0
toluene:20,toluene:0.005,toluene,0.005,including_summaries_sensitivity,grouped_cv,1,ridge_log_interactions,0.09,0.0
toluene:21,toluene:0.005,toluene,0.005,including_summaries_sensitivity,grouped_cv,1,ridge_log_interactions,0.1,0.0
toluene:22,toluene:0.005,toluene,0.005,including_summaries_sensitivity,grouped_cv,1,ridge_log_interactions,0.09,0.0
toluene:47,toluene:50,toluene,50.0,including_summaries_sensitivity,grouped_cv,1,ridge_log_interactions,0.2099999999999999,2.231810250014037
toluene:48,toluene:50,toluene,50.0,including_summaries_sensitivity,grouped_cv,1,ridge_log_interactions,0.1899999999999999,2.231810250014037
toluene:49,toluene:50,toluene,50.0,including_summaries_sensitivity,grouped_cv,1,ridge_log_interactions,0.1799999999999999,2.231810250014037
toluene:50,toluene:50,toluene,50.0,including_summaries_sensitivity,grouped_cv,1,ridge_log_interactions,0.17,2.231810250014037
toluene:51,toluene:50,toluene,50.0,including_summaries_sensitivity,grouped_cv,1,ridge_log_interactions,0.14,2.231810250014037
toluene:52,toluene:50,toluene,50.0,including_summaries_sensitivity,grouped_cv,1,ridge_log_interactions,0.12,2.231810250014037
ethyl_acetate:26,ethyl_acetate:3,ethyl_acetate,3.0,including_summaries_sensitivity,grouped_cv,1,ridge_log_interactions,1.28,1.0970223406971922
ethyl_acetate:27,ethyl_acetate:3,ethyl_acetate,3.0,including_summaries_sensitivity,grouped_cv,1,ridge_log_interactions,1.25,1.0970223406971922
ethyl_acetate:28,ethyl_acetate:3,ethyl_acetate,3.0,including_summaries_sensitivity,grouped_cv,1,ridge_log_interactions,1.1,1.0970223406971922
hexane:29,hexane:0.15,hexane,0.15,including_summaries_sensitivity,grouped_cv,1,rf_raw,0.5,0.5088929030691532
hexane:30,hexane:0.15,hexane,0.15,including_summaries_sensitivity,grouped_cv,1,rf_raw,0.52,0.5088929030691532
hexane:31,hexane:0.15,hexane,0.15,including_summaries_sensitivity,grouped_cv,1,rf_raw,0.48,0.5088929030691532
hexane:35,hexane:0.5,hexane,0.5,including_summaries_sensitivity,grouped_cv,1,rf_raw,0.77,1.33264265873016
hexane:36,hexane:0.5,hexane,0.5,including_summaries_sensitivity,grouped_cv,1,rf_raw,0.78,1.33264265873016
hexane:37,hexane:0.5,hexane,0.5,including_summaries_sensitivity,grouped_cv,1,rf_raw,0.79,1.33264265873016
hexane:50,hexane:3,hexane,3.0,including_summaries_sensitivity,grouped_cv,1,rf_raw,3.73,3.2590745959595955
hexane:51,hexane:3,hexane,3.0,including_summaries_sensitivity,grouped_cv,1,rf_raw,3.65,3.2590745959595955
hexane:52,hexane:3,hexane,3.0,including_summaries_sensitivity,grouped_cv,1,rf_raw,3.64,3.2590745959595955
hexane:59,hexane:10,hexane,10.0,including_summaries_sensitivity,grouped_cv,1,rf_raw,12.67,8.51192120670995
toluene:2,toluene:0.0025,toluene,0.0025,including_summaries_sensitivity,grouped_cv,1,rf_raw,0.13,0.2745693596681098
toluene:3,toluene:0.005,toluene,0.005,including_summaries_sensitivity,grouped_cv,1,rf_raw,0.09,0.2745693596681098
toluene:10,toluene:0.5,toluene,0.5,including_summaries_sensitivity,grouped_cv,1,rf_raw,0.47,0.802502644993895
toluene:16,toluene:50,toluene,50.0,including_summaries_sensitivity,grouped_cv,1,rf_raw,0.1699999999999999,0.1805343795093793
toluene:17,toluene:0.0025,toluene,0.0025,including_summaries_sensitivity,grouped_cv,1,rf_raw,0.13,0.2745693596681098
toluene:18,toluene:0.0025,toluene,0.0025,including_summaries_sensitivity,grouped_cv,1,rf_raw,0.14,0.2745693596681098
toluene:19,toluene:0.0025,toluene,0.0025,including_summaries_sensitivity,grouped_cv,1,rf_raw,0.14,0.2745693596681098
toluene:20,toluene:0.005,toluene,0.005,including_summaries_sensitivity,grouped_cv,1,rf_raw,0.09,0.2745693596681098
toluene:21,toluene:0.005,toluene,0.005,including_summaries_sensitivity,grouped_cv,1,rf_raw,0.1,0.2745693596681098
toluene:22,toluene:0.005,toluene,0.005,including_summaries_sensitivity,grouped_cv,1,rf_raw,0.09,0.2745693596681098
toluene:47,toluene:50,toluene,50.0,including_summaries_sensitivity,grouped_cv,1,rf_raw,0.2099999999999999,0.1805343795093793
toluene:48,toluene:50,toluene,50.0,including_summaries_sensitivity,grouped_cv,1,rf_raw,0.1899999999999999,0.1805343795093793
toluene:49,toluene:50,toluene,50.0,including_summaries_sensitivity,grouped_cv,1,rf_raw,0.1799999999999999,0.1805343795093793
toluene:50,toluene:50,toluene,50.0,including_summaries_sensitivity,grouped_cv,1,rf_raw,0.17,0.1805343795093793
toluene:51,toluene:50,toluene,50.0,including_summaries_sensitivity,grouped_cv,1,rf_raw,0.14,0.1805343795093793
toluene:52,toluene:50,toluene,50.0,including_summaries_sensitivity,grouped_cv,1,rf_raw,0.12,0.1805343795093793
ethyl_acetate:26,ethyl_acetate:3,ethyl_acetate,3.0,including_summaries_sensitivity,grouped_cv,1,rf_raw,1.28,1.3391184235209244
ethyl_acetate:27,ethyl_acetate:3,ethyl_acetate,3.0,including_summaries_sensitivity,grouped_cv,1,rf_raw,1.25,1.3391184235209244
ethyl_acetate:28,ethyl_acetate:3,ethyl_acetate,3.0,including_summaries_sensitivity,grouped_cv,1,rf_raw,1.1,1.3391184235209244
hexane:29,hexane:0.15,hexane,0.15,including_summaries_sensitivity,grouped_cv,1,rf_log_interactions,0.5,0.4360069608169607
hexane:30,hexane:0.15,hexane,0.15,including_summaries_sensitivity,grouped_cv,1,rf_log_interactions,0.52,0.4360069608169607
hexane:31,hexane:0.15,hexane,0.15,including_summaries_sensitivity,grouped_cv,1,rf_log_interactions,0.48,0.4360069608169607
hexane:35,hexane:0.5,hexane,0.5,including_summaries_sensitivity,grouped_cv,1,rf_log_interactions,0.77,1.1285226677489182
hexane:36,hexane:0.5,hexane,0.5,including_summaries_sensitivity,grouped_cv,1,rf_log_interactions,0.78,1.1285226677489182
hexane:37,hexane:0.5,hexane,0.5,including_summaries_sensitivity,grouped_cv,1,rf_log_interactions,0.79,1.1285226677489182
hexane:50,hexane:3,hexane,3.0,including_summaries_sensitivity,grouped_cv,1,rf_log_interactions,3.73,3.052835548340548
hexane:51,hexane:3,hexane,3.0,including_summaries_sensitivity,grouped_cv,1,rf_log_interactions,3.65,3.052835548340548
hexane:52,hexane:3,hexane,3.0,including_summaries_sensitivity,grouped_cv,1,rf_log_interactions,3.64,3.052835548340548
hexane:59,hexane:10,hexane,10.0,including_summaries_sensitivity,grouped_cv,1,rf_log_interactions,12.67,7.142312402597399
toluene:2,toluene:0.0025,toluene,0.0025,including_summaries_sensitivity,grouped_cv,1,rf_log_interactions,0.13,0.2706855104617606
toluene:3,toluene:0.005,toluene,0.005,including_summaries_sensitivity,grouped_cv,1,rf_log_interactions,0.09,0.2706855104617606
toluene:10,toluene:0.5,toluene,0.5,including_summaries_sensitivity,grouped_cv,1,rf_log_interactions,0.47,0.5489483026695524
toluene:16,toluene:50,toluene,50.0,including_summaries_sensitivity,grouped_cv,1,rf_log_interactions,0.1699999999999999,1.9575068993506488
toluene:17,toluene:0.0025,toluene,0.0025,including_summaries_sensitivity,grouped_cv,1,rf_log_interactions,0.13,0.2706855104617606
toluene:18,toluene:0.0025,toluene,0.0025,including_summaries_sensitivity,grouped_cv,1,rf_log_interactions,0.14,0.2706855104617606
toluene:19,toluene:0.0025,toluene,0.0025,including_summaries_sensitivity,grouped_cv,1,rf_log_interactions,0.14,0.2706855104617606
toluene:20,toluene:0.005,toluene,0.005,including_summaries_sensitivity,grouped_cv,1,rf_log_interactions,0.09,0.2706855104617606
toluene:21,toluene:0.005,toluene,0.005,including_summaries_sensitivity,grouped_cv,1,rf_log_interactions,0.1,0.2706855104617606
toluene:22,toluene:0.005,toluene,0.005,including_summaries_sensitivity,grouped_cv,1,rf_log_interactions,0.09,0.2706855104617606
toluene:47,toluene:50,toluene,50.0,including_summaries_sensitivity,grouped_cv,1,rf_log_interactions,0.2099999999999999,1.9575068993506488
toluene:48,toluene:50,toluene,50.0,including_summaries_sensitivity,grouped_cv,1,rf_log_interactions,0.1899999999999999,1.9575068993506488
toluene:49,toluene:50,toluene,50.0,including_summaries_sensitivity,grouped_cv,1,rf_log_interactions,0.1799999999999999,1.9575068993506488
toluene:50,toluene:50,toluene,50.0,including_summaries_sensitivity,grouped_cv,1,rf_log_interactions,0.17,1.9575068993506488
toluene:51,toluene:50,toluene,50.0,including_summaries_sensitivity,grouped_cv,1,rf_log_interactions,0.14,1.9575068993506488
toluene:52,toluene:50,toluene,50.0,including_summaries_sensitivity,grouped_cv,1,rf_log_interactions,0.12,1.9575068993506488
ethyl_acetate:26,ethyl_acetate:3,ethyl_acetate,3.0,including_summaries_sensitivity,grouped_cv,1,rf_log_interactions,1.28,1.0592297420634926
ethyl_acetate:27,ethyl_acetate:3,ethyl_acetate,3.0,including_summaries_sensitivity,grouped_cv,1,rf_log_interactions,1.25,1.0592297420634926
ethyl_acetate:28,ethyl_acetate:3,ethyl_acetate,3.0,including_summaries_sensitivity,grouped_cv,1,rf_log_interactions,1.1,1.0592297420634926
hexane:14,hexane:0.07,hexane,0.07,including_summaries_sensitivity,grouped_cv,2,mean,0.13,0.8748672566371681
hexane:15,hexane:0.07,hexane,0.07,including_summaries_sensitivity,grouped_cv,2,mean,0.1499999999999999,0.8748672566371681
hexane:16,hexane:0.07,hexane,0.07,including_summaries_sensitivity,grouped_cv,2,mean,0.1399999999999999,0.8748672566371681
hexane:17,hexane:0.07,hexane,0.07,including_summaries_sensitivity,grouped_cv,2,mean,0.23,0.8748672566371681
hexane:18,hexane:0.07,hexane,0.07,including_summaries_sensitivity,grouped_cv,2,mean,0.21,0.8748672566371681
hexane:19,hexane:0.07,hexane,0.07,including_summaries_sensitivity,grouped_cv,2,mean,0.2199999999999999,0.8748672566371681
hexane:38,hexane:1,hexane,1.0,including_summaries_sensitivity,grouped_cv,2,mean,1.42,0.8748672566371681
hexane:39,hexane:1,hexane,1.0,including_summaries_sensitivity,grouped_cv,2,mean,1.42,0.8748672566371681
hexane:40,hexane:1,hexane,1.0,including_summaries_sensitivity,grouped_cv,2,mean,1.44,0.8748672566371681
hexane:44,hexane:2,hexane,2.0,including_summaries_sensitivity,grouped_cv,2,mean,2.9799999999999995,0.8748672566371681
hexane:45,hexane:2,hexane,2.0,including_summaries_sensitivity,grouped_cv,2,mean,2.96,0.8748672566371681
hexane:46,hexane:2,hexane,2.0,including_summaries_sensitivity,grouped_cv,2,mean,2.99,0.8748672566371681
hexane:56,hexane:7,hexane,7.0,including_summaries_sensitivity,grouped_cv,2,mean,9.3,0.8748672566371681
hexane:57,hexane:7,hexane,7.0,including_summaries_sensitivity,grouped_cv,2,mean,9.33,0.8748672566371681
hexane:58,hexane:7,hexane,7.0,including_summaries_sensitivity,grouped_cv,2,mean,9.24,0.8748672566371681
toluene:9,toluene:0.25,toluene,0.25,including_summaries_sensitivity,grouped_cv,2,mean,0.31,0.8748672566371681
toluene:38,toluene:0.25,toluene,0.25,including_summaries_sensitivity,grouped_cv,2,mean,0.26,0.8748672566371681
toluene:39,toluene:0.25,toluene,0.25,including_summaries_sensitivity,grouped_cv,2,mean,0.31,0.8748672566371681
toluene:40,toluene:0.25,toluene,0.25,including_summaries_sensitivity,grouped_cv,2,mean,0.39,0.8748672566371681
ethyl_acetate:2,ethyl_acetate:0.1,ethyl_acetate,0.1,including_summaries_sensitivity,grouped_cv,2,mean,0.53,0.8748672566371681
ethyl_acetate:3,ethyl_acetate:0.1,ethyl_acetate,0.1,including_summaries_sensitivity,grouped_cv,2,mean,0.54,0.8748672566371681
ethyl_acetate:4,ethyl_acetate:0.1,ethyl_acetate,0.1,including_summaries_sensitivity,grouped_cv,2,mean,0.54,0.8748672566371681
ethyl_acetate:14,ethyl_acetate:0.1,ethyl_acetate,0.1,including_summaries_sensitivity,grouped_cv,2,mean,0.26,0.8748672566371681
ethyl_acetate:15,ethyl_acetate:0.1,ethyl_acetate,0.1,including_summaries_sensitivity,grouped_cv,2,mean,0.31,0.8748672566371681
ethyl_acetate:16,ethyl_acetate:0.1,ethyl_acetate,0.1,including_summaries_sensitivity,grouped_cv,2,mean,0.33,0.8748672566371681
ethyl_acetate:32,ethyl_acetate:10,ethyl_acetate,10.0,including_summaries_sensitivity,grouped_cv,2,mean,2.43,0.8748672566371681
ethyl_acetate:33,ethyl_acetate:10,ethyl_acetate,10.0,including_summaries_sensitivity,grouped_cv,2,mean,2.5700000000000003,0.8748672566371681
ethyl_acetate:34,ethyl_acetate:10,ethyl_acetate,10.0,including_summaries_sensitivity,grouped_cv,2,mean,3.18,0.8748672566371681
hexane:14,hexane:0.07,hexane,0.07,including_summaries_sensitivity,grouped_cv,2,ridge_raw,0.13,1.5313071507501328
hexane:15,hexane:0.07,hexane,0.07,including_summaries_sensitivity,grouped_cv,2,ridge_raw,0.1499999999999999,1.5313071507501328
hexane:16,hexane:0.07,hexane,0.07,including_summaries_sensitivity,grouped_cv,2,ridge_raw,0.1399999999999999,1.5313071507501328
hexane:17,hexane:0.07,hexane,0.07,including_summaries_sensitivity,grouped_cv,2,ridge_raw,0.23,1.5313071507501328
hexane:18,hexane:0.07,hexane,0.07,including_summaries_sensitivity,grouped_cv,2,ridge_raw,0.21,1.5313071507501328
hexane:19,hexane:0.07,hexane,0.07,including_summaries_sensitivity,grouped_cv,2,ridge_raw,0.2199999999999999,1.5313071507501328
hexane:38,hexane:1,hexane,1.0,including_summaries_sensitivity,grouped_cv,2,ridge_raw,1.42,1.540522658906717
hexane:39,hexane:1,hexane,1.0,including_summaries_sensitivity,grouped_cv,2,ridge_raw,1.42,1.540522658906717
hexane:40,hexane:1,hexane,1.0,including_summaries_sensitivity,grouped_cv,2,ridge_raw,1.44,1.540522658906717
hexane:44,hexane:2,hexane,2.0,including_summaries_sensitivity,grouped_cv,2,ridge_raw,2.9799999999999995,1.5504318074621837
hexane:45,hexane:2,hexane,2.0,including_summaries_sensitivity,grouped_cv,2,ridge_raw,2.96,1.5504318074621837
hexane:46,hexane:2,hexane,2.0,including_summaries_sensitivity,grouped_cv,2,ridge_raw,2.99,1.5504318074621837
hexane:56,hexane:7,hexane,7.0,including_summaries_sensitivity,grouped_cv,2,ridge_raw,9.3,1.5999775502395166
hexane:57,hexane:7,hexane,7.0,including_summaries_sensitivity,grouped_cv,2,ridge_raw,9.33,1.5999775502395166
hexane:58,hexane:7,hexane,7.0,including_summaries_sensitivity,grouped_cv,2,ridge_raw,9.24,1.5999775502395166
toluene:9,toluene:0.25,toluene,0.25,including_summaries_sensitivity,grouped_cv,2,ridge_raw,0.31,0.1130056942596254
toluene:38,toluene:0.25,toluene,0.25,including_summaries_sensitivity,grouped_cv,2,ridge_raw,0.26,0.1130056942596254
toluene:39,toluene:0.25,toluene,0.25,including_summaries_sensitivity,grouped_cv,2,ridge_raw,0.31,0.1130056942596254
toluene:40,toluene:0.25,toluene,0.25,including_summaries_sensitivity,grouped_cv,2,ridge_raw,0.39,0.1130056942596254
ethyl_acetate:2,ethyl_acetate:0.1,ethyl_acetate,0.1,including_summaries_sensitivity,grouped_cv,2,ridge_raw,0.53,0.9173375957595464
ethyl_acetate:3,ethyl_acetate:0.1,ethyl_acetate,0.1,including_summaries_sensitivity,grouped_cv,2,ridge_raw,0.54,0.9173375957595464
ethyl_acetate:4,ethyl_acetate:0.1,ethyl_acetate,0.1,including_summaries_sensitivity,grouped_cv,2,ridge_raw,0.54,0.9173375957595464
ethyl_acetate:14,ethyl_acetate:0.1,ethyl_acetate,0.1,including_summaries_sensitivity,grouped_cv,2,ridge_raw,0.26,0.9173375957595464
ethyl_acetate:15,ethyl_acetate:0.1,ethyl_acetate,0.1,including_summaries_sensitivity,grouped_cv,2,ridge_raw,0.31,0.9173375957595464
ethyl_acetate:16,ethyl_acetate:0.1,ethyl_acetate,0.1,including_summaries_sensitivity,grouped_cv,2,ridge_raw,0.33,0.9173375957595464
ethyl_acetate:32,ethyl_acetate:10,ethyl_acetate,10.0,including_summaries_sensitivity,grouped_cv,2,ridge_raw,2.43,1.0154381664586662
ethyl_acetate:33,ethyl_acetate:10,ethyl_acetate,10.0,including_summaries_sensitivity,grouped_cv,2,ridge_raw,2.5700000000000003,1.0154381664586662
ethyl_acetate:34,ethyl_acetate:10,ethyl_acetate,10.0,including_summaries_sensitivity,grouped_cv,2,ridge_raw,3.18,1.0154381664586662
hexane:14,hexane:0.07,hexane,0.07,including_summaries_sensitivity,grouped_cv,2,ridge_log_interactions,0.13,0.903465838182132
hexane:15,hexane:0.07,hexane,0.07,including_summaries_sensitivity,grouped_cv,2,ridge_log_interactions,0.1499999999999999,0.903465838182132
hexane:16,hexane:0.07,hexane,0.07,including_summaries_sensitivity,grouped_cv,2,ridge_log_interactions,0.1399999999999999,0.903465838182132
hexane:17,hexane:0.07,hexane,0.07,including_summaries_sensitivity,grouped_cv,2,ridge_log_interactions,0.23,0.903465838182132
hexane:18,hexane:0.07,hexane,0.07,including_summaries_sensitivity,grouped_cv,2,ridge_log_interactions,0.21,0.903465838182132
hexane:19,hexane:0.07,hexane,0.07,including_summaries_sensitivity,grouped_cv,2,ridge_log_interactions,0.2199999999999999,0.903465838182132
hexane:38,hexane:1,hexane,1.0,including_summaries_sensitivity,grouped_cv,2,ridge_log_interactions,1.42,1.8331468570519676
hexane:39,hexane:1,hexane,1.0,including_summaries_sensitivity,grouped_cv,2,ridge_log_interactions,1.42,1.8331468570519676
hexane:40,hexane:1,hexane,1.0,including_summaries_sensitivity,grouped_cv,2,ridge_log_interactions,1.44,1.8331468570519676
hexane:44,hexane:2,hexane,2.0,including_summaries_sensitivity,grouped_cv,2,ridge_log_interactions,2.9799999999999995,2.435800935400856
hexane:45,hexane:2,hexane,2.0,including_summaries_sensitivity,grouped_cv,2,ridge_log_interactions,2.96,2.435800935400856
hexane:46,hexane:2,hexane,2.0,including_summaries_sensitivity,grouped_cv,2,ridge_log_interactions,2.99,2.435800935400856
hexane:56,hexane:7,hexane,7.0,including_summaries_sensitivity,grouped_cv,2,ridge_log_interactions,9.3,3.893634760484825
hexane:57,hexane:7,hexane,7.0,including_summaries_sensitivity,grouped_cv,2,ridge_log_interactions,9.33,3.893634760484825
hexane:58,hexane:7,hexane,7.0,including_summaries_sensitivity,grouped_cv,2,ridge_log_interactions,9.24,3.893634760484825
toluene:9,toluene:0.25,toluene,0.25,including_summaries_sensitivity,grouped_cv,2,ridge_log_interactions,0.31,0.0
toluene:38,toluene:0.25,toluene,0.25,including_summaries_sensitivity,grouped_cv,2,ridge_log_interactions,0.26,0.0
toluene:39,toluene:0.25,toluene,0.25,including_summaries_sensitivity,grouped_cv,2,ridge_log_interactions,0.31,0.0
toluene:40,toluene:0.25,toluene,0.25,including_summaries_sensitivity,grouped_cv,2,ridge_log_interactions,0.39,0.0
ethyl_acetate:2,ethyl_acetate:0.1,ethyl_acetate,0.1,including_summaries_sensitivity,grouped_cv,2,ridge_log_interactions,0.53,1.0032972950015506
ethyl_acetate:3,ethyl_acetate:0.1,ethyl_acetate,0.1,including_summaries_sensitivity,grouped_cv,2,ridge_log_interactions,0.54,1.0032972950015506
ethyl_acetate:4,ethyl_acetate:0.1,ethyl_acetate,0.1,including_summaries_sensitivity,grouped_cv,2,ridge_log_interactions,0.54,1.0032972950015506
ethyl_acetate:14,ethyl_acetate:0.1,ethyl_acetate,0.1,including_summaries_sensitivity,grouped_cv,2,ridge_log_interactions,0.26,1.0032972950015506
ethyl_acetate:15,ethyl_acetate:0.1,ethyl_acetate,0.1,including_summaries_sensitivity,grouped_cv,2,ridge_log_interactions,0.31,1.0032972950015506
ethyl_acetate:16,ethyl_acetate:0.1,ethyl_acetate,0.1,including_summaries_sensitivity,grouped_cv,2,ridge_log_interactions,0.33,1.0032972950015506
ethyl_acetate:32,ethyl_acetate:10,ethyl_acetate,10.0,including_summaries_sensitivity,grouped_cv,2,ridge_log_interactions,2.43,0.5982740604460424
ethyl_acetate:33,ethyl_acetate:10,ethyl_acetate,10.0,including_summaries_sensitivity,grouped_cv,2,ridge_log_interactions,2.5700000000000003,0.5982740604460424
ethyl_acetate:34,ethyl_acetate:10,ethyl_acetate,10.0,including_summaries_sensitivity,grouped_cv,2,ridge_log_interactions,3.18,0.5982740604460424
hexane:14,hexane:0.07,hexane,0.07,including_summaries_sensitivity,grouped_cv,2,rf_raw,0.13,0.1552034038918598
hexane:15,hexane:0.07,hexane,0.07,including_summaries_sensitivity,grouped_cv,2,rf_raw,0.1499999999999999,0.1552034038918598
hexane:16,hexane:0.07,hexane,0.07,including_summaries_sensitivity,grouped_cv,2,rf_raw,0.1399999999999999,0.1552034038918598
hexane:17,hexane:0.07,hexane,0.07,including_summaries_sensitivity,grouped_cv,2,rf_raw,0.23,0.1552034038918598
hexane:18,hexane:0.07,hexane,0.07,including_summaries_sensitivity,grouped_cv,2,rf_raw,0.21,0.1552034038918598
hexane:19,hexane:0.07,hexane,0.07,including_summaries_sensitivity,grouped_cv,2,rf_raw,0.2199999999999999,0.1552034038918598
hexane:38,hexane:1,hexane,1.0,including_summaries_sensitivity,grouped_cv,2,rf_raw,1.42,0.8199981746031751
hexane:39,hexane:1,hexane,1.0,including_summaries_sensitivity,grouped_cv,2,rf_raw,1.42,0.8199981746031751
hexane:40,hexane:1,hexane,1.0,including_summaries_sensitivity,grouped_cv,2,rf_raw,1.44,0.8199981746031751
hexane:44,hexane:2,hexane,2.0,including_summaries_sensitivity,grouped_cv,2,rf_raw,2.9799999999999995,2.0363106962481945
hexane:45,hexane:2,hexane,2.0,including_summaries_sensitivity,grouped_cv,2,rf_raw,2.96,2.0363106962481945
hexane:46,hexane:2,hexane,2.0,including_summaries_sensitivity,grouped_cv,2,rf_raw,2.99,2.0363106962481945
hexane:56,hexane:7,hexane,7.0,including_summaries_sensitivity,grouped_cv,2,rf_raw,9.3,7.335959917027419
hexane:57,hexane:7,hexane,7.0,including_summaries_sensitivity,grouped_cv,2,rf_raw,9.33,7.335959917027419
hexane:58,hexane:7,hexane,7.0,including_summaries_sensitivity,grouped_cv,2,rf_raw,9.24,7.335959917027419
toluene:9,toluene:0.25,toluene,0.25,including_summaries_sensitivity,grouped_cv,2,rf_raw,0.31,0.4979562644300145
toluene:38,toluene:0.25,toluene,0.25,including_summaries_sensitivity,grouped_cv,2,rf_raw,0.26,0.4979562644300145
toluene:39,toluene:0.25,toluene,0.25,including_summaries_sensitivity,grouped_cv,2,rf_raw,0.31,0.4979562644300145
toluene:40,toluene:0.25,toluene,0.25,including_summaries_sensitivity,grouped_cv,2,rf_raw,0.39,0.4979562644300145
ethyl_acetate:2,ethyl_acetate:0.1,ethyl_acetate,0.1,including_summaries_sensitivity,grouped_cv,2,rf_raw,0.53,0.3181308164058163
ethyl_acetate:3,ethyl_acetate:0.1,ethyl_acetate,0.1,including_summaries_sensitivity,grouped_cv,2,rf_raw,0.54,0.3181308164058163
ethyl_acetate:4,ethyl_acetate:0.1,ethyl_acetate,0.1,including_summaries_sensitivity,grouped_cv,2,rf_raw,0.54,0.3181308164058163
ethyl_acetate:14,ethyl_acetate:0.1,ethyl_acetate,0.1,including_summaries_sensitivity,grouped_cv,2,rf_raw,0.26,0.3181308164058163
ethyl_acetate:15,ethyl_acetate:0.1,ethyl_acetate,0.1,including_summaries_sensitivity,grouped_cv,2,rf_raw,0.31,0.3181308164058163
ethyl_acetate:16,ethyl_acetate:0.1,ethyl_acetate,0.1,including_summaries_sensitivity,grouped_cv,2,rf_raw,0.33,0.3181308164058163
ethyl_acetate:32,ethyl_acetate:10,ethyl_acetate,10.0,including_summaries_sensitivity,grouped_cv,2,rf_raw,2.43,1.1567011183261189
ethyl_acetate:33,ethyl_acetate:10,ethyl_acetate,10.0,including_summaries_sensitivity,grouped_cv,2,rf_raw,2.5700000000000003,1.1567011183261189
ethyl_acetate:34,ethyl_acetate:10,ethyl_acetate,10.0,including_summaries_sensitivity,grouped_cv,2,rf_raw,3.18,1.1567011183261189
hexane:14,hexane:0.07,hexane,0.07,including_summaries_sensitivity,grouped_cv,2,rf_log_interactions,0.13,0.2453041089466089
hexane:15,hexane:0.07,hexane,0.07,including_summaries_sensitivity,grouped_cv,2,rf_log_interactions,0.1499999999999999,0.2453041089466089
hexane:16,hexane:0.07,hexane,0.07,including_summaries_sensitivity,grouped_cv,2,rf_log_interactions,0.1399999999999999,0.2453041089466089
hexane:17,hexane:0.07,hexane,0.07,including_summaries_sensitivity,grouped_cv,2,rf_log_interactions,0.23,0.2453041089466089
hexane:18,hexane:0.07,hexane,0.07,including_summaries_sensitivity,grouped_cv,2,rf_log_interactions,0.21,0.2453041089466089
hexane:19,hexane:0.07,hexane,0.07,including_summaries_sensitivity,grouped_cv,2,rf_log_interactions,0.2199999999999999,0.2453041089466089
hexane:38,hexane:1,hexane,1.0,including_summaries_sensitivity,grouped_cv,2,rf_log_interactions,1.42,1.0199879383116888
hexane:39,hexane:1,hexane,1.0,including_summaries_sensitivity,grouped_cv,2,rf_log_interactions,1.42,1.0199879383116888
hexane:40,hexane:1,hexane,1.0,including_summaries_sensitivity,grouped_cv,2,rf_log_interactions,1.44,1.0199879383116888
hexane:44,hexane:2,hexane,2.0,including_summaries_sensitivity,grouped_cv,2,rf_log_interactions,2.9799999999999995,2.9431494372294384
hexane:45,hexane:2,hexane,2.0,including_summaries_sensitivity,grouped_cv,2,rf_log_interactions,2.96,2.9431494372294384
hexane:46,hexane:2,hexane,2.0,including_summaries_sensitivity,grouped_cv,2,rf_log_interactions,2.99,2.9431494372294384
hexane:56,hexane:7,hexane,7.0,including_summaries_sensitivity,grouped_cv,2,rf_log_interactions,9.3,7.352474980158731
hexane:57,hexane:7,hexane,7.0,including_summaries_sensitivity,grouped_cv,2,rf_log_interactions,9.33,7.352474980158731
hexane:58,hexane:7,hexane,7.0,including_summaries_sensitivity,grouped_cv,2,rf_log_interactions,9.24,7.352474980158731
toluene:9,toluene:0.25,toluene,0.25,including_summaries_sensitivity,grouped_cv,2,rf_log_interactions,0.31,0.5142521153846153
toluene:38,toluene:0.25,toluene,0.25,including_summaries_sensitivity,grouped_cv,2,rf_log_interactions,0.26,0.5142521153846153
toluene:39,toluene:0.25,toluene,0.25,including_summaries_sensitivity,grouped_cv,2,rf_log_interactions,0.31,0.5142521153846153
toluene:40,toluene:0.25,toluene,0.25,including_summaries_sensitivity,grouped_cv,2,rf_log_interactions,0.39,0.5142521153846153
ethyl_acetate:2,ethyl_acetate:0.1,ethyl_acetate,0.1,including_summaries_sensitivity,grouped_cv,2,rf_log_interactions,0.53,0.428750294011544
ethyl_acetate:3,ethyl_acetate:0.1,ethyl_acetate,0.1,including_summaries_sensitivity,grouped_cv,2,rf_log_interactions,0.54,0.428750294011544
ethyl_acetate:4,ethyl_acetate:0.1,ethyl_acetate,0.1,including_summaries_sensitivity,grouped_cv,2,rf_log_interactions,0.54,0.428750294011544
ethyl_acetate:14,ethyl_acetate:0.1,ethyl_acetate,0.1,including_summaries_sensitivity,grouped_cv,2,rf_log_interactions,0.26,0.428750294011544
ethyl_acetate:15,ethyl_acetate:0.1,ethyl_acetate,0.1,including_summaries_sensitivity,grouped_cv,2,rf_log_interactions,0.31,0.428750294011544
ethyl_acetate:16,ethyl_acetate:0.1,ethyl_acetate,0.1,including_summaries_sensitivity,grouped_cv,2,rf_log_interactions,0.33,0.428750294011544
ethyl_acetate:32,ethyl_acetate:10,ethyl_acetate,10.0,including_summaries_sensitivity,grouped_cv,2,rf_log_interactions,2.43,1.2790278445165948
ethyl_acetate:33,ethyl_acetate:10,ethyl_acetate,10.0,including_summaries_sensitivity,grouped_cv,2,rf_log_interactions,2.5700000000000003,1.2790278445165948
ethyl_acetate:34,ethyl_acetate:10,ethyl_acetate,10.0,including_summaries_sensitivity,grouped_cv,2,rf_log_interactions,3.18,1.2790278445165948
hexane:8,hexane:0.05,hexane,0.05,including_summaries_sensitivity,grouped_cv,3,mean,0.14,1.143982300884956
hexane:9,hexane:0.05,hexane,0.05,including_summaries_sensitivity,grouped_cv,3,mean,0.18,1.143982300884956
hexane:10,hexane:0.05,hexane,0.05,including_summaries_sensitivity,grouped_cv,3,mean,0.14,1.143982300884956
hexane:11,hexane:0.05,hexane,0.05,including_summaries_sensitivity,grouped_cv,3,mean,0.15,1.143982300884956
hexane:12,hexane:0.05,hexane,0.05,including_summaries_sensitivity,grouped_cv,3,mean,0.1499999999999999,1.143982300884956
hexane:13,hexane:0.05,hexane,0.05,including_summaries_sensitivity,grouped_cv,3,mean,0.1699999999999999,1.143982300884956
hexane:23,hexane:0.1,hexane,0.1,including_summaries_sensitivity,grouped_cv,3,mean,0.41,1.143982300884956
hexane:24,hexane:0.1,hexane,0.1,including_summaries_sensitivity,grouped_cv,3,mean,0.42,1.143982300884956
hexane:25,hexane:0.1,hexane,0.1,including_summaries_sensitivity,grouped_cv,3,mean,0.43,1.143982300884956
hexane:26,hexane:0.1,hexane,0.1,including_summaries_sensitivity,grouped_cv,3,mean,0.31,1.143982300884956
hexane:27,hexane:0.1,hexane,0.1,including_summaries_sensitivity,grouped_cv,3,mean,0.29,1.143982300884956
hexane:28,hexane:0.1,hexane,0.1,including_summaries_sensitivity,grouped_cv,3,mean,0.31,1.143982300884956
hexane:41,hexane:1.5,hexane,1.5,including_summaries_sensitivity,grouped_cv,3,mean,2.22,1.143982300884956
hexane:42,hexane:1.5,hexane,1.5,including_summaries_sensitivity,grouped_cv,3,mean,2.22,1.143982300884956
hexane:43,hexane:1.5,hexane,1.5,including_summaries_sensitivity,grouped_cv,3,mean,2.21,1.143982300884956
hexane:47,hexane:2.5,hexane,2.5,including_summaries_sensitivity,grouped_cv,3,mean,2.98,1.143982300884956
hexane:48,hexane:2.5,hexane,2.5,including_summaries_sensitivity,grouped_cv,3,mean,3.06,1.143982300884956
hexane:49,hexane:2.5,hexane,2.5,including_summaries_sensitivity,grouped_cv,3,mean,3.01,1.143982300884956
toluene:8,toluene:0.1,toluene,0.1,including_summaries_sensitivity,grouped_cv,3,mean,0.38,1.143982300884956
toluene:35,toluene:0.1,toluene,0.1,including_summaries_sensitivity,grouped_cv,3,mean,0.15,1.143982300884956
toluene:36,toluene:0.1,toluene,0.1,including_summaries_sensitivity,grouped_cv,3,mean,0.19,1.143982300884956
toluene:37,toluene:0.1,toluene,0.1,including_summaries_sensitivity,grouped_cv,3,mean,0.18,1.143982300884956
ethyl_acetate:5,ethyl_acetate:0.15,ethyl_acetate,0.15,including_summaries_sensitivity,grouped_cv,3,mean,0.6699999999999999,1.143982300884956
ethyl_acetate:6,ethyl_acetate:0.15,ethyl_acetate,0.15,including_summaries_sensitivity,grouped_cv,3,mean,0.6499999999999999,1.143982300884956
ethyl_acetate:7,ethyl_acetate:0.15,ethyl_acetate,0.15,including_summaries_sensitivity,grouped_cv,3,mean,0.71,1.143982300884956
ethyl_acetate:20,ethyl_acetate:1,ethyl_acetate,1.0,including_summaries_sensitivity,grouped_cv,3,mean,0.68,1.143982300884956
ethyl_acetate:21,ethyl_acetate:1,ethyl_acetate,1.0,including_summaries_sensitivity,grouped_cv,3,mean,0.68,1.143982300884956
ethyl_acetate:22,ethyl_acetate:1,ethyl_acetate,1.0,including_summaries_sensitivity,grouped_cv,3,mean,0.62,1.143982300884956
hexane:8,hexane:0.05,hexane,0.05,including_summaries_sensitivity,grouped_cv,3,ridge_raw,0.14,2.1966059466396795
hexane:9,hexane:0.05,hexane,0.05,including_summaries_sensitivity,grouped_cv,3,ridge_raw,0.18,2.1966059466396795
hexane:10,hexane:0.05,hexane,0.05,including_summaries_sensitivity,grouped_cv,3,ridge_raw,0.14,2.1966059466396795
hexane:11,hexane:0.05,hexane,0.05,including_summaries_sensitivity,grouped_cv,3,ridge_raw,0.15,2.1966059466396795
hexane:12,hexane:0.05,hexane,0.05,including_summaries_sensitivity,grouped_cv,3,ridge_raw,0.1499999999999999,2.1966059466396795
hexane:13,hexane:0.05,hexane,0.05,including_summaries_sensitivity,grouped_cv,3,ridge_raw,0.1699999999999999,2.1966059466396795
hexane:23,hexane:0.1,hexane,0.1,including_summaries_sensitivity,grouped_cv,3,ridge_raw,0.41,2.1974817889876004
hexane:24,hexane:0.1,hexane,0.1,including_summaries_sensitivity,grouped_cv,3,ridge_raw,0.42,2.1974817889876004
hexane:25,hexane:0.1,hexane,0.1,including_summaries_sensitivity,grouped_cv,3,ridge_raw,0.43,2.1974817889876004
hexane:26,hexane:0.1,hexane,0.1,including_summaries_sensitivity,grouped_cv,3,ridge_raw,0.31,2.1974817889876004
hexane:27,hexane:0.1,hexane,0.1,including_summaries_sensitivity,grouped_cv,3,ridge_raw,0.29,2.1974817889876004
hexane:28,hexane:0.1,hexane,0.1,including_summaries_sensitivity,grouped_cv,3,ridge_raw,0.31,2.1974817889876004
hexane:41,hexane:1.5,hexane,1.5,including_summaries_sensitivity,grouped_cv,3,ridge_raw,2.22,2.2220053747293957
hexane:42,hexane:1.5,hexane,1.5,including_summaries_sensitivity,grouped_cv,3,ridge_raw,2.22,2.2220053747293957
hexane:43,hexane:1.5,hexane,1.5,including_summaries_sensitivity,grouped_cv,3,ridge_raw,2.21,2.2220053747293957
hexane:47,hexane:2.5,hexane,2.5,including_summaries_sensitivity,grouped_cv,3,ridge_raw,2.98,2.23952222168782
hexane:48,hexane:2.5,hexane,2.5,including_summaries_sensitivity,grouped_cv,3,ridge_raw,3.06,2.23952222168782
hexane:49,hexane:2.5,hexane,2.5,including_summaries_sensitivity,grouped_cv,3,ridge_raw,3.01,2.23952222168782
toluene:8,toluene:0.1,toluene,0.1,including_summaries_sensitivity,grouped_cv,3,ridge_raw,0.38,0.0409147116198749
toluene:35,toluene:0.1,toluene,0.1,including_summaries_sensitivity,grouped_cv,3,ridge_raw,0.15,0.0409147116198749
toluene:36,toluene:0.1,toluene,0.1,including_summaries_sensitivity,grouped_cv,3,ridge_raw,0.19,0.0409147116198749
toluene:37,toluene:0.1,toluene,0.1,including_summaries_sensitivity,grouped_cv,3,ridge_raw,0.18,0.0409147116198749
ethyl_acetate:5,ethyl_acetate:0.15,ethyl_acetate,0.15,including_summaries_sensitivity,grouped_cv,3,ridge_raw,0.6699999999999999,1.0507086083423465
ethyl_acetate:6,ethyl_acetate:0.15,ethyl_acetate,0.15,including_summaries_sensitivity,grouped_cv,3,ridge_raw,0.6499999999999999,1.0507086083423465
ethyl_acetate:7,ethyl_acetate:0.15,ethyl_acetate,0.15,including_summaries_sensitivity,grouped_cv,3,ridge_raw,0.71,1.0507086083423465
ethyl_acetate:20,ethyl_acetate:1,ethyl_acetate,1.0,including_summaries_sensitivity,grouped_cv,3,ridge_raw,0.68,1.0655979282570074
ethyl_acetate:21,ethyl_acetate:1,ethyl_acetate,1.0,including_summaries_sensitivity,grouped_cv,3,ridge_raw,0.68,1.0655979282570074
ethyl_acetate:22,ethyl_acetate:1,ethyl_acetate,1.0,including_summaries_sensitivity,grouped_cv,3,ridge_raw,0.62,1.0655979282570074
hexane:8,hexane:0.05,hexane,0.05,including_summaries_sensitivity,grouped_cv,3,ridge_log_interactions,0.14,1.099611761344068
hexane:9,hexane:0.05,hexane,0.05,including_summaries_sensitivity,grouped_cv,3,ridge_log_interactions,0.18,1.099611761344068
hexane:10,hexane:0.05,hexane,0.05,including_summaries_sensitivity,grouped_cv,3,ridge_log_interactions,0.14,1.099611761344068
hexane:11,hexane:0.05,hexane,0.05,including_summaries_sensitivity,grouped_cv,3,ridge_log_interactions,0.15,1.099611761344068
hexane:12,hexane:0.05,hexane,0.05,including_summaries_sensitivity,grouped_cv,3,ridge_log_interactions,0.1499999999999999,1.099611761344068
hexane:13,hexane:0.05,hexane,0.05,including_summaries_sensitivity,grouped_cv,3,ridge_log_interactions,0.1699999999999999,1.099611761344068
hexane:23,hexane:0.1,hexane,0.1,including_summaries_sensitivity,grouped_cv,3,ridge_log_interactions,0.41,1.1870046454953471
hexane:24,hexane:0.1,hexane,0.1,including_summaries_sensitivity,grouped_cv,3,ridge_log_interactions,0.42,1.1870046454953471
hexane:25,hexane:0.1,hexane,0.1,including_summaries_sensitivity,grouped_cv,3,ridge_log_interactions,0.43,1.1870046454953471
hexane:26,hexane:0.1,hexane,0.1,including_summaries_sensitivity,grouped_cv,3,ridge_log_interactions,0.31,1.1870046454953471
hexane:27,hexane:0.1,hexane,0.1,including_summaries_sensitivity,grouped_cv,3,ridge_log_interactions,0.29,1.1870046454953471
hexane:28,hexane:0.1,hexane,0.1,including_summaries_sensitivity,grouped_cv,3,ridge_log_interactions,0.31,1.1870046454953471
hexane:41,hexane:1.5,hexane,1.5,including_summaries_sensitivity,grouped_cv,3,ridge_log_interactions,2.22,2.729305465869036
hexane:42,hexane:1.5,hexane,1.5,including_summaries_sensitivity,grouped_cv,3,ridge_log_interactions,2.22,2.729305465869036
hexane:43,hexane:1.5,hexane,1.5,including_summaries_sensitivity,grouped_cv,3,ridge_log_interactions,2.21,2.729305465869036
hexane:47,hexane:2.5,hexane,2.5,including_summaries_sensitivity,grouped_cv,3,ridge_log_interactions,2.98,3.3614049781723754
hexane:48,hexane:2.5,hexane,2.5,including_summaries_sensitivity,grouped_cv,3,ridge_log_interactions,3.06,3.3614049781723754
hexane:49,hexane:2.5,hexane,2.5,including_summaries_sensitivity,grouped_cv,3,ridge_log_interactions,3.01,3.3614049781723754
toluene:8,toluene:0.1,toluene,0.1,including_summaries_sensitivity,grouped_cv,3,ridge_log_interactions,0.38,0.0
toluene:35,toluene:0.1,toluene,0.1,including_summaries_sensitivity,grouped_cv,3,ridge_log_interactions,0.15,0.0
toluene:36,toluene:0.1,toluene,0.1,including_summaries_sensitivity,grouped_cv,3,ridge_log_interactions,0.19,0.0
toluene:37,toluene:0.1,toluene,0.1,including_summaries_sensitivity,grouped_cv,3,ridge_log_interactions,0.18,0.0
ethyl_acetate:5,ethyl_acetate:0.15,ethyl_acetate,0.15,including_summaries_sensitivity,grouped_cv,3,ridge_log_interactions,0.6699999999999999,1.0442023698704253
ethyl_acetate:6,ethyl_acetate:0.15,ethyl_acetate,0.15,including_summaries_sensitivity,grouped_cv,3,ridge_log_interactions,0.6499999999999999,1.0442023698704253
ethyl_acetate:7,ethyl_acetate:0.15,ethyl_acetate,0.15,including_summaries_sensitivity,grouped_cv,3,ridge_log_interactions,0.71,1.0442023698704253
ethyl_acetate:20,ethyl_acetate:1,ethyl_acetate,1.0,including_summaries_sensitivity,grouped_cv,3,ridge_log_interactions,0.68,1.039248214636109
ethyl_acetate:21,ethyl_acetate:1,ethyl_acetate,1.0,including_summaries_sensitivity,grouped_cv,3,ridge_log_interactions,0.68,1.039248214636109
ethyl_acetate:22,ethyl_acetate:1,ethyl_acetate,1.0,including_summaries_sensitivity,grouped_cv,3,ridge_log_interactions,0.62,1.039248214636109
hexane:8,hexane:0.05,hexane,0.05,including_summaries_sensitivity,grouped_cv,3,rf_raw,0.14,0.1959177824952823
hexane:9,hexane:0.05,hexane,0.05,including_summaries_sensitivity,grouped_cv,3,rf_raw,0.18,0.1959177824952823
hexane:10,hexane:0.05,hexane,0.05,including_summaries_sensitivity,grouped_cv,3,rf_raw,0.14,0.1959177824952823
hexane:11,hexane:0.05,hexane,0.05,including_summaries_sensitivity,grouped_cv,3,rf_raw,0.15,0.1959177824952823
hexane:12,hexane:0.05,hexane,0.05,including_summaries_sensitivity,grouped_cv,3,rf_raw,0.1499999999999999,0.1959177824952823
hexane:13,hexane:0.05,hexane,0.05,including_summaries_sensitivity,grouped_cv,3,rf_raw,0.1699999999999999,0.1959177824952823
hexane:23,hexane:0.1,hexane,0.1,including_summaries_sensitivity,grouped_cv,3,rf_raw,0.41,0.4001031548312799
hexane:24,hexane:0.1,hexane,0.1,including_summaries_sensitivity,grouped_cv,3,rf_raw,0.42,0.4001031548312799
hexane:25,hexane:0.1,hexane,0.1,including_summaries_sensitivity,grouped_cv,3,rf_raw,0.43,0.4001031548312799
hexane:26,hexane:0.1,hexane,0.1,including_summaries_sensitivity,grouped_cv,3,rf_raw,0.31,0.4001031548312799
hexane:27,hexane:0.1,hexane,0.1,including_summaries_sensitivity,grouped_cv,3,rf_raw,0.29,0.4001031548312799
hexane:28,hexane:0.1,hexane,0.1,including_summaries_sensitivity,grouped_cv,3,rf_raw,0.31,0.4001031548312799
hexane:41,hexane:1.5,hexane,1.5,including_summaries_sensitivity,grouped_cv,3,rf_raw,2.22,1.430615654761905
hexane:42,hexane:1.5,hexane,1.5,including_summaries_sensitivity,grouped_cv,3,rf_raw,2.22,1.430615654761905
hexane:43,hexane:1.5,hexane,1.5,including_summaries_sensitivity,grouped_cv,3,rf_raw,2.21,1.430615654761905
hexane:47,hexane:2.5,hexane,2.5,including_summaries_sensitivity,grouped_cv,3,rf_raw,2.98,2.8187482539682582
hexane:48,hexane:2.5,hexane,2.5,including_summaries_sensitivity,grouped_cv,3,rf_raw,3.06,2.8187482539682582
hexane:49,hexane:2.5,hexane,2.5,including_summaries_sensitivity,grouped_cv,3,rf_raw,3.01,2.8187482539682582
toluene:8,toluene:0.1,toluene,0.1,including_summaries_sensitivity,grouped_cv,3,rf_raw,0.38,0.3297916649322899
toluene:35,toluene:0.1,toluene,0.1,including_summaries_sensitivity,grouped_cv,3,rf_raw,0.15,0.3297916649322899
toluene:36,toluene:0.1,toluene,0.1,including_summaries_sensitivity,grouped_cv,3,rf_raw,0.19,0.3297916649322899
toluene:37,toluene:0.1,toluene,0.1,including_summaries_sensitivity,grouped_cv,3,rf_raw,0.18,0.3297916649322899
ethyl_acetate:5,ethyl_acetate:0.15,ethyl_acetate,0.15,including_summaries_sensitivity,grouped_cv,3,rf_raw,0.6699999999999999,0.5169647479603733
ethyl_acetate:6,ethyl_acetate:0.15,ethyl_acetate,0.15,including_summaries_sensitivity,grouped_cv,3,rf_raw,0.6499999999999999,0.5169647479603733
ethyl_acetate:7,ethyl_acetate:0.15,ethyl_acetate,0.15,including_summaries_sensitivity,grouped_cv,3,rf_raw,0.71,0.5169647479603733
ethyl_acetate:20,ethyl_acetate:1,ethyl_acetate,1.0,including_summaries_sensitivity,grouped_cv,3,rf_raw,0.68,1.184012575757576
ethyl_acetate:21,ethyl_acetate:1,ethyl_acetate,1.0,including_summaries_sensitivity,grouped_cv,3,rf_raw,0.68,1.184012575757576
ethyl_acetate:22,ethyl_acetate:1,ethyl_acetate,1.0,including_summaries_sensitivity,grouped_cv,3,rf_raw,0.62,1.184012575757576
hexane:8,hexane:0.05,hexane,0.05,including_summaries_sensitivity,grouped_cv,3,rf_log_interactions,0.14,0.1772170217037864
hexane:9,hexane:0.05,hexane,0.05,including_summaries_sensitivity,grouped_cv,3,rf_log_interactions,0.18,0.1772170217037864
hexane:10,hexane:0.05,hexane,0.05,including_summaries_sensitivity,grouped_cv,3,rf_log_interactions,0.14,0.1772170217037864
hexane:11,hexane:0.05,hexane,0.05,including_summaries_sensitivity,grouped_cv,3,rf_log_interactions,0.15,0.1772170217037864
hexane:12,hexane:0.05,hexane,0.05,including_summaries_sensitivity,grouped_cv,3,rf_log_interactions,0.1499999999999999,0.1772170217037864
hexane:13,hexane:0.05,hexane,0.05,including_summaries_sensitivity,grouped_cv,3,rf_log_interactions,0.1699999999999999,0.1772170217037864
hexane:23,hexane:0.1,hexane,0.1,including_summaries_sensitivity,grouped_cv,3,rf_log_interactions,0.41,0.3678745168026418
hexane:24,hexane:0.1,hexane,0.1,including_summaries_sensitivity,grouped_cv,3,rf_log_interactions,0.42,0.3678745168026418
hexane:25,hexane:0.1,hexane,0.1,including_summaries_sensitivity,grouped_cv,3,rf_log_interactions,0.43,0.3678745168026418
hexane:26,hexane:0.1,hexane,0.1,including_summaries_sensitivity,grouped_cv,3,rf_log_interactions,0.31,0.3678745168026418
hexane:27,hexane:0.1,hexane,0.1,including_summaries_sensitivity,grouped_cv,3,rf_log_interactions,0.29,0.3678745168026418
hexane:28,hexane:0.1,hexane,0.1,including_summaries_sensitivity,grouped_cv,3,rf_log_interactions,0.31,0.3678745168026418
hexane:41,hexane:1.5,hexane,1.5,including_summaries_sensitivity,grouped_cv,3,rf_log_interactions,2.22,2.250981250000001
hexane:42,hexane:1.5,hexane,1.5,including_summaries_sensitivity,grouped_cv,3,rf_log_interactions,2.22,2.250981250000001
hexane:43,hexane:1.5,hexane,1.5,including_summaries_sensitivity,grouped_cv,3,rf_log_interactions,2.21,2.250981250000001
hexane:47,hexane:2.5,hexane,2.5,including_summaries_sensitivity,grouped_cv,3,rf_log_interactions,2.98,3.6011727777777782
hexane:48,hexane:2.5,hexane,2.5,including_summaries_sensitivity,grouped_cv,3,rf_log_interactions,3.06,3.6011727777777782
hexane:49,hexane:2.5,hexane,2.5,including_summaries_sensitivity,grouped_cv,3,rf_log_interactions,3.01,3.6011727777777782
toluene:8,toluene:0.1,toluene,0.1,including_summaries_sensitivity,grouped_cv,3,rf_log_interactions,0.38,0.3840214863608611
toluene:35,toluene:0.1,toluene,0.1,including_summaries_sensitivity,grouped_cv,3,rf_log_interactions,0.15,0.3840214863608611
toluene:36,toluene:0.1,toluene,0.1,including_summaries_sensitivity,grouped_cv,3,rf_log_interactions,0.19,0.3840214863608611
toluene:37,toluene:0.1,toluene,0.1,including_summaries_sensitivity,grouped_cv,3,rf_log_interactions,0.18,0.3840214863608611
ethyl_acetate:5,ethyl_acetate:0.15,ethyl_acetate,0.15,including_summaries_sensitivity,grouped_cv,3,rf_log_interactions,0.6699999999999999,0.5121858654539905
ethyl_acetate:6,ethyl_acetate:0.15,ethyl_acetate,0.15,including_summaries_sensitivity,grouped_cv,3,rf_log_interactions,0.6499999999999999,0.5121858654539905
ethyl_acetate:7,ethyl_acetate:0.15,ethyl_acetate,0.15,including_summaries_sensitivity,grouped_cv,3,rf_log_interactions,0.71,0.5121858654539905
ethyl_acetate:20,ethyl_acetate:1,ethyl_acetate,1.0,including_summaries_sensitivity,grouped_cv,3,rf_log_interactions,0.68,1.1378564033189031
ethyl_acetate:21,ethyl_acetate:1,ethyl_acetate,1.0,including_summaries_sensitivity,grouped_cv,3,rf_log_interactions,0.68,1.1378564033189031
ethyl_acetate:22,ethyl_acetate:1,ethyl_acetate,1.0,including_summaries_sensitivity,grouped_cv,3,rf_log_interactions,0.62,1.1378564033189031
hexane:2,hexane:0.02,hexane,0.02,including_summaries_sensitivity,grouped_cv,4,mean,0.0399999999999999,1.106194690265487
hexane:3,hexane:0.02,hexane,0.02,including_summaries_sensitivity,grouped_cv,4,mean,0.0599999999999999,1.106194690265487
hexane:4,hexane:0.02,hexane,0.02,including_summaries_sensitivity,grouped_cv,4,mean,0.0499999999999999,1.106194690265487
hexane:5,hexane:0.02,hexane,0.02,including_summaries_sensitivity,grouped_cv,4,mean,0.0899999999999999,1.106194690265487
hexane:6,hexane:0.02,hexane,0.02,including_summaries_sensitivity,grouped_cv,4,mean,0.1099999999999999,1.106194690265487
hexane:7,hexane:0.02,hexane,0.02,including_summaries_sensitivity,grouped_cv,4,mean,0.09,1.106194690265487
hexane:53,hexane:5,hexane,5.0,including_summaries_sensitivity,grouped_cv,4,mean,5.890000000000001,1.106194690265487
hexane:54,hexane:5,hexane,5.0,including_summaries_sensitivity,grouped_cv,4,mean,5.9,1.106194690265487
hexane:55,hexane:5,hexane,5.0,including_summaries_sensitivity,grouped_cv,4,mean,6.0,1.106194690265487
toluene:6,toluene:0.025,toluene,0.025,including_summaries_sensitivity,grouped_cv,4,mean,0.17,1.106194690265487
toluene:7,toluene:0.05,toluene,0.05,including_summaries_sensitivity,grouped_cv,4,mean,0.24,1.106194690265487
toluene:11,toluene:0.9,toluene,0.9,including_summaries_sensitivity,grouped_cv,4,mean,0.44,1.106194690265487
toluene:14,toluene:10,toluene,10.0,including_summaries_sensitivity,grouped_cv,4,mean,0.41,1.106194690265487
toluene:29,toluene:0.025,toluene,0.025,including_summaries_sensitivity,grouped_cv,4,mean,0.1799999999999999,1.106194690265487
toluene:30,toluene:0.025,toluene,0.025,including_summaries_sensitivity,grouped_cv,4,mean,0.18,1.106194690265487
toluene:31,toluene:0.025,toluene,0.025,including_summaries_sensitivity,grouped_cv,4,mean,0.17,1.106194690265487
toluene:32,toluene:0.05,toluene,0.05,including_summaries_sensitivity,grouped_cv,4,mean,0.3,1.106194690265487
toluene:33,toluene:0.05,toluene,0.05,including_summaries_sensitivity,grouped_cv,4,mean,0.25,1.106194690265487
toluene:34,toluene:0.05,toluene,0.05,including_summaries_sensitivity,grouped_cv,4,mean,0.31,1.106194690265487
toluene:41,toluene:10,toluene,10.0,including_summaries_sensitivity,grouped_cv,4,mean,0.0999999999999999,1.106194690265487
toluene:42,toluene:10,toluene,10.0,including_summaries_sensitivity,grouped_cv,4,mean,0.0999999999999999,1.106194690265487
toluene:43,toluene:10,toluene,10.0,including_summaries_sensitivity,grouped_cv,4,mean,0.14,1.106194690265487
ethyl_acetate:11,ethyl_acetate:0.5,ethyl_acetate,0.5,including_summaries_sensitivity,grouped_cv,4,mean,1.27,1.106194690265487
ethyl_acetate:12,ethyl_acetate:0.5,ethyl_acetate,0.5,including_summaries_sensitivity,grouped_cv,4,mean,1.23,1.106194690265487
ethyl_acetate:13,ethyl_acetate:0.5,ethyl_acetate,0.5,including_summaries_sensitivity,grouped_cv,4,mean,1.17,1.106194690265487
ethyl_acetate:23,ethyl_acetate:2,ethyl_acetate,2.0,including_summaries_sensitivity,grouped_cv,4,mean,0.99,1.106194690265487
ethyl_acetate:24,ethyl_acetate:2,ethyl_acetate,2.0,including_summaries_sensitivity,grouped_cv,4,mean,1.0299999999999998,1.106194690265487
ethyl_acetate:25,ethyl_acetate:2,ethyl_acetate,2.0,including_summaries_sensitivity,grouped_cv,4,mean,1.0699999999999998,1.106194690265487
hexane:2,hexane:0.02,hexane,0.02,including_summaries_sensitivity,grouped_cv,4,ridge_raw,0.0399999999999999,1.8124781862569947
hexane:3,hexane:0.02,hexane,0.02,including_summaries_sensitivity,grouped_cv,4,ridge_raw,0.0599999999999999,1.8124781862569947
hexane:4,hexane:0.02,hexane,0.02,including_summaries_sensitivity,grouped_cv,4,ridge_raw,0.0499999999999999,1.8124781862569947
hexane:5,hexane:0.02,hexane,0.02,including_summaries_sensitivity,grouped_cv,4,ridge_raw,0.0899999999999999,1.8124781862569947
hexane:6,hexane:0.02,hexane,0.02,including_summaries_sensitivity,grouped_cv,4,ridge_raw,0.1099999999999999,1.8124781862569947
hexane:7,hexane:0.02,hexane,0.02,including_summaries_sensitivity,grouped_cv,4,ridge_raw,0.09,1.8124781862569947
hexane:53,hexane:5,hexane,5.0,including_summaries_sensitivity,grouped_cv,4,ridge_raw,5.890000000000001,1.8986413601534395
hexane:54,hexane:5,hexane,5.0,including_summaries_sensitivity,grouped_cv,4,ridge_raw,5.9,1.8986413601534395
hexane:55,hexane:5,hexane,5.0,including_summaries_sensitivity,grouped_cv,4,ridge_raw,6.0,1.8986413601534395
toluene:6,toluene:0.025,toluene,0.025,including_summaries_sensitivity,grouped_cv,4,ridge_raw,0.17,0.0091724856031811
toluene:7,toluene:0.05,toluene,0.05,including_summaries_sensitivity,grouped_cv,4,ridge_raw,0.24,0.009605031656878
toluene:11,toluene:0.9,toluene,0.9,including_summaries_sensitivity,grouped_cv,4,ridge_raw,0.44,0.0243115974825764
toluene:14,toluene:10,toluene,10.0,including_summaries_sensitivity,grouped_cv,4,ridge_raw,0.41,0.1817583610282889
toluene:29,toluene:0.025,toluene,0.025,including_summaries_sensitivity,grouped_cv,4,ridge_raw,0.1799999999999999,0.0091724856031811
toluene:30,toluene:0.025,toluene,0.025,including_summaries_sensitivity,grouped_cv,4,ridge_raw,0.18,0.0091724856031811
toluene:31,toluene:0.025,toluene,0.025,including_summaries_sensitivity,grouped_cv,4,ridge_raw,0.17,0.0091724856031811
toluene:32,toluene:0.05,toluene,0.05,including_summaries_sensitivity,grouped_cv,4,ridge_raw,0.3,0.009605031656878
toluene:33,toluene:0.05,toluene,0.05,including_summaries_sensitivity,grouped_cv,4,ridge_raw,0.25,0.009605031656878
toluene:34,toluene:0.05,toluene,0.05,including_summaries_sensitivity,grouped_cv,4,ridge_raw,0.31,0.009605031656878
toluene:41,toluene:10,toluene,10.0,including_summaries_sensitivity,grouped_cv,4,ridge_raw,0.0999999999999999,0.1817583610282889
toluene:42,toluene:10,toluene,10.0,including_summaries_sensitivity,grouped_cv,4,ridge_raw,0.0999999999999999,0.1817583610282889
toluene:43,toluene:10,toluene,10.0,including_summaries_sensitivity,grouped_cv,4,ridge_raw,0.14,0.1817583610282889
ethyl_acetate:11,ethyl_acetate:0.5,ethyl_acetate,0.5,including_summaries_sensitivity,grouped_cv,4,ridge_raw,1.27,0.9528968449649872
ethyl_acetate:12,ethyl_acetate:0.5,ethyl_acetate,0.5,including_summaries_sensitivity,grouped_cv,4,ridge_raw,1.23,0.9528968449649872
ethyl_acetate:13,ethyl_acetate:0.5,ethyl_acetate,0.5,including_summaries_sensitivity,grouped_cv,4,ridge_raw,1.17,0.9528968449649872
ethyl_acetate:23,ethyl_acetate:2,ethyl_acetate,2.0,including_summaries_sensitivity,grouped_cv,4,ridge_raw,0.99,0.978849608186808
ethyl_acetate:24,ethyl_acetate:2,ethyl_acetate,2.0,including_summaries_sensitivity,grouped_cv,4,ridge_raw,1.0299999999999998,0.978849608186808
ethyl_acetate:25,ethyl_acetate:2,ethyl_acetate,2.0,including_summaries_sensitivity,grouped_cv,4,ridge_raw,1.0699999999999998,0.978849608186808
hexane:2,hexane:0.02,hexane,0.02,including_summaries_sensitivity,grouped_cv,4,ridge_log_interactions,0.0399999999999999,0.8159188539119808
hexane:3,hexane:0.02,hexane,0.02,including_summaries_sensitivity,grouped_cv,4,ridge_log_interactions,0.0599999999999999,0.8159188539119808
hexane:4,hexane:0.02,hexane,0.02,including_summaries_sensitivity,grouped_cv,4,ridge_log_interactions,0.0499999999999999,0.8159188539119808
hexane:5,hexane:0.02,hexane,0.02,including_summaries_sensitivity,grouped_cv,4,ridge_log_interactions,0.0899999999999999,0.8159188539119808
hexane:6,hexane:0.02,hexane,0.02,including_summaries_sensitivity,grouped_cv,4,ridge_log_interactions,0.1099999999999999,0.8159188539119808
hexane:7,hexane:0.02,hexane,0.02,including_summaries_sensitivity,grouped_cv,4,ridge_log_interactions,0.09,0.8159188539119808
hexane:53,hexane:5,hexane,5.0,including_summaries_sensitivity,grouped_cv,4,ridge_log_interactions,5.890000000000001,4.105594092314153
hexane:54,hexane:5,hexane,5.0,including_summaries_sensitivity,grouped_cv,4,ridge_log_interactions,5.9,4.105594092314153
hexane:55,hexane:5,hexane,5.0,including_summaries_sensitivity,grouped_cv,4,ridge_log_interactions,6.0,4.105594092314153
toluene:6,toluene:0.025,toluene,0.025,including_summaries_sensitivity,grouped_cv,4,ridge_log_interactions,0.17,0.0
toluene:7,toluene:0.05,toluene,0.05,including_summaries_sensitivity,grouped_cv,4,ridge_log_interactions,0.24,0.0
toluene:11,toluene:0.9,toluene,0.9,including_summaries_sensitivity,grouped_cv,4,ridge_log_interactions,0.44,0.0111911193279294
toluene:14,toluene:10,toluene,10.0,including_summaries_sensitivity,grouped_cv,4,ridge_log_interactions,0.41,0.7816539517890366
toluene:29,toluene:0.025,toluene,0.025,including_summaries_sensitivity,grouped_cv,4,ridge_log_interactions,0.1799999999999999,0.0
toluene:30,toluene:0.025,toluene,0.025,including_summaries_sensitivity,grouped_cv,4,ridge_log_interactions,0.18,0.0
toluene:31,toluene:0.025,toluene,0.025,including_summaries_sensitivity,grouped_cv,4,ridge_log_interactions,0.17,0.0
toluene:32,toluene:0.05,toluene,0.05,including_summaries_sensitivity,grouped_cv,4,ridge_log_interactions,0.3,0.0
toluene:33,toluene:0.05,toluene,0.05,including_summaries_sensitivity,grouped_cv,4,ridge_log_interactions,0.25,0.0
toluene:34,toluene:0.05,toluene,0.05,including_summaries_sensitivity,grouped_cv,4,ridge_log_interactions,0.31,0.0
toluene:41,toluene:10,toluene,10.0,including_summaries_sensitivity,grouped_cv,4,ridge_log_interactions,0.0999999999999999,0.7816539517890366
toluene:42,toluene:10,toluene,10.0,including_summaries_sensitivity,grouped_cv,4,ridge_log_interactions,0.0999999999999999,0.7816539517890366
toluene:43,toluene:10,toluene,10.0,including_summaries_sensitivity,grouped_cv,4,ridge_log_interactions,0.14,0.7816539517890366
ethyl_acetate:11,ethyl_acetate:0.5,ethyl_acetate,0.5,including_summaries_sensitivity,grouped_cv,4,ridge_log_interactions,1.27,0.9210922459512818
ethyl_acetate:12,ethyl_acetate:0.5,ethyl_acetate,0.5,including_summaries_sensitivity,grouped_cv,4,ridge_log_interactions,1.23,0.9210922459512818
ethyl_acetate:13,ethyl_acetate:0.5,ethyl_acetate,0.5,including_summaries_sensitivity,grouped_cv,4,ridge_log_interactions,1.17,0.9210922459512818
ethyl_acetate:23,ethyl_acetate:2,ethyl_acetate,2.0,including_summaries_sensitivity,grouped_cv,4,ridge_log_interactions,0.99,0.9471958491778816
ethyl_acetate:24,ethyl_acetate:2,ethyl_acetate,2.0,including_summaries_sensitivity,grouped_cv,4,ridge_log_interactions,1.0299999999999998,0.9471958491778816
ethyl_acetate:25,ethyl_acetate:2,ethyl_acetate,2.0,including_summaries_sensitivity,grouped_cv,4,ridge_log_interactions,1.0699999999999998,0.9471958491778816
hexane:2,hexane:0.02,hexane,0.02,including_summaries_sensitivity,grouped_cv,4,rf_raw,0.0399999999999999,0.1584630008880009
hexane:3,hexane:0.02,hexane,0.02,including_summaries_sensitivity,grouped_cv,4,rf_raw,0.0599999999999999,0.1584630008880009
hexane:4,hexane:0.02,hexane,0.02,including_summaries_sensitivity,grouped_cv,4,rf_raw,0.0499999999999999,0.1584630008880009
hexane:5,hexane:0.02,hexane,0.02,including_summaries_sensitivity,grouped_cv,4,rf_raw,0.0899999999999999,0.1584630008880009
hexane:6,hexane:0.02,hexane,0.02,including_summaries_sensitivity,grouped_cv,4,rf_raw,0.1099999999999999,0.1584630008880009
hexane:7,hexane:0.02,hexane,0.02,including_summaries_sensitivity,grouped_cv,4,rf_raw,0.09,0.1584630008880009
hexane:53,hexane:5,hexane,5.0,including_summaries_sensitivity,grouped_cv,4,rf_raw,5.890000000000001,4.0678951226551225
hexane:54,hexane:5,hexane,5.0,including_summaries_sensitivity,grouped_cv,4,rf_raw,5.9,4.0678951226551225
hexane:55,hexane:5,hexane,5.0,including_summaries_sensitivity,grouped_cv,4,rf_raw,6.0,4.0678951226551225
toluene:6,toluene:0.025,toluene,0.025,including_summaries_sensitivity,grouped_cv,4,rf_raw,0.17,0.1689361033411034
toluene:7,toluene:0.05,toluene,0.05,including_summaries_sensitivity,grouped_cv,4,rf_raw,0.24,0.1656419276556776
toluene:11,toluene:0.9,toluene,0.9,including_summaries_sensitivity,grouped_cv,4,rf_raw,0.44,0.6571858315295827
toluene:14,toluene:10,toluene,10.0,including_summaries_sensitivity,grouped_cv,4,rf_raw,0.41,0.4357737770562771
toluene:29,toluene:0.025,toluene,0.025,including_summaries_sensitivity,grouped_cv,4,rf_raw,0.1799999999999999,0.1689361033411034
toluene:30,toluene:0.025,toluene,0.025,including_summaries_sensitivity,grouped_cv,4,rf_raw,0.18,0.1689361033411034
toluene:31,toluene:0.025,toluene,0.025,including_summaries_sensitivity,grouped_cv,4,rf_raw,0.17,0.1689361033411034
toluene:32,toluene:0.05,toluene,0.05,including_summaries_sensitivity,grouped_cv,4,rf_raw,0.3,0.1656419276556776
toluene:33,toluene:0.05,toluene,0.05,including_summaries_sensitivity,grouped_cv,4,rf_raw,0.25,0.1656419276556776
toluene:34,toluene:0.05,toluene,0.05,including_summaries_sensitivity,grouped_cv,4,rf_raw,0.31,0.1656419276556776
toluene:41,toluene:10,toluene,10.0,including_summaries_sensitivity,grouped_cv,4,rf_raw,0.0999999999999999,0.4357737770562771
toluene:42,toluene:10,toluene,10.0,including_summaries_sensitivity,grouped_cv,4,rf_raw,0.0999999999999999,0.4357737770562771
toluene:43,toluene:10,toluene,10.0,including_summaries_sensitivity,grouped_cv,4,rf_raw,0.14,0.4357737770562771
ethyl_acetate:11,ethyl_acetate:0.5,ethyl_acetate,0.5,including_summaries_sensitivity,grouped_cv,4,rf_raw,1.27,0.6967747150072151
ethyl_acetate:12,ethyl_acetate:0.5,ethyl_acetate,0.5,including_summaries_sensitivity,grouped_cv,4,rf_raw,1.23,0.6967747150072151
ethyl_acetate:13,ethyl_acetate:0.5,ethyl_acetate,0.5,including_summaries_sensitivity,grouped_cv,4,rf_raw,1.17,0.6967747150072151
ethyl_acetate:23,ethyl_acetate:2,ethyl_acetate,2.0,including_summaries_sensitivity,grouped_cv,4,rf_raw,0.99,1.197189166666667
ethyl_acetate:24,ethyl_acetate:2,ethyl_acetate,2.0,including_summaries_sensitivity,grouped_cv,4,rf_raw,1.0299999999999998,1.197189166666667
ethyl_acetate:25,ethyl_acetate:2,ethyl_acetate,2.0,including_summaries_sensitivity,grouped_cv,4,rf_raw,1.0699999999999998,1.197189166666667
hexane:2,hexane:0.02,hexane,0.02,including_summaries_sensitivity,grouped_cv,4,rf_log_interactions,0.0399999999999999,0.205521851898102
hexane:3,hexane:0.02,hexane,0.02,including_summaries_sensitivity,grouped_cv,4,rf_log_interactions,0.0599999999999999,0.205521851898102
hexane:4,hexane:0.02,hexane,0.02,including_summaries_sensitivity,grouped_cv,4,rf_log_interactions,0.0499999999999999,0.205521851898102
hexane:5,hexane:0.02,hexane,0.02,including_summaries_sensitivity,grouped_cv,4,rf_log_interactions,0.0899999999999999,0.205521851898102
hexane:6,hexane:0.02,hexane,0.02,including_summaries_sensitivity,grouped_cv,4,rf_log_interactions,0.1099999999999999,0.205521851898102
hexane:7,hexane:0.02,hexane,0.02,including_summaries_sensitivity,grouped_cv,4,rf_log_interactions,0.09,0.205521851898102
hexane:53,hexane:5,hexane,5.0,including_summaries_sensitivity,grouped_cv,4,rf_log_interactions,5.890000000000001,9.417182658730155
hexane:54,hexane:5,hexane,5.0,including_summaries_sensitivity,grouped_cv,4,rf_log_interactions,5.9,9.417182658730155
hexane:55,hexane:5,hexane,5.0,including_summaries_sensitivity,grouped_cv,4,rf_log_interactions,6.0,9.417182658730155
toluene:6,toluene:0.025,toluene,0.025,including_summaries_sensitivity,grouped_cv,4,rf_log_interactions,0.17,0.166500472027972
toluene:7,toluene:0.05,toluene,0.05,including_summaries_sensitivity,grouped_cv,4,rf_log_interactions,0.24,0.2136100420168068
toluene:11,toluene:0.9,toluene,0.9,including_summaries_sensitivity,grouped_cv,4,rf_log_interactions,0.44,0.5271677380952382
toluene:14,toluene:10,toluene,10.0,including_summaries_sensitivity,grouped_cv,4,rf_log_interactions,0.41,2.2690719949494955
toluene:29,toluene:0.025,toluene,0.025,including_summaries_sensitivity,grouped_cv,4,rf_log_interactions,0.1799999999999999,0.166500472027972
toluene:30,toluene:0.025,toluene,0.025,including_summaries_sensitivity,grouped_cv,4,rf_log_interactions,0.18,0.166500472027972
toluene:31,toluene:0.025,toluene,0.025,including_summaries_sensitivity,grouped_cv,4,rf_log_interactions,0.17,0.166500472027972
toluene:32,toluene:0.05,toluene,0.05,including_summaries_sensitivity,grouped_cv,4,rf_log_interactions,0.3,0.2136100420168068
toluene:33,toluene:0.05,toluene,0.05,including_summaries_sensitivity,grouped_cv,4,rf_log_interactions,0.25,0.2136100420168068
toluene:34,toluene:0.05,toluene,0.05,including_summaries_sensitivity,grouped_cv,4,rf_log_interactions,0.31,0.2136100420168068
toluene:41,toluene:10,toluene,10.0,including_summaries_sensitivity,grouped_cv,4,rf_log_interactions,0.0999999999999999,2.2690719949494955
toluene:42,toluene:10,toluene,10.0,including_summaries_sensitivity,grouped_cv,4,rf_log_interactions,0.0999999999999999,2.2690719949494955
toluene:43,toluene:10,toluene,10.0,including_summaries_sensitivity,grouped_cv,4,rf_log_interactions,0.14,2.2690719949494955
ethyl_acetate:11,ethyl_acetate:0.5,ethyl_acetate,0.5,including_summaries_sensitivity,grouped_cv,4,rf_log_interactions,1.27,0.6702195315795317
ethyl_acetate:12,ethyl_acetate:0.5,ethyl_acetate,0.5,including_summaries_sensitivity,grouped_cv,4,rf_log_interactions,1.23,0.6702195315795317
ethyl_acetate:13,ethyl_acetate:0.5,ethyl_acetate,0.5,including_summaries_sensitivity,grouped_cv,4,rf_log_interactions,1.17,0.6702195315795317
ethyl_acetate:23,ethyl_acetate:2,ethyl_acetate,2.0,including_summaries_sensitivity,grouped_cv,4,rf_log_interactions,0.99,0.9584047059884564
ethyl_acetate:24,ethyl_acetate:2,ethyl_acetate,2.0,including_summaries_sensitivity,grouped_cv,4,rf_log_interactions,1.0299999999999998,0.9584047059884564
ethyl_acetate:25,ethyl_acetate:2,ethyl_acetate,2.0,including_summaries_sensitivity,grouped_cv,4,rf_log_interactions,1.0699999999999998,0.9584047059884564
hexane:20,hexane:0.09,hexane,0.09,including_summaries_sensitivity,grouped_cv,5,mean,0.3399999999999999,1.234778761061947
hexane:21,hexane:0.09,hexane,0.09,including_summaries_sensitivity,grouped_cv,5,mean,0.3199999999999999,1.234778761061947
hexane:22,hexane:0.09,hexane,0.09,including_summaries_sensitivity,grouped_cv,5,mean,0.3299999999999999,1.234778761061947
hexane:32,hexane:0.25,hexane,0.25,including_summaries_sensitivity,grouped_cv,5,mean,0.5700000000000001,1.234778761061947
hexane:33,hexane:0.25,hexane,0.25,including_summaries_sensitivity,grouped_cv,5,mean,0.5499999999999999,1.234778761061947
hexane:34,hexane:0.25,hexane,0.25,including_summaries_sensitivity,grouped_cv,5,mean,0.53,1.234778761061947
toluene:4,toluene:0.01,toluene,0.01,including_summaries_sensitivity,grouped_cv,5,mean,0.29,1.234778761061947
toluene:5,toluene:0.015,toluene,0.015,including_summaries_sensitivity,grouped_cv,5,mean,0.1599999999999999,1.234778761061947
toluene:12,toluene:1.5,toluene,1.5,including_summaries_sensitivity,grouped_cv,5,mean,0.2599999999999999,1.234778761061947
toluene:13,toluene:2,toluene,2.0,including_summaries_sensitivity,grouped_cv,5,mean,0.29,1.234778761061947
toluene:15,toluene:40,toluene,40.0,including_summaries_sensitivity,grouped_cv,5,mean,0.18,1.234778761061947
toluene:23,toluene:0.01,toluene,0.01,including_summaries_sensitivity,grouped_cv,5,mean,0.3,1.234778761061947
toluene:24,toluene:0.01,toluene,0.01,including_summaries_sensitivity,grouped_cv,5,mean,0.31,1.234778761061947
toluene:25,toluene:0.01,toluene,0.01,including_summaries_sensitivity,grouped_cv,5,mean,0.24,1.234778761061947
toluene:26,toluene:0.015,toluene,0.015,including_summaries_sensitivity,grouped_cv,5,mean,0.18,1.234778761061947
toluene:27,toluene:0.015,toluene,0.015,including_summaries_sensitivity,grouped_cv,5,mean,0.1499999999999999,1.234778761061947
toluene:28,toluene:0.015,toluene,0.015,including_summaries_sensitivity,grouped_cv,5,mean,0.16,1.234778761061947
toluene:45,toluene:40,toluene,40.0,including_summaries_sensitivity,grouped_cv,5,mean,0.15,1.234778761061947
toluene:46,toluene:40,toluene,40.0,including_summaries_sensitivity,grouped_cv,5,mean,0.12,1.234778761061947
ethyl_acetate:8,ethyl_acetate:0.25,ethyl_acetate,0.25,including_summaries_sensitivity,grouped_cv,5,mean,0.7200000000000001,1.234778761061947
ethyl_acetate:9,ethyl_acetate:0.25,ethyl_acetate,0.25,including_summaries_sensitivity,grouped_cv,5,mean,0.7700000000000001,1.234778761061947
ethyl_acetate:10,ethyl_acetate:0.25,ethyl_acetate,0.25,including_summaries_sensitivity,grouped_cv,5,mean,0.7000000000000001,1.234778761061947
ethyl_acetate:17,ethyl_acetate:0.25,ethyl_acetate,0.25,including_summaries_sensitivity,grouped_cv,5,mean,0.5,1.234778761061947
ethyl_acetate:18,ethyl_acetate:0.25,ethyl_acetate,0.25,including_summaries_sensitivity,grouped_cv,5,mean,0.62,1.234778761061947
ethyl_acetate:19,ethyl_acetate:0.25,ethyl_acetate,0.25,including_summaries_sensitivity,grouped_cv,5,mean,0.54,1.234778761061947
ethyl_acetate:29,ethyl_acetate:5,ethyl_acetate,5.0,including_summaries_sensitivity,grouped_cv,5,mean,1.5699999999999998,1.234778761061947
ethyl_acetate:30,ethyl_acetate:5,ethyl_acetate,5.0,including_summaries_sensitivity,grouped_cv,5,mean,1.26,1.234778761061947
ethyl_acetate:31,ethyl_acetate:5,ethyl_acetate,5.0,including_summaries_sensitivity,grouped_cv,5,mean,1.34,1.234778761061947
hexane:20,hexane:0.09,hexane,0.09,including_summaries_sensitivity,grouped_cv,5,ridge_raw,0.3399999999999999,1.992991236975476
hexane:21,hexane:0.09,hexane,0.09,including_summaries_sensitivity,grouped_cv,5,ridge_raw,0.3199999999999999,1.992991236975476
hexane:22,hexane:0.09,hexane,0.09,including_summaries_sensitivity,grouped_cv,5,ridge_raw,0.3299999999999999,1.992991236975476
hexane:32,hexane:0.25,hexane,0.25,including_summaries_sensitivity,grouped_cv,5,ridge_raw,0.5700000000000001,1.9966960501288935
hexane:33,hexane:0.25,hexane,0.25,including_summaries_sensitivity,grouped_cv,5,ridge_raw,0.5499999999999999,1.9966960501288935
hexane:34,hexane:0.25,hexane,0.25,including_summaries_sensitivity,grouped_cv,5,ridge_raw,0.53,1.9966960501288935
toluene:4,toluene:0.01,toluene,0.01,including_summaries_sensitivity,grouped_cv,5,ridge_raw,0.29,0.0
toluene:5,toluene:0.015,toluene,0.015,including_summaries_sensitivity,grouped_cv,5,ridge_raw,0.1599999999999999,0.0
toluene:12,toluene:1.5,toluene,1.5,including_summaries_sensitivity,grouped_cv,5,ridge_raw,0.2599999999999999,0.028541034273688
toluene:13,toluene:2,toluene,2.0,including_summaries_sensitivity,grouped_cv,5,ridge_raw,0.29,0.0401185753781201
toluene:15,toluene:40,toluene,40.0,including_summaries_sensitivity,grouped_cv,5,ridge_raw,0.18,0.9200116993149524
toluene:23,toluene:0.01,toluene,0.01,including_summaries_sensitivity,grouped_cv,5,ridge_raw,0.3,0.0
toluene:24,toluene:0.01,toluene,0.01,including_summaries_sensitivity,grouped_cv,5,ridge_raw,0.31,0.0
toluene:25,toluene:0.01,toluene,0.01,including_summaries_sensitivity,grouped_cv,5,ridge_raw,0.24,0.0
toluene:26,toluene:0.015,toluene,0.015,including_summaries_sensitivity,grouped_cv,5,ridge_raw,0.18,0.0
toluene:27,toluene:0.015,toluene,0.015,including_summaries_sensitivity,grouped_cv,5,ridge_raw,0.1499999999999999,0.0
toluene:28,toluene:0.015,toluene,0.015,including_summaries_sensitivity,grouped_cv,5,ridge_raw,0.16,0.0
toluene:45,toluene:40,toluene,40.0,including_summaries_sensitivity,grouped_cv,5,ridge_raw,0.15,0.9200116993149524
toluene:46,toluene:40,toluene,40.0,including_summaries_sensitivity,grouped_cv,5,ridge_raw,0.12,0.9200116993149524
ethyl_acetate:8,ethyl_acetate:0.25,ethyl_acetate,0.25,including_summaries_sensitivity,grouped_cv,5,ridge_raw,0.7200000000000001,1.0107963291142057
ethyl_acetate:9,ethyl_acetate:0.25,ethyl_acetate,0.25,including_summaries_sensitivity,grouped_cv,5,ridge_raw,0.7700000000000001,1.0107963291142057
ethyl_acetate:10,ethyl_acetate:0.25,ethyl_acetate,0.25,including_summaries_sensitivity,grouped_cv,5,ridge_raw,0.7000000000000001,1.0107963291142057
ethyl_acetate:17,ethyl_acetate:0.25,ethyl_acetate,0.25,including_summaries_sensitivity,grouped_cv,5,ridge_raw,0.5,1.0107963291142057
ethyl_acetate:18,ethyl_acetate:0.25,ethyl_acetate,0.25,including_summaries_sensitivity,grouped_cv,5,ridge_raw,0.62,1.0107963291142057
ethyl_acetate:19,ethyl_acetate:0.25,ethyl_acetate,0.25,including_summaries_sensitivity,grouped_cv,5,ridge_raw,0.54,1.0107963291142057
ethyl_acetate:29,ethyl_acetate:5,ethyl_acetate,5.0,including_summaries_sensitivity,grouped_cv,5,ridge_raw,1.5699999999999998,1.1207829696063096
ethyl_acetate:30,ethyl_acetate:5,ethyl_acetate,5.0,including_summaries_sensitivity,grouped_cv,5,ridge_raw,1.26,1.1207829696063096
ethyl_acetate:31,ethyl_acetate:5,ethyl_acetate,5.0,including_summaries_sensitivity,grouped_cv,5,ridge_raw,1.34,1.1207829696063096
hexane:20,hexane:0.09,hexane,0.09,including_summaries_sensitivity,grouped_cv,5,ridge_log_interactions,0.3399999999999999,0.8971558622648315
hexane:21,hexane:0.09,hexane,0.09,including_summaries_sensitivity,grouped_cv,5,ridge_log_interactions,0.3199999999999999,0.8971558622648315
hexane:22,hexane:0.09,hexane,0.09,including_summaries_sensitivity,grouped_cv,5,ridge_log_interactions,0.3299999999999999,0.8971558622648315
hexane:32,hexane:0.25,hexane,0.25,including_summaries_sensitivity,grouped_cv,5,ridge_log_interactions,0.5700000000000001,1.185252034040792
hexane:33,hexane:0.25,hexane,0.25,including_summaries_sensitivity,grouped_cv,5,ridge_log_interactions,0.5499999999999999,1.185252034040792
hexane:34,hexane:0.25,hexane,0.25,including_summaries_sensitivity,grouped_cv,5,ridge_log_interactions,0.53,1.185252034040792
toluene:4,toluene:0.01,toluene,0.01,including_summaries_sensitivity,grouped_cv,5,ridge_log_interactions,0.29,0.0
toluene:5,toluene:0.015,toluene,0.015,including_summaries_sensitivity,grouped_cv,5,ridge_log_interactions,0.1599999999999999,0.0
toluene:12,toluene:1.5,toluene,1.5,including_summaries_sensitivity,grouped_cv,5,ridge_log_interactions,0.2599999999999999,0.1621723247670066
toluene:13,toluene:2,toluene,2.0,including_summaries_sensitivity,grouped_cv,5,ridge_log_interactions,0.29,0.2524286861048606
toluene:15,toluene:40,toluene,40.0,including_summaries_sensitivity,grouped_cv,5,ridge_log_interactions,0.18,1.5469369097106735
toluene:23,toluene:0.01,toluene,0.01,including_summaries_sensitivity,grouped_cv,5,ridge_log_interactions,0.3,0.0
toluene:24,toluene:0.01,toluene,0.01,including_summaries_sensitivity,grouped_cv,5,ridge_log_interactions,0.31,0.0
toluene:25,toluene:0.01,toluene,0.01,including_summaries_sensitivity,grouped_cv,5,ridge_log_interactions,0.24,0.0
toluene:26,toluene:0.015,toluene,0.015,including_summaries_sensitivity,grouped_cv,5,ridge_log_interactions,0.18,0.0
toluene:27,toluene:0.015,toluene,0.015,including_summaries_sensitivity,grouped_cv,5,ridge_log_interactions,0.1499999999999999,0.0
toluene:28,toluene:0.015,toluene,0.015,including_summaries_sensitivity,grouped_cv,5,ridge_log_interactions,0.16,0.0
toluene:45,toluene:40,toluene,40.0,including_summaries_sensitivity,grouped_cv,5,ridge_log_interactions,0.15,1.5469369097106735
toluene:46,toluene:40,toluene,40.0,including_summaries_sensitivity,grouped_cv,5,ridge_log_interactions,0.12,1.5469369097106735
ethyl_acetate:8,ethyl_acetate:0.25,ethyl_acetate,0.25,including_summaries_sensitivity,grouped_cv,5,ridge_log_interactions,0.7200000000000001,0.9765639080526094
ethyl_acetate:9,ethyl_acetate:0.25,ethyl_acetate,0.25,including_summaries_sensitivity,grouped_cv,5,ridge_log_interactions,0.7700000000000001,0.9765639080526094
ethyl_acetate:10,ethyl_acetate:0.25,ethyl_acetate,0.25,including_summaries_sensitivity,grouped_cv,5,ridge_log_interactions,0.7000000000000001,0.9765639080526094
ethyl_acetate:17,ethyl_acetate:0.25,ethyl_acetate,0.25,including_summaries_sensitivity,grouped_cv,5,ridge_log_interactions,0.5,0.9765639080526094
ethyl_acetate:18,ethyl_acetate:0.25,ethyl_acetate,0.25,including_summaries_sensitivity,grouped_cv,5,ridge_log_interactions,0.62,0.9765639080526094
ethyl_acetate:19,ethyl_acetate:0.25,ethyl_acetate,0.25,including_summaries_sensitivity,grouped_cv,5,ridge_log_interactions,0.54,0.9765639080526094
ethyl_acetate:29,ethyl_acetate:5,ethyl_acetate,5.0,including_summaries_sensitivity,grouped_cv,5,ridge_log_interactions,1.5699999999999998,1.0216267767487484
ethyl_acetate:30,ethyl_acetate:5,ethyl_acetate,5.0,including_summaries_sensitivity,grouped_cv,5,ridge_log_interactions,1.26,1.0216267767487484
ethyl_acetate:31,ethyl_acetate:5,ethyl_acetate,5.0,including_summaries_sensitivity,grouped_cv,5,ridge_log_interactions,1.34,1.0216267767487484
hexane:20,hexane:0.09,hexane,0.09,including_summaries_sensitivity,grouped_cv,5,rf_raw,0.3399999999999999,0.3622335871073368
hexane:21,hexane:0.09,hexane,0.09,including_summaries_sensitivity,grouped_cv,5,rf_raw,0.3199999999999999,0.3622335871073368
hexane:22,hexane:0.09,hexane,0.09,including_summaries_sensitivity,grouped_cv,5,rf_raw,0.3299999999999999,0.3622335871073368
hexane:32,hexane:0.25,hexane,0.25,including_summaries_sensitivity,grouped_cv,5,rf_raw,0.5700000000000001,0.4994269239094239
hexane:33,hexane:0.25,hexane,0.25,including_summaries_sensitivity,grouped_cv,5,rf_raw,0.5499999999999999,0.4994269239094239
hexane:34,hexane:0.25,hexane,0.25,including_summaries_sensitivity,grouped_cv,5,rf_raw,0.53,0.4994269239094239
toluene:4,toluene:0.01,toluene,0.01,including_summaries_sensitivity,grouped_cv,5,rf_raw,0.29,0.0937547456709956
toluene:5,toluene:0.015,toluene,0.015,including_summaries_sensitivity,grouped_cv,5,rf_raw,0.1599999999999999,0.0901395111832611
toluene:12,toluene:1.5,toluene,1.5,including_summaries_sensitivity,grouped_cv,5,rf_raw,0.2599999999999999,0.4012734530747033
toluene:13,toluene:2,toluene,2.0,including_summaries_sensitivity,grouped_cv,5,rf_raw,0.29,0.3948333953546454
toluene:15,toluene:40,toluene,40.0,including_summaries_sensitivity,grouped_cv,5,rf_raw,0.18,0.1708195399045399
toluene:23,toluene:0.01,toluene,0.01,including_summaries_sensitivity,grouped_cv,5,rf_raw,0.3,0.0937547456709956
toluene:24,toluene:0.01,toluene,0.01,including_summaries_sensitivity,grouped_cv,5,rf_raw,0.31,0.0937547456709956
toluene:25,toluene:0.01,toluene,0.01,including_summaries_sensitivity,grouped_cv,5,rf_raw,0.24,0.0937547456709956
toluene:26,toluene:0.015,toluene,0.015,including_summaries_sensitivity,grouped_cv,5,rf_raw,0.18,0.0901395111832611
toluene:27,toluene:0.015,toluene,0.015,including_summaries_sensitivity,grouped_cv,5,rf_raw,0.1499999999999999,0.0901395111832611
toluene:28,toluene:0.015,toluene,0.015,including_summaries_sensitivity,grouped_cv,5,rf_raw,0.16,0.0901395111832611
toluene:45,toluene:40,toluene,40.0,including_summaries_sensitivity,grouped_cv,5,rf_raw,0.15,0.1708195399045399
toluene:46,toluene:40,toluene,40.0,including_summaries_sensitivity,grouped_cv,5,rf_raw,0.12,0.1708195399045399
ethyl_acetate:8,ethyl_acetate:0.25,ethyl_acetate,0.25,including_summaries_sensitivity,grouped_cv,5,rf_raw,0.7200000000000001,0.6391661111111112
ethyl_acetate:9,ethyl_acetate:0.25,ethyl_acetate,0.25,including_summaries_sensitivity,grouped_cv,5,rf_raw,0.7700000000000001,0.6391661111111112
ethyl_acetate:10,ethyl_acetate:0.25,ethyl_acetate,0.25,including_summaries_sensitivity,grouped_cv,5,rf_raw,0.7000000000000001,0.6391661111111112
ethyl_acetate:17,ethyl_acetate:0.25,ethyl_acetate,0.25,including_summaries_sensitivity,grouped_cv,5,rf_raw,0.5,0.6391661111111112
ethyl_acetate:18,ethyl_acetate:0.25,ethyl_acetate,0.25,including_summaries_sensitivity,grouped_cv,5,rf_raw,0.62,0.6391661111111112
ethyl_acetate:19,ethyl_acetate:0.25,ethyl_acetate,0.25,including_summaries_sensitivity,grouped_cv,5,rf_raw,0.54,0.6391661111111112
ethyl_acetate:29,ethyl_acetate:5,ethyl_acetate,5.0,including_summaries_sensitivity,grouped_cv,5,rf_raw,1.5699999999999998,1.3978044462481958
ethyl_acetate:30,ethyl_acetate:5,ethyl_acetate,5.0,including_summaries_sensitivity,grouped_cv,5,rf_raw,1.26,1.3978044462481958
ethyl_acetate:31,ethyl_acetate:5,ethyl_acetate,5.0,including_summaries_sensitivity,grouped_cv,5,rf_raw,1.34,1.3978044462481958
hexane:20,hexane:0.09,hexane,0.09,including_summaries_sensitivity,grouped_cv,5,rf_log_interactions,0.3399999999999999,0.3495483508158507
hexane:21,hexane:0.09,hexane,0.09,including_summaries_sensitivity,grouped_cv,5,rf_log_interactions,0.3199999999999999,0.3495483508158507
hexane:22,hexane:0.09,hexane,0.09,including_summaries_sensitivity,grouped_cv,5,rf_log_interactions,0.3299999999999999,0.3495483508158507
hexane:32,hexane:0.25,hexane,0.25,including_summaries_sensitivity,grouped_cv,5,rf_log_interactions,0.5700000000000001,0.536905241008991
hexane:33,hexane:0.25,hexane,0.25,including_summaries_sensitivity,grouped_cv,5,rf_log_interactions,0.5499999999999999,0.536905241008991
hexane:34,hexane:0.25,hexane,0.25,including_summaries_sensitivity,grouped_cv,5,rf_log_interactions,0.53,0.536905241008991
toluene:4,toluene:0.01,toluene,0.01,including_summaries_sensitivity,grouped_cv,5,rf_log_interactions,0.29,0.0902192929292929
toluene:5,toluene:0.015,toluene,0.015,including_summaries_sensitivity,grouped_cv,5,rf_log_interactions,0.1599999999999999,0.0872251064213564
toluene:12,toluene:1.5,toluene,1.5,including_summaries_sensitivity,grouped_cv,5,rf_log_interactions,0.2599999999999999,1.025998481240982
toluene:13,toluene:2,toluene,2.0,including_summaries_sensitivity,grouped_cv,5,rf_log_interactions,0.29,1.1082774891774898
toluene:15,toluene:40,toluene,40.0,including_summaries_sensitivity,grouped_cv,5,rf_log_interactions,0.18,0.2055882693695193
toluene:23,toluene:0.01,toluene,0.01,including_summaries_sensitivity,grouped_cv,5,rf_log_interactions,0.3,0.0902192929292929
toluene:24,toluene:0.01,toluene,0.01,including_summaries_sensitivity,grouped_cv,5,rf_log_interactions,0.31,0.0902192929292929
toluene:25,toluene:0.01,toluene,0.01,including_summaries_sensitivity,grouped_cv,5,rf_log_interactions,0.24,0.0902192929292929
toluene:26,toluene:0.015,toluene,0.015,including_summaries_sensitivity,grouped_cv,5,rf_log_interactions,0.18,0.0872251064213564
toluene:27,toluene:0.015,toluene,0.015,including_summaries_sensitivity,grouped_cv,5,rf_log_interactions,0.1499999999999999,0.0872251064213564
toluene:28,toluene:0.015,toluene,0.015,including_summaries_sensitivity,grouped_cv,5,rf_log_interactions,0.16,0.0872251064213564
toluene:45,toluene:40,toluene,40.0,including_summaries_sensitivity,grouped_cv,5,rf_log_interactions,0.15,0.2055882693695193
toluene:46,toluene:40,toluene,40.0,including_summaries_sensitivity,grouped_cv,5,rf_log_interactions,0.12,0.2055882693695193
ethyl_acetate:8,ethyl_acetate:0.25,ethyl_acetate,0.25,including_summaries_sensitivity,grouped_cv,5,rf_log_interactions,0.7200000000000001,0.6199660858585859
ethyl_acetate:9,ethyl_acetate:0.25,ethyl_acetate,0.25,including_summaries_sensitivity,grouped_cv,5,rf_log_interactions,0.7700000000000001,0.6199660858585859
ethyl_acetate:10,ethyl_acetate:0.25,ethyl_acetate,0.25,including_summaries_sensitivity,grouped_cv,5,rf_log_interactions,0.7000000000000001,0.6199660858585859
ethyl_acetate:17,ethyl_acetate:0.25,ethyl_acetate,0.25,including_summaries_sensitivity,grouped_cv,5,rf_log_interactions,0.5,0.6199660858585859
ethyl_acetate:18,ethyl_acetate:0.25,ethyl_acetate,0.25,including_summaries_sensitivity,grouped_cv,5,rf_log_interactions,0.62,0.6199660858585859
ethyl_acetate:19,ethyl_acetate:0.25,ethyl_acetate,0.25,including_summaries_sensitivity,grouped_cv,5,rf_log_interactions,0.54,0.6199660858585859
ethyl_acetate:29,ethyl_acetate:5,ethyl_acetate,5.0,including_summaries_sensitivity,grouped_cv,5,rf_log_interactions,1.5699999999999998,1.2008833152958147
ethyl_acetate:30,ethyl_acetate:5,ethyl_acetate,5.0,including_summaries_sensitivity,grouped_cv,5,rf_log_interactions,1.26,1.2008833152958147
ethyl_acetate:31,ethyl_acetate:5,ethyl_acetate,5.0,including_summaries_sensitivity,grouped_cv,5,rf_log_interactions,1.34,1.2008833152958147
ethyl_acetate:2,ethyl_acetate:0.1,ethyl_acetate,0.1,including_summaries_sensitivity,leave_one_solvent_out,ethyl_acetate,mean,0.53,1.1099074074074071
ethyl_acetate:3,ethyl_acetate:0.1,ethyl_acetate,0.1,including_summaries_sensitivity,leave_one_solvent_out,ethyl_acetate,mean,0.54,1.1099074074074071
ethyl_acetate:4,ethyl_acetate:0.1,ethyl_acetate,0.1,including_summaries_sensitivity,leave_one_solvent_out,ethyl_acetate,mean,0.54,1.1099074074074071
ethyl_acetate:5,ethyl_acetate:0.15,ethyl_acetate,0.15,including_summaries_sensitivity,leave_one_solvent_out,ethyl_acetate,mean,0.6699999999999999,1.1099074074074071
ethyl_acetate:6,ethyl_acetate:0.15,ethyl_acetate,0.15,including_summaries_sensitivity,leave_one_solvent_out,ethyl_acetate,mean,0.6499999999999999,1.1099074074074071
ethyl_acetate:7,ethyl_acetate:0.15,ethyl_acetate,0.15,including_summaries_sensitivity,leave_one_solvent_out,ethyl_acetate,mean,0.71,1.1099074074074071
ethyl_acetate:8,ethyl_acetate:0.25,ethyl_acetate,0.25,including_summaries_sensitivity,leave_one_solvent_out,ethyl_acetate,mean,0.7200000000000001,1.1099074074074071
ethyl_acetate:9,ethyl_acetate:0.25,ethyl_acetate,0.25,including_summaries_sensitivity,leave_one_solvent_out,ethyl_acetate,mean,0.7700000000000001,1.1099074074074071
ethyl_acetate:10,ethyl_acetate:0.25,ethyl_acetate,0.25,including_summaries_sensitivity,leave_one_solvent_out,ethyl_acetate,mean,0.7000000000000001,1.1099074074074071
ethyl_acetate:11,ethyl_acetate:0.5,ethyl_acetate,0.5,including_summaries_sensitivity,leave_one_solvent_out,ethyl_acetate,mean,1.27,1.1099074074074071
ethyl_acetate:12,ethyl_acetate:0.5,ethyl_acetate,0.5,including_summaries_sensitivity,leave_one_solvent_out,ethyl_acetate,mean,1.23,1.1099074074074071
ethyl_acetate:13,ethyl_acetate:0.5,ethyl_acetate,0.5,including_summaries_sensitivity,leave_one_solvent_out,ethyl_acetate,mean,1.17,1.1099074074074071
ethyl_acetate:14,ethyl_acetate:0.1,ethyl_acetate,0.1,including_summaries_sensitivity,leave_one_solvent_out,ethyl_acetate,mean,0.26,1.1099074074074071
ethyl_acetate:15,ethyl_acetate:0.1,ethyl_acetate,0.1,including_summaries_sensitivity,leave_one_solvent_out,ethyl_acetate,mean,0.31,1.1099074074074071
ethyl_acetate:16,ethyl_acetate:0.1,ethyl_acetate,0.1,including_summaries_sensitivity,leave_one_solvent_out,ethyl_acetate,mean,0.33,1.1099074074074071
ethyl_acetate:17,ethyl_acetate:0.25,ethyl_acetate,0.25,including_summaries_sensitivity,leave_one_solvent_out,ethyl_acetate,mean,0.5,1.1099074074074071
ethyl_acetate:18,ethyl_acetate:0.25,ethyl_acetate,0.25,including_summaries_sensitivity,leave_one_solvent_out,ethyl_acetate,mean,0.62,1.1099074074074071
ethyl_acetate:19,ethyl_acetate:0.25,ethyl_acetate,0.25,including_summaries_sensitivity,leave_one_solvent_out,ethyl_acetate,mean,0.54,1.1099074074074071
ethyl_acetate:20,ethyl_acetate:1,ethyl_acetate,1.0,including_summaries_sensitivity,leave_one_solvent_out,ethyl_acetate,mean,0.68,1.1099074074074071
ethyl_acetate:21,ethyl_acetate:1,ethyl_acetate,1.0,including_summaries_sensitivity,leave_one_solvent_out,ethyl_acetate,mean,0.68,1.1099074074074071
ethyl_acetate:22,ethyl_acetate:1,ethyl_acetate,1.0,including_summaries_sensitivity,leave_one_solvent_out,ethyl_acetate,mean,0.62,1.1099074074074071
ethyl_acetate:23,ethyl_acetate:2,ethyl_acetate,2.0,including_summaries_sensitivity,leave_one_solvent_out,ethyl_acetate,mean,0.99,1.1099074074074071
ethyl_acetate:24,ethyl_acetate:2,ethyl_acetate,2.0,including_summaries_sensitivity,leave_one_solvent_out,ethyl_acetate,mean,1.0299999999999998,1.1099074074074071
ethyl_acetate:25,ethyl_acetate:2,ethyl_acetate,2.0,including_summaries_sensitivity,leave_one_solvent_out,ethyl_acetate,mean,1.0699999999999998,1.1099074074074071
ethyl_acetate:26,ethyl_acetate:3,ethyl_acetate,3.0,including_summaries_sensitivity,leave_one_solvent_out,ethyl_acetate,mean,1.28,1.1099074074074071
ethyl_acetate:27,ethyl_acetate:3,ethyl_acetate,3.0,including_summaries_sensitivity,leave_one_solvent_out,ethyl_acetate,mean,1.25,1.1099074074074071
ethyl_acetate:28,ethyl_acetate:3,ethyl_acetate,3.0,including_summaries_sensitivity,leave_one_solvent_out,ethyl_acetate,mean,1.1,1.1099074074074071
ethyl_acetate:29,ethyl_acetate:5,ethyl_acetate,5.0,including_summaries_sensitivity,leave_one_solvent_out,ethyl_acetate,mean,1.5699999999999998,1.1099074074074071
ethyl_acetate:30,ethyl_acetate:5,ethyl_acetate,5.0,including_summaries_sensitivity,leave_one_solvent_out,ethyl_acetate,mean,1.26,1.1099074074074071
ethyl_acetate:31,ethyl_acetate:5,ethyl_acetate,5.0,including_summaries_sensitivity,leave_one_solvent_out,ethyl_acetate,mean,1.34,1.1099074074074071
ethyl_acetate:32,ethyl_acetate:10,ethyl_acetate,10.0,including_summaries_sensitivity,leave_one_solvent_out,ethyl_acetate,mean,2.43,1.1099074074074071
ethyl_acetate:33,ethyl_acetate:10,ethyl_acetate,10.0,including_summaries_sensitivity,leave_one_solvent_out,ethyl_acetate,mean,2.5700000000000003,1.1099074074074071
ethyl_acetate:34,ethyl_acetate:10,ethyl_acetate,10.0,including_summaries_sensitivity,leave_one_solvent_out,ethyl_acetate,mean,3.18,1.1099074074074071
ethyl_acetate:2,ethyl_acetate:0.1,ethyl_acetate,0.1,including_summaries_sensitivity,leave_one_solvent_out,ethyl_acetate,ridge_raw,0.53,0.2674949296657155
ethyl_acetate:3,ethyl_acetate:0.1,ethyl_acetate,0.1,including_summaries_sensitivity,leave_one_solvent_out,ethyl_acetate,ridge_raw,0.54,0.2674949296657155
ethyl_acetate:4,ethyl_acetate:0.1,ethyl_acetate,0.1,including_summaries_sensitivity,leave_one_solvent_out,ethyl_acetate,ridge_raw,0.54,0.2674949296657155
ethyl_acetate:5,ethyl_acetate:0.15,ethyl_acetate,0.15,including_summaries_sensitivity,leave_one_solvent_out,ethyl_acetate,ridge_raw,0.6699999999999999,0.2683092672358794
ethyl_acetate:6,ethyl_acetate:0.15,ethyl_acetate,0.15,including_summaries_sensitivity,leave_one_solvent_out,ethyl_acetate,ridge_raw,0.6499999999999999,0.2683092672358794
ethyl_acetate:7,ethyl_acetate:0.15,ethyl_acetate,0.15,including_summaries_sensitivity,leave_one_solvent_out,ethyl_acetate,ridge_raw,0.71,0.2683092672358794
ethyl_acetate:8,ethyl_acetate:0.25,ethyl_acetate,0.25,including_summaries_sensitivity,leave_one_solvent_out,ethyl_acetate,ridge_raw,0.7200000000000001,0.2699379423762073
ethyl_acetate:9,ethyl_acetate:0.25,ethyl_acetate,0.25,including_summaries_sensitivity,leave_one_solvent_out,ethyl_acetate,ridge_raw,0.7700000000000001,0.2699379423762073
ethyl_acetate:10,ethyl_acetate:0.25,ethyl_acetate,0.25,including_summaries_sensitivity,leave_one_solvent_out,ethyl_acetate,ridge_raw,0.7000000000000001,0.2699379423762073
ethyl_acetate:11,ethyl_acetate:0.5,ethyl_acetate,0.5,including_summaries_sensitivity,leave_one_solvent_out,ethyl_acetate,ridge_raw,1.27,0.2740096302270266
ethyl_acetate:12,ethyl_acetate:0.5,ethyl_acetate,0.5,including_summaries_sensitivity,leave_one_solvent_out,ethyl_acetate,ridge_raw,1.23,0.2740096302270266
ethyl_acetate:13,ethyl_acetate:0.5,ethyl_acetate,0.5,including_summaries_sensitivity,leave_one_solvent_out,ethyl_acetate,ridge_raw,1.17,0.2740096302270266
ethyl_acetate:14,ethyl_acetate:0.1,ethyl_acetate,0.1,including_summaries_sensitivity,leave_one_solvent_out,ethyl_acetate,ridge_raw,0.26,0.2674949296657155
ethyl_acetate:15,ethyl_acetate:0.1,ethyl_acetate,0.1,including_summaries_sensitivity,leave_one_solvent_out,ethyl_acetate,ridge_raw,0.31,0.2674949296657155
ethyl_acetate:16,ethyl_acetate:0.1,ethyl_acetate,0.1,including_summaries_sensitivity,leave_one_solvent_out,ethyl_acetate,ridge_raw,0.33,0.2674949296657155
ethyl_acetate:17,ethyl_acetate:0.25,ethyl_acetate,0.25,including_summaries_sensitivity,leave_one_solvent_out,ethyl_acetate,ridge_raw,0.5,0.2699379423762073
ethyl_acetate:18,ethyl_acetate:0.25,ethyl_acetate,0.25,including_summaries_sensitivity,leave_one_solvent_out,ethyl_acetate,ridge_raw,0.62,0.2699379423762073
ethyl_acetate:19,ethyl_acetate:0.25,ethyl_acetate,0.25,including_summaries_sensitivity,leave_one_solvent_out,ethyl_acetate,ridge_raw,0.54,0.2699379423762073
ethyl_acetate:20,ethyl_acetate:1,ethyl_acetate,1.0,including_summaries_sensitivity,leave_one_solvent_out,ethyl_acetate,ridge_raw,0.68,0.2821530059286655
ethyl_acetate:21,ethyl_acetate:1,ethyl_acetate,1.0,including_summaries_sensitivity,leave_one_solvent_out,ethyl_acetate,ridge_raw,0.68,0.2821530059286655
ethyl_acetate:22,ethyl_acetate:1,ethyl_acetate,1.0,including_summaries_sensitivity,leave_one_solvent_out,ethyl_acetate,ridge_raw,0.62,0.2821530059286655
ethyl_acetate:23,ethyl_acetate:2,ethyl_acetate,2.0,including_summaries_sensitivity,leave_one_solvent_out,ethyl_acetate,ridge_raw,0.99,0.2984397573319433
ethyl_acetate:24,ethyl_acetate:2,ethyl_acetate,2.0,including_summaries_sensitivity,leave_one_solvent_out,ethyl_acetate,ridge_raw,1.0299999999999998,0.2984397573319433
ethyl_acetate:25,ethyl_acetate:2,ethyl_acetate,2.0,including_summaries_sensitivity,leave_one_solvent_out,ethyl_acetate,ridge_raw,1.0699999999999998,0.2984397573319433
ethyl_acetate:26,ethyl_acetate:3,ethyl_acetate,3.0,including_summaries_sensitivity,leave_one_solvent_out,ethyl_acetate,ridge_raw,1.28,0.314726508735221
ethyl_acetate:27,ethyl_acetate:3,ethyl_acetate,3.0,including_summaries_sensitivity,leave_one_solvent_out,ethyl_acetate,ridge_raw,1.25,0.314726508735221
ethyl_acetate:28,ethyl_acetate:3,ethyl_acetate,3.0,including_summaries_sensitivity,leave_one_solvent_out,ethyl_acetate,ridge_raw,1.1,0.314726508735221
ethyl_acetate:29,ethyl_acetate:5,ethyl_acetate,5.0,including_summaries_sensitivity,leave_one_solvent_out,ethyl_acetate,ridge_raw,1.5699999999999998,0.3473000115417765
ethyl_acetate:30,ethyl_acetate:5,ethyl_acetate,5.0,including_summaries_sensitivity,leave_one_solvent_out,ethyl_acetate,ridge_raw,1.26,0.3473000115417765
ethyl_acetate:31,ethyl_acetate:5,ethyl_acetate,5.0,including_summaries_sensitivity,leave_one_solvent_out,ethyl_acetate,ridge_raw,1.34,0.3473000115417765
ethyl_acetate:32,ethyl_acetate:10,ethyl_acetate,10.0,including_summaries_sensitivity,leave_one_solvent_out,ethyl_acetate,ridge_raw,2.43,0.4287337685581651
ethyl_acetate:33,ethyl_acetate:10,ethyl_acetate,10.0,including_summaries_sensitivity,leave_one_solvent_out,ethyl_acetate,ridge_raw,2.5700000000000003,0.4287337685581651
ethyl_acetate:34,ethyl_acetate:10,ethyl_acetate,10.0,including_summaries_sensitivity,leave_one_solvent_out,ethyl_acetate,ridge_raw,3.18,0.4287337685581649
ethyl_acetate:2,ethyl_acetate:0.1,ethyl_acetate,0.1,including_summaries_sensitivity,leave_one_solvent_out,ethyl_acetate,ridge_log_interactions,0.53,0.0
ethyl_acetate:3,ethyl_acetate:0.1,ethyl_acetate,0.1,including_summaries_sensitivity,leave_one_solvent_out,ethyl_acetate,ridge_log_interactions,0.54,0.0
ethyl_acetate:4,ethyl_acetate:0.1,ethyl_acetate,0.1,including_summaries_sensitivity,leave_one_solvent_out,ethyl_acetate,ridge_log_interactions,0.54,0.0
ethyl_acetate:5,ethyl_acetate:0.15,ethyl_acetate,0.15,including_summaries_sensitivity,leave_one_solvent_out,ethyl_acetate,ridge_log_interactions,0.6699999999999999,0.0
ethyl_acetate:6,ethyl_acetate:0.15,ethyl_acetate,0.15,including_summaries_sensitivity,leave_one_solvent_out,ethyl_acetate,ridge_log_interactions,0.6499999999999999,0.0
ethyl_acetate:7,ethyl_acetate:0.15,ethyl_acetate,0.15,including_summaries_sensitivity,leave_one_solvent_out,ethyl_acetate,ridge_log_interactions,0.71,0.0
ethyl_acetate:8,ethyl_acetate:0.25,ethyl_acetate,0.25,including_summaries_sensitivity,leave_one_solvent_out,ethyl_acetate,ridge_log_interactions,0.7200000000000001,0.0
ethyl_acetate:9,ethyl_acetate:0.25,ethyl_acetate,0.25,including_summaries_sensitivity,leave_one_solvent_out,ethyl_acetate,ridge_log_interactions,0.7700000000000001,0.0
ethyl_acetate:10,ethyl_acetate:0.25,ethyl_acetate,0.25,including_summaries_sensitivity,leave_one_solvent_out,ethyl_acetate,ridge_log_interactions,0.7000000000000001,0.0
ethyl_acetate:11,ethyl_acetate:0.5,ethyl_acetate,0.5,including_summaries_sensitivity,leave_one_solvent_out,ethyl_acetate,ridge_log_interactions,1.27,0.0
ethyl_acetate:12,ethyl_acetate:0.5,ethyl_acetate,0.5,including_summaries_sensitivity,leave_one_solvent_out,ethyl_acetate,ridge_log_interactions,1.23,0.0
ethyl_acetate:13,ethyl_acetate:0.5,ethyl_acetate,0.5,including_summaries_sensitivity,leave_one_solvent_out,ethyl_acetate,ridge_log_interactions,1.17,0.0
ethyl_acetate:14,ethyl_acetate:0.1,ethyl_acetate,0.1,including_summaries_sensitivity,leave_one_solvent_out,ethyl_acetate,ridge_log_interactions,0.26,0.0
ethyl_acetate:15,ethyl_acetate:0.1,ethyl_acetate,0.1,including_summaries_sensitivity,leave_one_solvent_out,ethyl_acetate,ridge_log_interactions,0.31,0.0
ethyl_acetate:16,ethyl_acetate:0.1,ethyl_acetate,0.1,including_summaries_sensitivity,leave_one_solvent_out,ethyl_acetate,ridge_log_interactions,0.33,0.0
ethyl_acetate:17,ethyl_acetate:0.25,ethyl_acetate,0.25,including_summaries_sensitivity,leave_one_solvent_out,ethyl_acetate,ridge_log_interactions,0.5,0.0
ethyl_acetate:18,ethyl_acetate:0.25,ethyl_acetate,0.25,including_summaries_sensitivity,leave_one_solvent_out,ethyl_acetate,ridge_log_interactions,0.62,0.0
ethyl_acetate:19,ethyl_acetate:0.25,ethyl_acetate,0.25,including_summaries_sensitivity,leave_one_solvent_out,ethyl_acetate,ridge_log_interactions,0.54,0.0
ethyl_acetate:20,ethyl_acetate:1,ethyl_acetate,1.0,including_summaries_sensitivity,leave_one_solvent_out,ethyl_acetate,ridge_log_interactions,0.68,0.0
ethyl_acetate:21,ethyl_acetate:1,ethyl_acetate,1.0,including_summaries_sensitivity,leave_one_solvent_out,ethyl_acetate,ridge_log_interactions,0.68,0.0
ethyl_acetate:22,ethyl_acetate:1,ethyl_acetate,1.0,including_summaries_sensitivity,leave_one_solvent_out,ethyl_acetate,ridge_log_interactions,0.62,0.0
ethyl_acetate:23,ethyl_acetate:2,ethyl_acetate,2.0,including_summaries_sensitivity,leave_one_solvent_out,ethyl_acetate,ridge_log_interactions,0.99,0.0
ethyl_acetate:24,ethyl_acetate:2,ethyl_acetate,2.0,including_summaries_sensitivity,leave_one_solvent_out,ethyl_acetate,ridge_log_interactions,1.0299999999999998,0.0
ethyl_acetate:25,ethyl_acetate:2,ethyl_acetate,2.0,including_summaries_sensitivity,leave_one_solvent_out,ethyl_acetate,ridge_log_interactions,1.0699999999999998,0.0
ethyl_acetate:26,ethyl_acetate:3,ethyl_acetate,3.0,including_summaries_sensitivity,leave_one_solvent_out,ethyl_acetate,ridge_log_interactions,1.28,0.0
ethyl_acetate:27,ethyl_acetate:3,ethyl_acetate,3.0,including_summaries_sensitivity,leave_one_solvent_out,ethyl_acetate,ridge_log_interactions,1.25,0.0
ethyl_acetate:28,ethyl_acetate:3,ethyl_acetate,3.0,including_summaries_sensitivity,leave_one_solvent_out,ethyl_acetate,ridge_log_interactions,1.1,0.0
ethyl_acetate:29,ethyl_acetate:5,ethyl_acetate,5.0,including_summaries_sensitivity,leave_one_solvent_out,ethyl_acetate,ridge_log_interactions,1.5699999999999998,0.0
ethyl_acetate:30,ethyl_acetate:5,ethyl_acetate,5.0,including_summaries_sensitivity,leave_one_solvent_out,ethyl_acetate,ridge_log_interactions,1.26,0.0
ethyl_acetate:31,ethyl_acetate:5,ethyl_acetate,5.0,including_summaries_sensitivity,leave_one_solvent_out,ethyl_acetate,ridge_log_interactions,1.34,0.0
ethyl_acetate:32,ethyl_acetate:10,ethyl_acetate,10.0,including_summaries_sensitivity,leave_one_solvent_out,ethyl_acetate,ridge_log_interactions,2.43,0.0
ethyl_acetate:33,ethyl_acetate:10,ethyl_acetate,10.0,including_summaries_sensitivity,leave_one_solvent_out,ethyl_acetate,ridge_log_interactions,2.5700000000000003,0.0
ethyl_acetate:34,ethyl_acetate:10,ethyl_acetate,10.0,including_summaries_sensitivity,leave_one_solvent_out,ethyl_acetate,ridge_log_interactions,3.18,0.0
ethyl_acetate:2,ethyl_acetate:0.1,ethyl_acetate,0.1,including_summaries_sensitivity,leave_one_solvent_out,ethyl_acetate,rf_raw,0.53,0.2919276162726161
ethyl_acetate:3,ethyl_acetate:0.1,ethyl_acetate,0.1,including_summaries_sensitivity,leave_one_solvent_out,ethyl_acetate,rf_raw,0.54,0.2919276162726161
ethyl_acetate:4,ethyl_acetate:0.1,ethyl_acetate,0.1,including_summaries_sensitivity,leave_one_solvent_out,ethyl_acetate,rf_raw,0.54,0.2919276162726161
ethyl_acetate:5,ethyl_acetate:0.15,ethyl_acetate,0.15,including_summaries_sensitivity,leave_one_solvent_out,ethyl_acetate,rf_raw,0.6699999999999999,0.3886925412087913
ethyl_acetate:6,ethyl_acetate:0.15,ethyl_acetate,0.15,including_summaries_sensitivity,leave_one_solvent_out,ethyl_acetate,rf_raw,0.6499999999999999,0.3886925412087913
ethyl_acetate:7,ethyl_acetate:0.15,ethyl_acetate,0.15,including_summaries_sensitivity,leave_one_solvent_out,ethyl_acetate,rf_raw,0.71,0.3886925412087913
ethyl_acetate:8,ethyl_acetate:0.25,ethyl_acetate,0.25,including_summaries_sensitivity,leave_one_solvent_out,ethyl_acetate,rf_raw,0.7200000000000001,0.4189007753357754
ethyl_acetate:9,ethyl_acetate:0.25,ethyl_acetate,0.25,including_summaries_sensitivity,leave_one_solvent_out,ethyl_acetate,rf_raw,0.7700000000000001,0.4189007753357754
ethyl_acetate:10,ethyl_acetate:0.25,ethyl_acetate,0.25,including_summaries_sensitivity,leave_one_solvent_out,ethyl_acetate,rf_raw,0.7000000000000001,0.4189007753357754
ethyl_acetate:11,ethyl_acetate:0.5,ethyl_acetate,0.5,including_summaries_sensitivity,leave_one_solvent_out,ethyl_acetate,rf_raw,1.27,0.6049261994949492
ethyl_acetate:12,ethyl_acetate:0.5,ethyl_acetate,0.5,including_summaries_sensitivity,leave_one_solvent_out,ethyl_acetate,rf_raw,1.23,0.6049261994949492
ethyl_acetate:13,ethyl_acetate:0.5,ethyl_acetate,0.5,including_summaries_sensitivity,leave_one_solvent_out,ethyl_acetate,rf_raw,1.17,0.6049261994949492
ethyl_acetate:14,ethyl_acetate:0.1,ethyl_acetate,0.1,including_summaries_sensitivity,leave_one_solvent_out,ethyl_acetate,rf_raw,0.26,0.2919276162726161
ethyl_acetate:15,ethyl_acetate:0.1,ethyl_acetate,0.1,including_summaries_sensitivity,leave_one_solvent_out,ethyl_acetate,rf_raw,0.31,0.2919276162726161
ethyl_acetate:16,ethyl_acetate:0.1,ethyl_acetate,0.1,including_summaries_sensitivity,leave_one_solvent_out,ethyl_acetate,rf_raw,0.33,0.2919276162726161
ethyl_acetate:17,ethyl_acetate:0.25,ethyl_acetate,0.25,including_summaries_sensitivity,leave_one_solvent_out,ethyl_acetate,rf_raw,0.5,0.4189007753357754
ethyl_acetate:18,ethyl_acetate:0.25,ethyl_acetate,0.25,including_summaries_sensitivity,leave_one_solvent_out,ethyl_acetate,rf_raw,0.62,0.4189007753357754
ethyl_acetate:19,ethyl_acetate:0.25,ethyl_acetate,0.25,including_summaries_sensitivity,leave_one_solvent_out,ethyl_acetate,rf_raw,0.54,0.4189007753357754
ethyl_acetate:20,ethyl_acetate:1,ethyl_acetate,1.0,including_summaries_sensitivity,leave_one_solvent_out,ethyl_acetate,rf_raw,0.68,1.0923861309523828
ethyl_acetate:21,ethyl_acetate:1,ethyl_acetate,1.0,including_summaries_sensitivity,leave_one_solvent_out,ethyl_acetate,rf_raw,0.68,1.0923861309523828
ethyl_acetate:22,ethyl_acetate:1,ethyl_acetate,1.0,including_summaries_sensitivity,leave_one_solvent_out,ethyl_acetate,rf_raw,0.62,1.0923861309523828
ethyl_acetate:23,ethyl_acetate:2,ethyl_acetate,2.0,including_summaries_sensitivity,leave_one_solvent_out,ethyl_acetate,rf_raw,0.99,1.2508917847430354
ethyl_acetate:24,ethyl_acetate:2,ethyl_acetate,2.0,including_summaries_sensitivity,leave_one_solvent_out,ethyl_acetate,rf_raw,1.0299999999999998,1.2508917847430354
ethyl_acetate:25,ethyl_acetate:2,ethyl_acetate,2.0,including_summaries_sensitivity,leave_one_solvent_out,ethyl_acetate,rf_raw,1.0699999999999998,1.2508917847430354
ethyl_acetate:26,ethyl_acetate:3,ethyl_acetate,3.0,including_summaries_sensitivity,leave_one_solvent_out,ethyl_acetate,rf_raw,1.28,1.5210663446275947
ethyl_acetate:27,ethyl_acetate:3,ethyl_acetate,3.0,including_summaries_sensitivity,leave_one_solvent_out,ethyl_acetate,rf_raw,1.25,1.5210663446275947
ethyl_acetate:28,ethyl_acetate:3,ethyl_acetate,3.0,including_summaries_sensitivity,leave_one_solvent_out,ethyl_acetate,rf_raw,1.1,1.5210663446275947
ethyl_acetate:29,ethyl_acetate:5,ethyl_acetate,5.0,including_summaries_sensitivity,leave_one_solvent_out,ethyl_acetate,rf_raw,1.5699999999999998,2.377352098595848
ethyl_acetate:30,ethyl_acetate:5,ethyl_acetate,5.0,including_summaries_sensitivity,leave_one_solvent_out,ethyl_acetate,rf_raw,1.26,2.377352098595848
ethyl_acetate:31,ethyl_acetate:5,ethyl_acetate,5.0,including_summaries_sensitivity,leave_one_solvent_out,ethyl_acetate,rf_raw,1.34,2.377352098595848
ethyl_acetate:32,ethyl_acetate:10,ethyl_acetate,10.0,including_summaries_sensitivity,leave_one_solvent_out,ethyl_acetate,rf_raw,2.43,3.606847535103784
ethyl_acetate:33,ethyl_acetate:10,ethyl_acetate,10.0,including_summaries_sensitivity,leave_one_solvent_out,ethyl_acetate,rf_raw,2.5700000000000003,3.606847535103784
ethyl_acetate:34,ethyl_acetate:10,ethyl_acetate,10.0,including_summaries_sensitivity,leave_one_solvent_out,ethyl_acetate,rf_raw,3.18,3.606847535103784
ethyl_acetate:2,ethyl_acetate:0.1,ethyl_acetate,0.1,including_summaries_sensitivity,leave_one_solvent_out,ethyl_acetate,rf_log_interactions,0.53,0.2590351028138526
ethyl_acetate:3,ethyl_acetate:0.1,ethyl_acetate,0.1,including_summaries_sensitivity,leave_one_solvent_out,ethyl_acetate,rf_log_interactions,0.54,0.2590351028138526
ethyl_acetate:4,ethyl_acetate:0.1,ethyl_acetate,0.1,including_summaries_sensitivity,leave_one_solvent_out,ethyl_acetate,rf_log_interactions,0.54,0.2590351028138526
ethyl_acetate:5,ethyl_acetate:0.15,ethyl_acetate,0.15,including_summaries_sensitivity,leave_one_solvent_out,ethyl_acetate,rf_log_interactions,0.6699999999999999,0.2675978805916305
ethyl_acetate:6,ethyl_acetate:0.15,ethyl_acetate,0.15,including_summaries_sensitivity,leave_one_solvent_out,ethyl_acetate,rf_log_interactions,0.6499999999999999,0.2675978805916305
ethyl_acetate:7,ethyl_acetate:0.15,ethyl_acetate,0.15,including_summaries_sensitivity,leave_one_solvent_out,ethyl_acetate,rf_log_interactions,0.71,0.2675978805916305
ethyl_acetate:8,ethyl_acetate:0.25,ethyl_acetate,0.25,including_summaries_sensitivity,leave_one_solvent_out,ethyl_acetate,rf_log_interactions,0.7200000000000001,0.2701774639249638
ethyl_acetate:9,ethyl_acetate:0.25,ethyl_acetate,0.25,including_summaries_sensitivity,leave_one_solvent_out,ethyl_acetate,rf_log_interactions,0.7700000000000001,0.2701774639249638
ethyl_acetate:10,ethyl_acetate:0.25,ethyl_acetate,0.25,including_summaries_sensitivity,leave_one_solvent_out,ethyl_acetate,rf_log_interactions,0.7000000000000001,0.2701774639249638
ethyl_acetate:11,ethyl_acetate:0.5,ethyl_acetate,0.5,including_summaries_sensitivity,leave_one_solvent_out,ethyl_acetate,rf_log_interactions,1.27,0.2784114520202019
ethyl_acetate:12,ethyl_acetate:0.5,ethyl_acetate,0.5,including_summaries_sensitivity,leave_one_solvent_out,ethyl_acetate,rf_log_interactions,1.23,0.2784114520202019
ethyl_acetate:13,ethyl_acetate:0.5,ethyl_acetate,0.5,including_summaries_sensitivity,leave_one_solvent_out,ethyl_acetate,rf_log_interactions,1.17,0.2784114520202019
ethyl_acetate:14,ethyl_acetate:0.1,ethyl_acetate,0.1,including_summaries_sensitivity,leave_one_solvent_out,ethyl_acetate,rf_log_interactions,0.26,0.2590351028138526
ethyl_acetate:15,ethyl_acetate:0.1,ethyl_acetate,0.1,including_summaries_sensitivity,leave_one_solvent_out,ethyl_acetate,rf_log_interactions,0.31,0.2590351028138526
ethyl_acetate:16,ethyl_acetate:0.1,ethyl_acetate,0.1,including_summaries_sensitivity,leave_one_solvent_out,ethyl_acetate,rf_log_interactions,0.33,0.2590351028138526
ethyl_acetate:17,ethyl_acetate:0.25,ethyl_acetate,0.25,including_summaries_sensitivity,leave_one_solvent_out,ethyl_acetate,rf_log_interactions,0.5,0.2701774639249638
ethyl_acetate:18,ethyl_acetate:0.25,ethyl_acetate,0.25,including_summaries_sensitivity,leave_one_solvent_out,ethyl_acetate,rf_log_interactions,0.62,0.2701774639249638
ethyl_acetate:19,ethyl_acetate:0.25,ethyl_acetate,0.25,including_summaries_sensitivity,leave_one_solvent_out,ethyl_acetate,rf_log_interactions,0.54,0.2701774639249638
ethyl_acetate:20,ethyl_acetate:1,ethyl_acetate,1.0,including_summaries_sensitivity,leave_one_solvent_out,ethyl_acetate,rf_log_interactions,0.68,0.5473710089910092
ethyl_acetate:21,ethyl_acetate:1,ethyl_acetate,1.0,including_summaries_sensitivity,leave_one_solvent_out,ethyl_acetate,rf_log_interactions,0.68,0.5473710089910092
ethyl_acetate:22,ethyl_acetate:1,ethyl_acetate,1.0,including_summaries_sensitivity,leave_one_solvent_out,ethyl_acetate,rf_log_interactions,0.62,0.5473710089910092
ethyl_acetate:23,ethyl_acetate:2,ethyl_acetate,2.0,including_summaries_sensitivity,leave_one_solvent_out,ethyl_acetate,rf_log_interactions,0.99,0.7817761147186146
ethyl_acetate:24,ethyl_acetate:2,ethyl_acetate,2.0,including_summaries_sensitivity,leave_one_solvent_out,ethyl_acetate,rf_log_interactions,1.0299999999999998,0.7817761147186146
ethyl_acetate:25,ethyl_acetate:2,ethyl_acetate,2.0,including_summaries_sensitivity,leave_one_solvent_out,ethyl_acetate,rf_log_interactions,1.0699999999999998,0.7817761147186146
ethyl_acetate:26,ethyl_acetate:3,ethyl_acetate,3.0,including_summaries_sensitivity,leave_one_solvent_out,ethyl_acetate,rf_log_interactions,1.28,0.8861293650793649
ethyl_acetate:27,ethyl_acetate:3,ethyl_acetate,3.0,including_summaries_sensitivity,leave_one_solvent_out,ethyl_acetate,rf_log_interactions,1.25,0.8861293650793649
ethyl_acetate:28,ethyl_acetate:3,ethyl_acetate,3.0,including_summaries_sensitivity,leave_one_solvent_out,ethyl_acetate,rf_log_interactions,1.1,0.8861293650793649
ethyl_acetate:29,ethyl_acetate:5,ethyl_acetate,5.0,including_summaries_sensitivity,leave_one_solvent_out,ethyl_acetate,rf_log_interactions,1.5699999999999998,1.1586589484126986
ethyl_acetate:30,ethyl_acetate:5,ethyl_acetate,5.0,including_summaries_sensitivity,leave_one_solvent_out,ethyl_acetate,rf_log_interactions,1.26,1.1586589484126986
ethyl_acetate:31,ethyl_acetate:5,ethyl_acetate,5.0,including_summaries_sensitivity,leave_one_solvent_out,ethyl_acetate,rf_log_interactions,1.34,1.1586589484126986
ethyl_acetate:32,ethyl_acetate:10,ethyl_acetate,10.0,including_summaries_sensitivity,leave_one_solvent_out,ethyl_acetate,rf_log_interactions,2.43,1.0181189880952386
ethyl_acetate:33,ethyl_acetate:10,ethyl_acetate,10.0,including_summaries_sensitivity,leave_one_solvent_out,ethyl_acetate,rf_log_interactions,2.5700000000000003,1.0181189880952386
ethyl_acetate:34,ethyl_acetate:10,ethyl_acetate,10.0,including_summaries_sensitivity,leave_one_solvent_out,ethyl_acetate,rf_log_interactions,3.18,1.0181189880952386
hexane:2,hexane:0.02,hexane,0.02,including_summaries_sensitivity,leave_one_solvent_out,hexane,mean,0.0399999999999999,0.5255421686746987
hexane:3,hexane:0.02,hexane,0.02,including_summaries_sensitivity,leave_one_solvent_out,hexane,mean,0.0599999999999999,0.5255421686746987
hexane:4,hexane:0.02,hexane,0.02,including_summaries_sensitivity,leave_one_solvent_out,hexane,mean,0.0499999999999999,0.5255421686746987
hexane:5,hexane:0.02,hexane,0.02,including_summaries_sensitivity,leave_one_solvent_out,hexane,mean,0.0899999999999999,0.5255421686746987
hexane:6,hexane:0.02,hexane,0.02,including_summaries_sensitivity,leave_one_solvent_out,hexane,mean,0.1099999999999999,0.5255421686746987
hexane:7,hexane:0.02,hexane,0.02,including_summaries_sensitivity,leave_one_solvent_out,hexane,mean,0.09,0.5255421686746987
hexane:8,hexane:0.05,hexane,0.05,including_summaries_sensitivity,leave_one_solvent_out,hexane,mean,0.14,0.5255421686746987
hexane:9,hexane:0.05,hexane,0.05,including_summaries_sensitivity,leave_one_solvent_out,hexane,mean,0.18,0.5255421686746987
hexane:10,hexane:0.05,hexane,0.05,including_summaries_sensitivity,leave_one_solvent_out,hexane,mean,0.14,0.5255421686746987
hexane:11,hexane:0.05,hexane,0.05,including_summaries_sensitivity,leave_one_solvent_out,hexane,mean,0.15,0.5255421686746987
hexane:12,hexane:0.05,hexane,0.05,including_summaries_sensitivity,leave_one_solvent_out,hexane,mean,0.1499999999999999,0.5255421686746987
hexane:13,hexane:0.05,hexane,0.05,including_summaries_sensitivity,leave_one_solvent_out,hexane,mean,0.1699999999999999,0.5255421686746987
hexane:14,hexane:0.07,hexane,0.07,including_summaries_sensitivity,leave_one_solvent_out,hexane,mean,0.13,0.5255421686746987
hexane:15,hexane:0.07,hexane,0.07,including_summaries_sensitivity,leave_one_solvent_out,hexane,mean,0.1499999999999999,0.5255421686746987
hexane:16,hexane:0.07,hexane,0.07,including_summaries_sensitivity,leave_one_solvent_out,hexane,mean,0.1399999999999999,0.5255421686746987
hexane:17,hexane:0.07,hexane,0.07,including_summaries_sensitivity,leave_one_solvent_out,hexane,mean,0.23,0.5255421686746987
hexane:18,hexane:0.07,hexane,0.07,including_summaries_sensitivity,leave_one_solvent_out,hexane,mean,0.21,0.5255421686746987
hexane:19,hexane:0.07,hexane,0.07,including_summaries_sensitivity,leave_one_solvent_out,hexane,mean,0.2199999999999999,0.5255421686746987
hexane:20,hexane:0.09,hexane,0.09,including_summaries_sensitivity,leave_one_solvent_out,hexane,mean,0.3399999999999999,0.5255421686746987
hexane:21,hexane:0.09,hexane,0.09,including_summaries_sensitivity,leave_one_solvent_out,hexane,mean,0.3199999999999999,0.5255421686746987
hexane:22,hexane:0.09,hexane,0.09,including_summaries_sensitivity,leave_one_solvent_out,hexane,mean,0.3299999999999999,0.5255421686746987
hexane:23,hexane:0.1,hexane,0.1,including_summaries_sensitivity,leave_one_solvent_out,hexane,mean,0.41,0.5255421686746987
hexane:24,hexane:0.1,hexane,0.1,including_summaries_sensitivity,leave_one_solvent_out,hexane,mean,0.42,0.5255421686746987
hexane:25,hexane:0.1,hexane,0.1,including_summaries_sensitivity,leave_one_solvent_out,hexane,mean,0.43,0.5255421686746987
hexane:26,hexane:0.1,hexane,0.1,including_summaries_sensitivity,leave_one_solvent_out,hexane,mean,0.31,0.5255421686746987
hexane:27,hexane:0.1,hexane,0.1,including_summaries_sensitivity,leave_one_solvent_out,hexane,mean,0.29,0.5255421686746987
hexane:28,hexane:0.1,hexane,0.1,including_summaries_sensitivity,leave_one_solvent_out,hexane,mean,0.31,0.5255421686746987
hexane:29,hexane:0.15,hexane,0.15,including_summaries_sensitivity,leave_one_solvent_out,hexane,mean,0.5,0.5255421686746987
hexane:30,hexane:0.15,hexane,0.15,including_summaries_sensitivity,leave_one_solvent_out,hexane,mean,0.52,0.5255421686746987
hexane:31,hexane:0.15,hexane,0.15,including_summaries_sensitivity,leave_one_solvent_out,hexane,mean,0.48,0.5255421686746987
hexane:32,hexane:0.25,hexane,0.25,including_summaries_sensitivity,leave_one_solvent_out,hexane,mean,0.5700000000000001,0.5255421686746987
hexane:33,hexane:0.25,hexane,0.25,including_summaries_sensitivity,leave_one_solvent_out,hexane,mean,0.5499999999999999,0.5255421686746987
hexane:34,hexane:0.25,hexane,0.25,including_summaries_sensitivity,leave_one_solvent_out,hexane,mean,0.53,0.5255421686746987
hexane:35,hexane:0.5,hexane,0.5,including_summaries_sensitivity,leave_one_solvent_out,hexane,mean,0.77,0.5255421686746987
hexane:36,hexane:0.5,hexane,0.5,including_summaries_sensitivity,leave_one_solvent_out,hexane,mean,0.78,0.5255421686746987
hexane:37,hexane:0.5,hexane,0.5,including_summaries_sensitivity,leave_one_solvent_out,hexane,mean,0.79,0.5255421686746987
hexane:38,hexane:1,hexane,1.0,including_summaries_sensitivity,leave_one_solvent_out,hexane,mean,1.42,0.5255421686746987
hexane:39,hexane:1,hexane,1.0,including_summaries_sensitivity,leave_one_solvent_out,hexane,mean,1.42,0.5255421686746987
hexane:40,hexane:1,hexane,1.0,including_summaries_sensitivity,leave_one_solvent_out,hexane,mean,1.44,0.5255421686746987
hexane:41,hexane:1.5,hexane,1.5,including_summaries_sensitivity,leave_one_solvent_out,hexane,mean,2.22,0.5255421686746987
hexane:42,hexane:1.5,hexane,1.5,including_summaries_sensitivity,leave_one_solvent_out,hexane,mean,2.22,0.5255421686746987
hexane:43,hexane:1.5,hexane,1.5,including_summaries_sensitivity,leave_one_solvent_out,hexane,mean,2.21,0.5255421686746987
hexane:44,hexane:2,hexane,2.0,including_summaries_sensitivity,leave_one_solvent_out,hexane,mean,2.9799999999999995,0.5255421686746987
hexane:45,hexane:2,hexane,2.0,including_summaries_sensitivity,leave_one_solvent_out,hexane,mean,2.96,0.5255421686746987
hexane:46,hexane:2,hexane,2.0,including_summaries_sensitivity,leave_one_solvent_out,hexane,mean,2.99,0.5255421686746987
hexane:47,hexane:2.5,hexane,2.5,including_summaries_sensitivity,leave_one_solvent_out,hexane,mean,2.98,0.5255421686746987
hexane:48,hexane:2.5,hexane,2.5,including_summaries_sensitivity,leave_one_solvent_out,hexane,mean,3.06,0.5255421686746987
hexane:49,hexane:2.5,hexane,2.5,including_summaries_sensitivity,leave_one_solvent_out,hexane,mean,3.01,0.5255421686746987
hexane:50,hexane:3,hexane,3.0,including_summaries_sensitivity,leave_one_solvent_out,hexane,mean,3.73,0.5255421686746987
hexane:51,hexane:3,hexane,3.0,including_summaries_sensitivity,leave_one_solvent_out,hexane,mean,3.65,0.5255421686746987
hexane:52,hexane:3,hexane,3.0,including_summaries_sensitivity,leave_one_solvent_out,hexane,mean,3.64,0.5255421686746987
hexane:53,hexane:5,hexane,5.0,including_summaries_sensitivity,leave_one_solvent_out,hexane,mean,5.890000000000001,0.5255421686746987
hexane:54,hexane:5,hexane,5.0,including_summaries_sensitivity,leave_one_solvent_out,hexane,mean,5.9,0.5255421686746987
hexane:55,hexane:5,hexane,5.0,including_summaries_sensitivity,leave_one_solvent_out,hexane,mean,6.0,0.5255421686746987
hexane:56,hexane:7,hexane,7.0,including_summaries_sensitivity,leave_one_solvent_out,hexane,mean,9.3,0.5255421686746987
hexane:57,hexane:7,hexane,7.0,including_summaries_sensitivity,leave_one_solvent_out,hexane,mean,9.33,0.5255421686746987
hexane:58,hexane:7,hexane,7.0,including_summaries_sensitivity,leave_one_solvent_out,hexane,mean,9.24,0.5255421686746987
hexane:59,hexane:10,hexane,10.0,including_summaries_sensitivity,leave_one_solvent_out,hexane,mean,12.67,0.5255421686746987
hexane:2,hexane:0.02,hexane,0.02,including_summaries_sensitivity,leave_one_solvent_out,hexane,ridge_raw,0.0399999999999999,0.9756759507598544
hexane:3,hexane:0.02,hexane,0.02,including_summaries_sensitivity,leave_one_solvent_out,hexane,ridge_raw,0.0599999999999999,0.9756759507598544
hexane:4,hexane:0.02,hexane,0.02,including_summaries_sensitivity,leave_one_solvent_out,hexane,ridge_raw,0.0499999999999999,0.9756759507598544
hexane:5,hexane:0.02,hexane,0.02,including_summaries_sensitivity,leave_one_solvent_out,hexane,ridge_raw,0.0899999999999999,0.9756759507598544
hexane:6,hexane:0.02,hexane,0.02,including_summaries_sensitivity,leave_one_solvent_out,hexane,ridge_raw,0.1099999999999999,0.9756759507598544
hexane:7,hexane:0.02,hexane,0.02,including_summaries_sensitivity,leave_one_solvent_out,hexane,ridge_raw,0.09,0.9756759507598544
hexane:8,hexane:0.05,hexane,0.05,including_summaries_sensitivity,leave_one_solvent_out,hexane,ridge_raw,0.14,0.9757239067890676
hexane:9,hexane:0.05,hexane,0.05,including_summaries_sensitivity,leave_one_solvent_out,hexane,ridge_raw,0.18,0.9757239067890676
hexane:10,hexane:0.05,hexane,0.05,including_summaries_sensitivity,leave_one_solvent_out,hexane,ridge_raw,0.14,0.9757239067890676
hexane:11,hexane:0.05,hexane,0.05,including_summaries_sensitivity,leave_one_solvent_out,hexane,ridge_raw,0.15,0.9757239067890676
hexane:12,hexane:0.05,hexane,0.05,including_summaries_sensitivity,leave_one_solvent_out,hexane,ridge_raw,0.1499999999999999,0.9757239067890676
hexane:13,hexane:0.05,hexane,0.05,including_summaries_sensitivity,leave_one_solvent_out,hexane,ridge_raw,0.1699999999999999,0.9757239067890676
hexane:14,hexane:0.07,hexane,0.07,including_summaries_sensitivity,leave_one_solvent_out,hexane,ridge_raw,0.13,0.97575587747521
hexane:15,hexane:0.07,hexane,0.07,including_summaries_sensitivity,leave_one_solvent_out,hexane,ridge_raw,0.1499999999999999,0.97575587747521
hexane:16,hexane:0.07,hexane,0.07,including_summaries_sensitivity,leave_one_solvent_out,hexane,ridge_raw,0.1399999999999999,0.97575587747521
hexane:17,hexane:0.07,hexane,0.07,including_summaries_sensitivity,leave_one_solvent_out,hexane,ridge_raw,0.23,0.97575587747521
hexane:18,hexane:0.07,hexane,0.07,including_summaries_sensitivity,leave_one_solvent_out,hexane,ridge_raw,0.21,0.97575587747521
hexane:19,hexane:0.07,hexane,0.07,including_summaries_sensitivity,leave_one_solvent_out,hexane,ridge_raw,0.2199999999999999,0.97575587747521
hexane:20,hexane:0.09,hexane,0.09,including_summaries_sensitivity,leave_one_solvent_out,hexane,ridge_raw,0.3399999999999999,0.9757878481613522
hexane:21,hexane:0.09,hexane,0.09,including_summaries_sensitivity,leave_one_solvent_out,hexane,ridge_raw,0.3199999999999999,0.9757878481613522
hexane:22,hexane:0.09,hexane,0.09,including_summaries_sensitivity,leave_one_solvent_out,hexane,ridge_raw,0.3299999999999999,0.9757878481613522
hexane:23,hexane:0.1,hexane,0.1,including_summaries_sensitivity,leave_one_solvent_out,hexane,ridge_raw,0.41,0.9758038335044232
hexane:24,hexane:0.1,hexane,0.1,including_summaries_sensitivity,leave_one_solvent_out,hexane,ridge_raw,0.42,0.9758038335044232
hexane:25,hexane:0.1,hexane,0.1,including_summaries_sensitivity,leave_one_solvent_out,hexane,ridge_raw,0.43,0.9758038335044232
hexane:26,hexane:0.1,hexane,0.1,including_summaries_sensitivity,leave_one_solvent_out,hexane,ridge_raw,0.31,0.9758038335044232
hexane:27,hexane:0.1,hexane,0.1,including_summaries_sensitivity,leave_one_solvent_out,hexane,ridge_raw,0.29,0.9758038335044232
hexane:28,hexane:0.1,hexane,0.1,including_summaries_sensitivity,leave_one_solvent_out,hexane,ridge_raw,0.31,0.9758038335044232
hexane:29,hexane:0.15,hexane,0.15,including_summaries_sensitivity,leave_one_solvent_out,hexane,ridge_raw,0.5,0.975883760219779
hexane:30,hexane:0.15,hexane,0.15,including_summaries_sensitivity,leave_one_solvent_out,hexane,ridge_raw,0.52,0.975883760219779
hexane:31,hexane:0.15,hexane,0.15,including_summaries_sensitivity,leave_one_solvent_out,hexane,ridge_raw,0.48,0.975883760219779
hexane:32,hexane:0.25,hexane,0.25,including_summaries_sensitivity,leave_one_solvent_out,hexane,ridge_raw,0.5700000000000001,0.97604361365049
hexane:33,hexane:0.25,hexane,0.25,including_summaries_sensitivity,leave_one_solvent_out,hexane,ridge_raw,0.5499999999999999,0.97604361365049
hexane:34,hexane:0.25,hexane,0.25,including_summaries_sensitivity,leave_one_solvent_out,hexane,ridge_raw,0.53,0.97604361365049
hexane:35,hexane:0.5,hexane,0.5,including_summaries_sensitivity,leave_one_solvent_out,hexane,ridge_raw,0.77,0.9764432472272682
hexane:36,hexane:0.5,hexane,0.5,including_summaries_sensitivity,leave_one_solvent_out,hexane,ridge_raw,0.78,0.9764432472272682
hexane:37,hexane:0.5,hexane,0.5,including_summaries_sensitivity,leave_one_solvent_out,hexane,ridge_raw,0.79,0.9764432472272682
hexane:38,hexane:1,hexane,1.0,including_summaries_sensitivity,leave_one_solvent_out,hexane,ridge_raw,1.42,0.977242514380824
hexane:39,hexane:1,hexane,1.0,including_summaries_sensitivity,leave_one_solvent_out,hexane,ridge_raw,1.42,0.977242514380824
hexane:40,hexane:1,hexane,1.0,including_summaries_sensitivity,leave_one_solvent_out,hexane,ridge_raw,1.44,0.977242514380824
hexane:41,hexane:1.5,hexane,1.5,including_summaries_sensitivity,leave_one_solvent_out,hexane,ridge_raw,2.22,0.97804178153438
hexane:42,hexane:1.5,hexane,1.5,including_summaries_sensitivity,leave_one_solvent_out,hexane,ridge_raw,2.22,0.97804178153438
hexane:43,hexane:1.5,hexane,1.5,including_summaries_sensitivity,leave_one_solvent_out,hexane,ridge_raw,2.21,0.97804178153438
hexane:44,hexane:2,hexane,2.0,including_summaries_sensitivity,leave_one_solvent_out,hexane,ridge_raw,2.9799999999999995,0.978841048687936
hexane:45,hexane:2,hexane,2.0,including_summaries_sensitivity,leave_one_solvent_out,hexane,ridge_raw,2.96,0.978841048687936
hexane:46,hexane:2,hexane,2.0,including_summaries_sensitivity,leave_one_solvent_out,hexane,ridge_raw,2.99,0.978841048687936
hexane:47,hexane:2.5,hexane,2.5,including_summaries_sensitivity,leave_one_solvent_out,hexane,ridge_raw,2.98,0.979640315841492
hexane:48,hexane:2.5,hexane,2.5,including_summaries_sensitivity,leave_one_solvent_out,hexane,ridge_raw,3.06,0.979640315841492
hexane:49,hexane:2.5,hexane,2.5,including_summaries_sensitivity,leave_one_solvent_out,hexane,ridge_raw,3.01,0.979640315841492
hexane:50,hexane:3,hexane,3.0,including_summaries_sensitivity,leave_one_solvent_out,hexane,ridge_raw,3.73,0.980439582995048
hexane:51,hexane:3,hexane,3.0,including_summaries_sensitivity,leave_one_solvent_out,hexane,ridge_raw,3.65,0.980439582995048
hexane:52,hexane:3,hexane,3.0,including_summaries_sensitivity,leave_one_solvent_out,hexane,ridge_raw,3.64,0.980439582995048
hexane:53,hexane:5,hexane,5.0,including_summaries_sensitivity,leave_one_solvent_out,hexane,ridge_raw,5.890000000000001,0.983636651609272
hexane:54,hexane:5,hexane,5.0,including_summaries_sensitivity,leave_one_solvent_out,hexane,ridge_raw,5.9,0.983636651609272
hexane:55,hexane:5,hexane,5.0,including_summaries_sensitivity,leave_one_solvent_out,hexane,ridge_raw,6.0,0.983636651609272
hexane:56,hexane:7,hexane,7.0,including_summaries_sensitivity,leave_one_solvent_out,hexane,ridge_raw,9.3,0.986833720223496
hexane:57,hexane:7,hexane,7.0,including_summaries_sensitivity,leave_one_solvent_out,hexane,ridge_raw,9.33,0.986833720223496
hexane:58,hexane:7,hexane,7.0,including_summaries_sensitivity,leave_one_solvent_out,hexane,ridge_raw,9.24,0.986833720223496
hexane:59,hexane:10,hexane,10.0,including_summaries_sensitivity,leave_one_solvent_out,hexane,ridge_raw,12.67,0.991629323144832
hexane:2,hexane:0.02,hexane,0.02,including_summaries_sensitivity,leave_one_solvent_out,hexane,ridge_log_interactions,0.0399999999999999,0.7964148819175895
hexane:3,hexane:0.02,hexane,0.02,including_summaries_sensitivity,leave_one_solvent_out,hexane,ridge_log_interactions,0.0599999999999999,0.7964148819175895
hexane:4,hexane:0.02,hexane,0.02,including_summaries_sensitivity,leave_one_solvent_out,hexane,ridge_log_interactions,0.0499999999999999,0.7964148819175895
hexane:5,hexane:0.02,hexane,0.02,including_summaries_sensitivity,leave_one_solvent_out,hexane,ridge_log_interactions,0.0899999999999999,0.7964148819175895
hexane:6,hexane:0.02,hexane,0.02,including_summaries_sensitivity,leave_one_solvent_out,hexane,ridge_log_interactions,0.1099999999999999,0.7964148819175895
hexane:7,hexane:0.02,hexane,0.02,including_summaries_sensitivity,leave_one_solvent_out,hexane,ridge_log_interactions,0.09,0.7964148819175895
hexane:8,hexane:0.05,hexane,0.05,including_summaries_sensitivity,leave_one_solvent_out,hexane,ridge_log_interactions,0.14,0.793669166951725
hexane:9,hexane:0.05,hexane,0.05,including_summaries_sensitivity,leave_one_solvent_out,hexane,ridge_log_interactions,0.18,0.793669166951725
hexane:10,hexane:0.05,hexane,0.05,including_summaries_sensitivity,leave_one_solvent_out,hexane,ridge_log_interactions,0.14,0.793669166951725
hexane:11,hexane:0.05,hexane,0.05,including_summaries_sensitivity,leave_one_solvent_out,hexane,ridge_log_interactions,0.15,0.793669166951725
hexane:12,hexane:0.05,hexane,0.05,including_summaries_sensitivity,leave_one_solvent_out,hexane,ridge_log_interactions,0.1499999999999999,0.793669166951725
hexane:13,hexane:0.05,hexane,0.05,including_summaries_sensitivity,leave_one_solvent_out,hexane,ridge_log_interactions,0.1699999999999999,0.793669166951725
hexane:14,hexane:0.07,hexane,0.07,including_summaries_sensitivity,leave_one_solvent_out,hexane,ridge_log_interactions,0.13,0.7918819340466233
hexane:15,hexane:0.07,hexane,0.07,including_summaries_sensitivity,leave_one_solvent_out,hexane,ridge_log_interactions,0.1499999999999999,0.7918819340466233
hexane:16,hexane:0.07,hexane,0.07,including_summaries_sensitivity,leave_one_solvent_out,hexane,ridge_log_interactions,0.1399999999999999,0.7918819340466233
hexane:17,hexane:0.07,hexane,0.07,including_summaries_sensitivity,leave_one_solvent_out,hexane,ridge_log_interactions,0.23,0.7918819340466233
hexane:18,hexane:0.07,hexane,0.07,including_summaries_sensitivity,leave_one_solvent_out,hexane,ridge_log_interactions,0.21,0.7918819340466233
hexane:19,hexane:0.07,hexane,0.07,including_summaries_sensitivity,leave_one_solvent_out,hexane,ridge_log_interactions,0.2199999999999999,0.7918819340466233
hexane:20,hexane:0.09,hexane,0.09,including_summaries_sensitivity,leave_one_solvent_out,hexane,ridge_log_interactions,0.3399999999999999,0.7901277999568455
hexane:21,hexane:0.09,hexane,0.09,including_summaries_sensitivity,leave_one_solvent_out,hexane,ridge_log_interactions,0.3199999999999999,0.7901277999568455
hexane:22,hexane:0.09,hexane,0.09,including_summaries_sensitivity,leave_one_solvent_out,hexane,ridge_log_interactions,0.3299999999999999,0.7901277999568455
hexane:23,hexane:0.1,hexane,0.1,including_summaries_sensitivity,leave_one_solvent_out,hexane,ridge_log_interactions,0.41,0.7892627662389126
hexane:24,hexane:0.1,hexane,0.1,including_summaries_sensitivity,leave_one_solvent_out,hexane,ridge_log_interactions,0.42,0.7892627662389126
hexane:25,hexane:0.1,hexane,0.1,including_summaries_sensitivity,leave_one_solvent_out,hexane,ridge_log_interactions,0.43,0.7892627662389126
hexane:26,hexane:0.1,hexane,0.1,including_summaries_sensitivity,leave_one_solvent_out,hexane,ridge_log_interactions,0.31,0.7892627662389126
hexane:27,hexane:0.1,hexane,0.1,including_summaries_sensitivity,leave_one_solvent_out,hexane,ridge_log_interactions,0.29,0.7892627662389126
hexane:28,hexane:0.1,hexane,0.1,including_summaries_sensitivity,leave_one_solvent_out,hexane,ridge_log_interactions,0.31,0.7892627662389126
hexane:29,hexane:0.15,hexane,0.15,including_summaries_sensitivity,leave_one_solvent_out,hexane,ridge_log_interactions,0.5,0.7850522715603385
hexane:30,hexane:0.15,hexane,0.15,including_summaries_sensitivity,leave_one_solvent_out,hexane,ridge_log_interactions,0.52,0.7850522715603385
hexane:31,hexane:0.15,hexane,0.15,including_summaries_sensitivity,leave_one_solvent_out,hexane,ridge_log_interactions,0.48,0.7850522715603385
hexane:32,hexane:0.25,hexane,0.25,including_summaries_sensitivity,leave_one_solvent_out,hexane,ridge_log_interactions,0.5700000000000001,0.7771543210534411
hexane:33,hexane:0.25,hexane,0.25,including_summaries_sensitivity,leave_one_solvent_out,hexane,ridge_log_interactions,0.5499999999999999,0.7771543210534411
hexane:34,hexane:0.25,hexane,0.25,including_summaries_sensitivity,leave_one_solvent_out,hexane,ridge_log_interactions,0.53,0.7771543210534411
hexane:35,hexane:0.5,hexane,0.5,including_summaries_sensitivity,leave_one_solvent_out,hexane,ridge_log_interactions,0.77,0.7598847258726653
hexane:36,hexane:0.5,hexane,0.5,including_summaries_sensitivity,leave_one_solvent_out,hexane,ridge_log_interactions,0.78,0.7598847258726653
hexane:37,hexane:0.5,hexane,0.5,including_summaries_sensitivity,leave_one_solvent_out,hexane,ridge_log_interactions,0.79,0.7598847258726653
hexane:38,hexane:1,hexane,1.0,including_summaries_sensitivity,leave_one_solvent_out,hexane,ridge_log_interactions,1.42,0.7326353264084895
hexane:39,hexane:1,hexane,1.0,including_summaries_sensitivity,leave_one_solvent_out,hexane,ridge_log_interactions,1.42,0.7326353264084895
hexane:40,hexane:1,hexane,1.0,including_summaries_sensitivity,leave_one_solvent_out,hexane,ridge_log_interactions,1.44,0.7326353264084895
hexane:41,hexane:1.5,hexane,1.5,including_summaries_sensitivity,leave_one_solvent_out,hexane,ridge_log_interactions,2.22,0.7114990501164211
hexane:42,hexane:1.5,hexane,1.5,including_summaries_sensitivity,leave_one_solvent_out,hexane,ridge_log_interactions,2.22,0.7114990501164211
hexane:43,hexane:1.5,hexane,1.5,including_summaries_sensitivity,leave_one_solvent_out,hexane,ridge_log_interactions,2.21,0.7114990501164211
hexane:44,hexane:2,hexane,2.0,including_summaries_sensitivity,leave_one_solvent_out,hexane,ridge_log_interactions,2.9799999999999995,0.6942294549356454
hexane:45,hexane:2,hexane,2.0,including_summaries_sensitivity,leave_one_solvent_out,hexane,ridge_log_interactions,2.96,0.6942294549356454
hexane:46,hexane:2,hexane,2.0,including_summaries_sensitivity,leave_one_solvent_out,hexane,ridge_log_interactions,2.99,0.6942294549356454
hexane:47,hexane:2.5,hexane,2.5,including_summaries_sensitivity,leave_one_solvent_out,hexane,ridge_log_interactions,2.98,0.679628220258461
hexane:48,hexane:2.5,hexane,2.5,including_summaries_sensitivity,leave_one_solvent_out,hexane,ridge_log_interactions,3.06,0.679628220258461
hexane:49,hexane:2.5,hexane,2.5,including_summaries_sensitivity,leave_one_solvent_out,hexane,ridge_log_interactions,3.01,0.679628220258461
hexane:50,hexane:3,hexane,3.0,including_summaries_sensitivity,leave_one_solvent_out,hexane,ridge_log_interactions,3.73,0.6669800554714697
hexane:51,hexane:3,hexane,3.0,including_summaries_sensitivity,leave_one_solvent_out,hexane,ridge_log_interactions,3.65,0.6669800554714697
hexane:52,hexane:3,hexane,3.0,including_summaries_sensitivity,leave_one_solvent_out,hexane,ridge_log_interactions,3.64,0.6669800554714697
hexane:53,hexane:5,hexane,5.0,including_summaries_sensitivity,leave_one_solvent_out,hexane,ridge_log_interactions,5.890000000000001,0.6285741839986254
hexane:54,hexane:5,hexane,5.0,including_summaries_sensitivity,leave_one_solvent_out,hexane,ridge_log_interactions,5.9,0.6285741839986254
hexane:55,hexane:5,hexane,5.0,including_summaries_sensitivity,leave_one_solvent_out,hexane,ridge_log_interactions,6.0,0.6285741839986254
hexane:56,hexane:7,hexane,7.0,including_summaries_sensitivity,leave_one_solvent_out,hexane,ridge_log_interactions,9.3,0.6013247845344498
hexane:57,hexane:7,hexane,7.0,including_summaries_sensitivity,leave_one_solvent_out,hexane,ridge_log_interactions,9.33,0.6013247845344498
hexane:58,hexane:7,hexane,7.0,including_summaries_sensitivity,leave_one_solvent_out,hexane,ridge_log_interactions,9.24,0.6013247845344499
hexane:59,hexane:10,hexane,10.0,including_summaries_sensitivity,leave_one_solvent_out,hexane,ridge_log_interactions,12.67,0.5711606771357844
hexane:2,hexane:0.02,hexane,0.02,including_summaries_sensitivity,leave_one_solvent_out,hexane,rf_raw,0.0399999999999999,0.3619067803030302
hexane:3,hexane:0.02,hexane,0.02,including_summaries_sensitivity,leave_one_solvent_out,hexane,rf_raw,0.0599999999999999,0.3619067803030302
hexane:4,hexane:0.02,hexane,0.02,including_summaries_sensitivity,leave_one_solvent_out,hexane,rf_raw,0.0499999999999999,0.3619067803030302
hexane:5,hexane:0.02,hexane,0.02,including_summaries_sensitivity,leave_one_solvent_out,hexane,rf_raw,0.0899999999999999,0.3619067803030302
hexane:6,hexane:0.02,hexane,0.02,including_summaries_sensitivity,leave_one_solvent_out,hexane,rf_raw,0.1099999999999999,0.3619067803030302
hexane:7,hexane:0.02,hexane,0.02,including_summaries_sensitivity,leave_one_solvent_out,hexane,rf_raw,0.09,0.3619067803030302
hexane:8,hexane:0.05,hexane,0.05,including_summaries_sensitivity,leave_one_solvent_out,hexane,rf_raw,0.14,0.3846313149350648
hexane:9,hexane:0.05,hexane,0.05,including_summaries_sensitivity,leave_one_solvent_out,hexane,rf_raw,0.18,0.3846313149350648
hexane:10,hexane:0.05,hexane,0.05,including_summaries_sensitivity,leave_one_solvent_out,hexane,rf_raw,0.14,0.3846313149350648
hexane:11,hexane:0.05,hexane,0.05,including_summaries_sensitivity,leave_one_solvent_out,hexane,rf_raw,0.15,0.3846313149350648
hexane:12,hexane:0.05,hexane,0.05,including_summaries_sensitivity,leave_one_solvent_out,hexane,rf_raw,0.1499999999999999,0.3846313149350648
hexane:13,hexane:0.05,hexane,0.05,including_summaries_sensitivity,leave_one_solvent_out,hexane,rf_raw,0.1699999999999999,0.3846313149350648
hexane:14,hexane:0.07,hexane,0.07,including_summaries_sensitivity,leave_one_solvent_out,hexane,rf_raw,0.13,0.3846313149350648
hexane:15,hexane:0.07,hexane,0.07,including_summaries_sensitivity,leave_one_solvent_out,hexane,rf_raw,0.1499999999999999,0.3846313149350648
hexane:16,hexane:0.07,hexane,0.07,including_summaries_sensitivity,leave_one_solvent_out,hexane,rf_raw,0.1399999999999999,0.3846313149350648
hexane:17,hexane:0.07,hexane,0.07,including_summaries_sensitivity,leave_one_solvent_out,hexane,rf_raw,0.23,0.3846313149350648
hexane:18,hexane:0.07,hexane,0.07,including_summaries_sensitivity,leave_one_solvent_out,hexane,rf_raw,0.21,0.3846313149350648
hexane:19,hexane:0.07,hexane,0.07,including_summaries_sensitivity,leave_one_solvent_out,hexane,rf_raw,0.2199999999999999,0.3846313149350648
hexane:20,hexane:0.09,hexane,0.09,including_summaries_sensitivity,leave_one_solvent_out,hexane,rf_raw,0.3399999999999999,0.3761645292207791
hexane:21,hexane:0.09,hexane,0.09,including_summaries_sensitivity,leave_one_solvent_out,hexane,rf_raw,0.3199999999999999,0.3761645292207791
hexane:22,hexane:0.09,hexane,0.09,including_summaries_sensitivity,leave_one_solvent_out,hexane,rf_raw,0.3299999999999999,0.3761645292207791
hexane:23,hexane:0.1,hexane,0.1,including_summaries_sensitivity,leave_one_solvent_out,hexane,rf_raw,0.41,0.3761645292207791
hexane:24,hexane:0.1,hexane,0.1,including_summaries_sensitivity,leave_one_solvent_out,hexane,rf_raw,0.42,0.3761645292207791
hexane:25,hexane:0.1,hexane,0.1,including_summaries_sensitivity,leave_one_solvent_out,hexane,rf_raw,0.43,0.3761645292207791
hexane:26,hexane:0.1,hexane,0.1,including_summaries_sensitivity,leave_one_solvent_out,hexane,rf_raw,0.31,0.3761645292207791
hexane:27,hexane:0.1,hexane,0.1,including_summaries_sensitivity,leave_one_solvent_out,hexane,rf_raw,0.29,0.3761645292207791
hexane:28,hexane:0.1,hexane,0.1,including_summaries_sensitivity,leave_one_solvent_out,hexane,rf_raw,0.31,0.3761645292207791
hexane:29,hexane:0.15,hexane,0.15,including_summaries_sensitivity,leave_one_solvent_out,hexane,rf_raw,0.5,0.557323659118659
hexane:30,hexane:0.15,hexane,0.15,including_summaries_sensitivity,leave_one_solvent_out,hexane,rf_raw,0.52,0.557323659118659
hexane:31,hexane:0.15,hexane,0.15,including_summaries_sensitivity,leave_one_solvent_out,hexane,rf_raw,0.48,0.557323659118659
hexane:32,hexane:0.25,hexane,0.25,including_summaries_sensitivity,leave_one_solvent_out,hexane,rf_raw,0.5700000000000001,0.5737974890387391
hexane:33,hexane:0.25,hexane,0.25,including_summaries_sensitivity,leave_one_solvent_out,hexane,rf_raw,0.5499999999999999,0.5737974890387391
hexane:34,hexane:0.25,hexane,0.25,including_summaries_sensitivity,leave_one_solvent_out,hexane,rf_raw,0.53,0.5737974890387391
hexane:35,hexane:0.5,hexane,0.5,including_summaries_sensitivity,leave_one_solvent_out,hexane,rf_raw,0.77,0.9522670202020196
hexane:36,hexane:0.5,hexane,0.5,including_summaries_sensitivity,leave_one_solvent_out,hexane,rf_raw,0.78,0.9522670202020196
hexane:37,hexane:0.5,hexane,0.5,including_summaries_sensitivity,leave_one_solvent_out,hexane,rf_raw,0.79,0.9522670202020196
hexane:38,hexane:1,hexane,1.0,including_summaries_sensitivity,leave_one_solvent_out,hexane,rf_raw,1.42,0.6936613690476189
hexane:39,hexane:1,hexane,1.0,including_summaries_sensitivity,leave_one_solvent_out,hexane,rf_raw,1.42,0.6936613690476189
hexane:40,hexane:1,hexane,1.0,including_summaries_sensitivity,leave_one_solvent_out,hexane,rf_raw,1.44,0.6936613690476189
hexane:41,hexane:1.5,hexane,1.5,including_summaries_sensitivity,leave_one_solvent_out,hexane,rf_raw,2.22,0.6777869246031746
hexane:42,hexane:1.5,hexane,1.5,including_summaries_sensitivity,leave_one_solvent_out,hexane,rf_raw,2.22,0.6777869246031746
hexane:43,hexane:1.5,hexane,1.5,including_summaries_sensitivity,leave_one_solvent_out,hexane,rf_raw,2.21,0.6777869246031746
hexane:44,hexane:2,hexane,2.0,including_summaries_sensitivity,leave_one_solvent_out,hexane,rf_raw,2.9799999999999995,0.8410827435064937
hexane:45,hexane:2,hexane,2.0,including_summaries_sensitivity,leave_one_solvent_out,hexane,rf_raw,2.96,0.8410827435064937
hexane:46,hexane:2,hexane,2.0,including_summaries_sensitivity,leave_one_solvent_out,hexane,rf_raw,2.99,0.8410827435064937
hexane:47,hexane:2.5,hexane,2.5,including_summaries_sensitivity,leave_one_solvent_out,hexane,rf_raw,2.98,0.8520306006493509
hexane:48,hexane:2.5,hexane,2.5,including_summaries_sensitivity,leave_one_solvent_out,hexane,rf_raw,3.06,0.8520306006493509
hexane:49,hexane:2.5,hexane,2.5,including_summaries_sensitivity,leave_one_solvent_out,hexane,rf_raw,3.01,0.8520306006493509
hexane:50,hexane:3,hexane,3.0,including_summaries_sensitivity,leave_one_solvent_out,hexane,rf_raw,3.73,1.0013752435064938
hexane:51,hexane:3,hexane,3.0,including_summaries_sensitivity,leave_one_solvent_out,hexane,rf_raw,3.65,1.0013752435064938
hexane:52,hexane:3,hexane,3.0,including_summaries_sensitivity,leave_one_solvent_out,hexane,rf_raw,3.64,1.0013752435064938
hexane:53,hexane:5,hexane,5.0,including_summaries_sensitivity,leave_one_solvent_out,hexane,rf_raw,5.890000000000001,1.220873299062049
hexane:54,hexane:5,hexane,5.0,including_summaries_sensitivity,leave_one_solvent_out,hexane,rf_raw,5.9,1.220873299062049
hexane:55,hexane:5,hexane,5.0,including_summaries_sensitivity,leave_one_solvent_out,hexane,rf_raw,6.0,1.220873299062049
hexane:56,hexane:7,hexane,7.0,including_summaries_sensitivity,leave_one_solvent_out,hexane,rf_raw,9.3,1.2001812950937951
hexane:57,hexane:7,hexane,7.0,including_summaries_sensitivity,leave_one_solvent_out,hexane,rf_raw,9.33,1.2001812950937951
hexane:58,hexane:7,hexane,7.0,including_summaries_sensitivity,leave_one_solvent_out,hexane,rf_raw,9.24,1.2001812950937951
hexane:59,hexane:10,hexane,10.0,including_summaries_sensitivity,leave_one_solvent_out,hexane,rf_raw,12.67,1.9076770833333327
hexane:2,hexane:0.02,hexane,0.02,including_summaries_sensitivity,leave_one_solvent_out,hexane,rf_log_interactions,0.0399999999999999,0.3643533189033189
hexane:3,hexane:0.02,hexane,0.02,including_summaries_sensitivity,leave_one_solvent_out,hexane,rf_log_interactions,0.0599999999999999,0.3643533189033189
hexane:4,hexane:0.02,hexane,0.02,including_summaries_sensitivity,leave_one_solvent_out,hexane,rf_log_interactions,0.0499999999999999,0.3643533189033189
hexane:5,hexane:0.02,hexane,0.02,including_summaries_sensitivity,leave_one_solvent_out,hexane,rf_log_interactions,0.0899999999999999,0.3643533189033189
hexane:6,hexane:0.02,hexane,0.02,including_summaries_sensitivity,leave_one_solvent_out,hexane,rf_log_interactions,0.1099999999999999,0.3643533189033189
hexane:7,hexane:0.02,hexane,0.02,including_summaries_sensitivity,leave_one_solvent_out,hexane,rf_log_interactions,0.09,0.3643533189033189
hexane:8,hexane:0.05,hexane,0.05,including_summaries_sensitivity,leave_one_solvent_out,hexane,rf_log_interactions,0.14,0.40409384018759
hexane:9,hexane:0.05,hexane,0.05,including_summaries_sensitivity,leave_one_solvent_out,hexane,rf_log_interactions,0.18,0.40409384018759
hexane:10,hexane:0.05,hexane,0.05,including_summaries_sensitivity,leave_one_solvent_out,hexane,rf_log_interactions,0.14,0.40409384018759
hexane:11,hexane:0.05,hexane,0.05,including_summaries_sensitivity,leave_one_solvent_out,hexane,rf_log_interactions,0.15,0.40409384018759
hexane:12,hexane:0.05,hexane,0.05,including_summaries_sensitivity,leave_one_solvent_out,hexane,rf_log_interactions,0.1499999999999999,0.40409384018759
hexane:13,hexane:0.05,hexane,0.05,including_summaries_sensitivity,leave_one_solvent_out,hexane,rf_log_interactions,0.1699999999999999,0.40409384018759
hexane:14,hexane:0.07,hexane,0.07,including_summaries_sensitivity,leave_one_solvent_out,hexane,rf_log_interactions,0.13,0.4871059740259735
hexane:15,hexane:0.07,hexane,0.07,including_summaries_sensitivity,leave_one_solvent_out,hexane,rf_log_interactions,0.1499999999999999,0.4871059740259735
hexane:16,hexane:0.07,hexane,0.07,including_summaries_sensitivity,leave_one_solvent_out,hexane,rf_log_interactions,0.1399999999999999,0.4871059740259735
hexane:17,hexane:0.07,hexane,0.07,including_summaries_sensitivity,leave_one_solvent_out,hexane,rf_log_interactions,0.23,0.4871059740259735
hexane:18,hexane:0.07,hexane,0.07,including_summaries_sensitivity,leave_one_solvent_out,hexane,rf_log_interactions,0.21,0.4871059740259735
hexane:19,hexane:0.07,hexane,0.07,including_summaries_sensitivity,leave_one_solvent_out,hexane,rf_log_interactions,0.2199999999999999,0.4871059740259735
hexane:20,hexane:0.09,hexane,0.09,including_summaries_sensitivity,leave_one_solvent_out,hexane,rf_log_interactions,0.3399999999999999,0.485689942279942
hexane:21,hexane:0.09,hexane,0.09,including_summaries_sensitivity,leave_one_solvent_out,hexane,rf_log_interactions,0.3199999999999999,0.485689942279942
hexane:22,hexane:0.09,hexane,0.09,including_summaries_sensitivity,leave_one_solvent_out,hexane,rf_log_interactions,0.3299999999999999,0.485689942279942
hexane:23,hexane:0.1,hexane,0.1,including_summaries_sensitivity,leave_one_solvent_out,hexane,rf_log_interactions,0.41,0.4860635533910531
hexane:24,hexane:0.1,hexane,0.1,including_summaries_sensitivity,leave_one_solvent_out,hexane,rf_log_interactions,0.42,0.4860635533910531
hexane:25,hexane:0.1,hexane,0.1,including_summaries_sensitivity,leave_one_solvent_out,hexane,rf_log_interactions,0.43,0.4860635533910531
hexane:26,hexane:0.1,hexane,0.1,including_summaries_sensitivity,leave_one_solvent_out,hexane,rf_log_interactions,0.31,0.4860635533910531
hexane:27,hexane:0.1,hexane,0.1,including_summaries_sensitivity,leave_one_solvent_out,hexane,rf_log_interactions,0.29,0.4860635533910531
hexane:28,hexane:0.1,hexane,0.1,including_summaries_sensitivity,leave_one_solvent_out,hexane,rf_log_interactions,0.31,0.4860635533910531
hexane:29,hexane:0.15,hexane,0.15,including_summaries_sensitivity,leave_one_solvent_out,hexane,rf_log_interactions,0.5,0.5684427002164498
hexane:30,hexane:0.15,hexane,0.15,including_summaries_sensitivity,leave_one_solvent_out,hexane,rf_log_interactions,0.52,0.5684427002164498
hexane:31,hexane:0.15,hexane,0.15,including_summaries_sensitivity,leave_one_solvent_out,hexane,rf_log_interactions,0.48,0.5684427002164498
hexane:32,hexane:0.25,hexane,0.25,including_summaries_sensitivity,leave_one_solvent_out,hexane,rf_log_interactions,0.5700000000000001,0.6249418781218781
hexane:33,hexane:0.25,hexane,0.25,including_summaries_sensitivity,leave_one_solvent_out,hexane,rf_log_interactions,0.5499999999999999,0.6249418781218781
hexane:34,hexane:0.25,hexane,0.25,including_summaries_sensitivity,leave_one_solvent_out,hexane,rf_log_interactions,0.53,0.6249418781218781
hexane:35,hexane:0.5,hexane,0.5,including_summaries_sensitivity,leave_one_solvent_out,hexane,rf_log_interactions,0.77,0.9654210256410256
hexane:36,hexane:0.5,hexane,0.5,including_summaries_sensitivity,leave_one_solvent_out,hexane,rf_log_interactions,0.78,0.9654210256410256
hexane:37,hexane:0.5,hexane,0.5,including_summaries_sensitivity,leave_one_solvent_out,hexane,rf_log_interactions,0.79,0.9654210256410256
hexane:38,hexane:1,hexane,1.0,including_summaries_sensitivity,leave_one_solvent_out,hexane,rf_log_interactions,1.42,0.9382501388888888
hexane:39,hexane:1,hexane,1.0,including_summaries_sensitivity,leave_one_solvent_out,hexane,rf_log_interactions,1.42,0.9382501388888888
hexane:40,hexane:1,hexane,1.0,including_summaries_sensitivity,leave_one_solvent_out,hexane,rf_log_interactions,1.44,0.9382501388888888
hexane:41,hexane:1.5,hexane,1.5,including_summaries_sensitivity,leave_one_solvent_out,hexane,rf_log_interactions,2.22,0.9277409325396824
hexane:42,hexane:1.5,hexane,1.5,including_summaries_sensitivity,leave_one_solvent_out,hexane,rf_log_interactions,2.22,0.9277409325396824
hexane:43,hexane:1.5,hexane,1.5,including_summaries_sensitivity,leave_one_solvent_out,hexane,rf_log_interactions,2.21,0.9277409325396824
hexane:44,hexane:2,hexane,2.0,including_summaries_sensitivity,leave_one_solvent_out,hexane,rf_log_interactions,2.9799999999999995,0.9728313546176044
hexane:45,hexane:2,hexane,2.0,including_summaries_sensitivity,leave_one_solvent_out,hexane,rf_log_interactions,2.96,0.9728313546176044
hexane:46,hexane:2,hexane,2.0,including_summaries_sensitivity,leave_one_solvent_out,hexane,rf_log_interactions,2.99,0.9728313546176044
hexane:47,hexane:2.5,hexane,2.5,including_summaries_sensitivity,leave_one_solvent_out,hexane,rf_log_interactions,2.98,1.0323889538239543
hexane:48,hexane:2.5,hexane,2.5,including_summaries_sensitivity,leave_one_solvent_out,hexane,rf_log_interactions,3.06,1.0323889538239543
hexane:49,hexane:2.5,hexane,2.5,including_summaries_sensitivity,leave_one_solvent_out,hexane,rf_log_interactions,3.01,1.0323889538239543
hexane:50,hexane:3,hexane,3.0,including_summaries_sensitivity,leave_one_solvent_out,hexane,rf_log_interactions,3.73,1.0519497871572876
hexane:51,hexane:3,hexane,3.0,including_summaries_sensitivity,leave_one_solvent_out,hexane,rf_log_interactions,3.65,1.0519497871572876
hexane:52,hexane:3,hexane,3.0,including_summaries_sensitivity,leave_one_solvent_out,hexane,rf_log_interactions,3.64,1.0519497871572876
hexane:53,hexane:5,hexane,5.0,including_summaries_sensitivity,leave_one_solvent_out,hexane,rf_log_interactions,5.890000000000001,1.2124697474747477
hexane:54,hexane:5,hexane,5.0,including_summaries_sensitivity,leave_one_solvent_out,hexane,rf_log_interactions,5.9,1.2124697474747477
hexane:55,hexane:5,hexane,5.0,including_summaries_sensitivity,leave_one_solvent_out,hexane,rf_log_interactions,6.0,1.2124697474747477
hexane:56,hexane:7,hexane,7.0,including_summaries_sensitivity,leave_one_solvent_out,hexane,rf_log_interactions,9.3,1.2162476641414142
hexane:57,hexane:7,hexane,7.0,including_summaries_sensitivity,leave_one_solvent_out,hexane,rf_log_interactions,9.33,1.2162476641414142
hexane:58,hexane:7,hexane,7.0,including_summaries_sensitivity,leave_one_solvent_out,hexane,rf_log_interactions,9.24,1.2162476641414142
hexane:59,hexane:10,hexane,10.0,including_summaries_sensitivity,leave_one_solvent_out,hexane,rf_log_interactions,12.67,1.718983035714285
toluene:2,toluene:0.0025,toluene,0.0025,including_summaries_sensitivity,leave_one_solvent_out,toluene,mean,0.13,1.5656043956043957
toluene:3,toluene:0.005,toluene,0.005,including_summaries_sensitivity,leave_one_solvent_out,toluene,mean,0.09,1.5656043956043957
toluene:4,toluene:0.01,toluene,0.01,including_summaries_sensitivity,leave_one_solvent_out,toluene,mean,0.29,1.5656043956043957
toluene:5,toluene:0.015,toluene,0.015,including_summaries_sensitivity,leave_one_solvent_out,toluene,mean,0.1599999999999999,1.5656043956043957
toluene:6,toluene:0.025,toluene,0.025,including_summaries_sensitivity,leave_one_solvent_out,toluene,mean,0.17,1.5656043956043957
toluene:7,toluene:0.05,toluene,0.05,including_summaries_sensitivity,leave_one_solvent_out,toluene,mean,0.24,1.5656043956043957
toluene:8,toluene:0.1,toluene,0.1,including_summaries_sensitivity,leave_one_solvent_out,toluene,mean,0.38,1.5656043956043957
toluene:9,toluene:0.25,toluene,0.25,including_summaries_sensitivity,leave_one_solvent_out,toluene,mean,0.31,1.5656043956043957
toluene:10,toluene:0.5,toluene,0.5,including_summaries_sensitivity,leave_one_solvent_out,toluene,mean,0.47,1.5656043956043957
toluene:11,toluene:0.9,toluene,0.9,including_summaries_sensitivity,leave_one_solvent_out,toluene,mean,0.44,1.5656043956043957
toluene:12,toluene:1.5,toluene,1.5,including_summaries_sensitivity,leave_one_solvent_out,toluene,mean,0.2599999999999999,1.5656043956043957
toluene:13,toluene:2,toluene,2.0,including_summaries_sensitivity,leave_one_solvent_out,toluene,mean,0.29,1.5656043956043957
toluene:14,toluene:10,toluene,10.0,including_summaries_sensitivity,leave_one_solvent_out,toluene,mean,0.41,1.5656043956043957
toluene:15,toluene:40,toluene,40.0,including_summaries_sensitivity,leave_one_solvent_out,toluene,mean,0.18,1.5656043956043957
toluene:16,toluene:50,toluene,50.0,including_summaries_sensitivity,leave_one_solvent_out,toluene,mean,0.1699999999999999,1.5656043956043957
toluene:17,toluene:0.0025,toluene,0.0025,including_summaries_sensitivity,leave_one_solvent_out,toluene,mean,0.13,1.5656043956043957
toluene:18,toluene:0.0025,toluene,0.0025,including_summaries_sensitivity,leave_one_solvent_out,toluene,mean,0.14,1.5656043956043957
toluene:19,toluene:0.0025,toluene,0.0025,including_summaries_sensitivity,leave_one_solvent_out,toluene,mean,0.14,1.5656043956043957
toluene:20,toluene:0.005,toluene,0.005,including_summaries_sensitivity,leave_one_solvent_out,toluene,mean,0.09,1.5656043956043957
toluene:21,toluene:0.005,toluene,0.005,including_summaries_sensitivity,leave_one_solvent_out,toluene,mean,0.1,1.5656043956043957
toluene:22,toluene:0.005,toluene,0.005,including_summaries_sensitivity,leave_one_solvent_out,toluene,mean,0.09,1.5656043956043957
toluene:23,toluene:0.01,toluene,0.01,including_summaries_sensitivity,leave_one_solvent_out,toluene,mean,0.3,1.5656043956043957
toluene:24,toluene:0.01,toluene,0.01,including_summaries_sensitivity,leave_one_solvent_out,toluene,mean,0.31,1.5656043956043957
toluene:25,toluene:0.01,toluene,0.01,including_summaries_sensitivity,leave_one_solvent_out,toluene,mean,0.24,1.5656043956043957
toluene:26,toluene:0.015,toluene,0.015,including_summaries_sensitivity,leave_one_solvent_out,toluene,mean,0.18,1.5656043956043957
toluene:27,toluene:0.015,toluene,0.015,including_summaries_sensitivity,leave_one_solvent_out,toluene,mean,0.1499999999999999,1.5656043956043957
toluene:28,toluene:0.015,toluene,0.015,including_summaries_sensitivity,leave_one_solvent_out,toluene,mean,0.16,1.5656043956043957
toluene:29,toluene:0.025,toluene,0.025,including_summaries_sensitivity,leave_one_solvent_out,toluene,mean,0.1799999999999999,1.5656043956043957
toluene:30,toluene:0.025,toluene,0.025,including_summaries_sensitivity,leave_one_solvent_out,toluene,mean,0.18,1.5656043956043957
toluene:31,toluene:0.025,toluene,0.025,including_summaries_sensitivity,leave_one_solvent_out,toluene,mean,0.17,1.5656043956043957
toluene:32,toluene:0.05,toluene,0.05,including_summaries_sensitivity,leave_one_solvent_out,toluene,mean,0.3,1.5656043956043957
toluene:33,toluene:0.05,toluene,0.05,including_summaries_sensitivity,leave_one_solvent_out,toluene,mean,0.25,1.5656043956043957
toluene:34,toluene:0.05,toluene,0.05,including_summaries_sensitivity,leave_one_solvent_out,toluene,mean,0.31,1.5656043956043957
toluene:35,toluene:0.1,toluene,0.1,including_summaries_sensitivity,leave_one_solvent_out,toluene,mean,0.15,1.5656043956043957
toluene:36,toluene:0.1,toluene,0.1,including_summaries_sensitivity,leave_one_solvent_out,toluene,mean,0.19,1.5656043956043957
toluene:37,toluene:0.1,toluene,0.1,including_summaries_sensitivity,leave_one_solvent_out,toluene,mean,0.18,1.5656043956043957
toluene:38,toluene:0.25,toluene,0.25,including_summaries_sensitivity,leave_one_solvent_out,toluene,mean,0.26,1.5656043956043957
toluene:39,toluene:0.25,toluene,0.25,including_summaries_sensitivity,leave_one_solvent_out,toluene,mean,0.31,1.5656043956043957
toluene:40,toluene:0.25,toluene,0.25,including_summaries_sensitivity,leave_one_solvent_out,toluene,mean,0.39,1.5656043956043957
toluene:41,toluene:10,toluene,10.0,including_summaries_sensitivity,leave_one_solvent_out,toluene,mean,0.0999999999999999,1.5656043956043957
toluene:42,toluene:10,toluene,10.0,including_summaries_sensitivity,leave_one_solvent_out,toluene,mean,0.0999999999999999,1.5656043956043957
toluene:43,toluene:10,toluene,10.0,including_summaries_sensitivity,leave_one_solvent_out,toluene,mean,0.14,1.5656043956043957
toluene:45,toluene:40,toluene,40.0,including_summaries_sensitivity,leave_one_solvent_out,toluene,mean,0.15,1.5656043956043957
toluene:46,toluene:40,toluene,40.0,including_summaries_sensitivity,leave_one_solvent_out,toluene,mean,0.12,1.5656043956043957
toluene:47,toluene:50,toluene,50.0,including_summaries_sensitivity,leave_one_solvent_out,toluene,mean,0.2099999999999999,1.5656043956043957
toluene:48,toluene:50,toluene,50.0,including_summaries_sensitivity,leave_one_solvent_out,toluene,mean,0.1899999999999999,1.5656043956043957
toluene:49,toluene:50,toluene,50.0,including_summaries_sensitivity,leave_one_solvent_out,toluene,mean,0.1799999999999999,1.5656043956043957
toluene:50,toluene:50,toluene,50.0,including_summaries_sensitivity,leave_one_solvent_out,toluene,mean,0.17,1.5656043956043957
toluene:51,toluene:50,toluene,50.0,including_summaries_sensitivity,leave_one_solvent_out,toluene,mean,0.14,1.5656043956043957
toluene:52,toluene:50,toluene,50.0,including_summaries_sensitivity,leave_one_solvent_out,toluene,mean,0.12,1.5656043956043957
toluene:2,toluene:0.0025,toluene,0.0025,including_summaries_sensitivity,leave_one_solvent_out,toluene,ridge_raw,0.13,0.0
toluene:3,toluene:0.005,toluene,0.005,including_summaries_sensitivity,leave_one_solvent_out,toluene,ridge_raw,0.09,0.0
toluene:4,toluene:0.01,toluene,0.01,including_summaries_sensitivity,leave_one_solvent_out,toluene,ridge_raw,0.29,0.0
toluene:5,toluene:0.015,toluene,0.015,including_summaries_sensitivity,leave_one_solvent_out,toluene,ridge_raw,0.1599999999999999,0.0
toluene:6,toluene:0.025,toluene,0.025,including_summaries_sensitivity,leave_one_solvent_out,toluene,ridge_raw,0.17,0.0
toluene:7,toluene:0.05,toluene,0.05,including_summaries_sensitivity,leave_one_solvent_out,toluene,ridge_raw,0.24,0.0
toluene:8,toluene:0.1,toluene,0.1,including_summaries_sensitivity,leave_one_solvent_out,toluene,ridge_raw,0.38,0.0
toluene:9,toluene:0.25,toluene,0.25,including_summaries_sensitivity,leave_one_solvent_out,toluene,ridge_raw,0.31,0.0
toluene:10,toluene:0.5,toluene,0.5,including_summaries_sensitivity,leave_one_solvent_out,toluene,ridge_raw,0.47,0.0
toluene:11,toluene:0.9,toluene,0.9,including_summaries_sensitivity,leave_one_solvent_out,toluene,ridge_raw,0.44,0.0
toluene:12,toluene:1.5,toluene,1.5,including_summaries_sensitivity,leave_one_solvent_out,toluene,ridge_raw,0.2599999999999999,0.0
toluene:13,toluene:2,toluene,2.0,including_summaries_sensitivity,leave_one_solvent_out,toluene,ridge_raw,0.29,0.0
toluene:14,toluene:10,toluene,10.0,including_summaries_sensitivity,leave_one_solvent_out,toluene,ridge_raw,0.41,3.091876300967608
toluene:15,toluene:40,toluene,40.0,including_summaries_sensitivity,leave_one_solvent_out,toluene,ridge_raw,0.18,22.640069287349217
toluene:16,toluene:50,toluene,50.0,including_summaries_sensitivity,leave_one_solvent_out,toluene,ridge_raw,0.1699999999999999,29.156133616143084
toluene:17,toluene:0.0025,toluene,0.0025,including_summaries_sensitivity,leave_one_solvent_out,toluene,ridge_raw,0.13,0.0
toluene:18,toluene:0.0025,toluene,0.0025,including_summaries_sensitivity,leave_one_solvent_out,toluene,ridge_raw,0.14,0.0
toluene:19,toluene:0.0025,toluene,0.0025,including_summaries_sensitivity,leave_one_solvent_out,toluene,ridge_raw,0.14,0.0
toluene:20,toluene:0.005,toluene,0.005,including_summaries_sensitivity,leave_one_solvent_out,toluene,ridge_raw,0.09,0.0
toluene:21,toluene:0.005,toluene,0.005,including_summaries_sensitivity,leave_one_solvent_out,toluene,ridge_raw,0.1,0.0
toluene:22,toluene:0.005,toluene,0.005,including_summaries_sensitivity,leave_one_solvent_out,toluene,ridge_raw,0.09,0.0
toluene:23,toluene:0.01,toluene,0.01,including_summaries_sensitivity,leave_one_solvent_out,toluene,ridge_raw,0.3,0.0
toluene:24,toluene:0.01,toluene,0.01,including_summaries_sensitivity,leave_one_solvent_out,toluene,ridge_raw,0.31,0.0
toluene:25,toluene:0.01,toluene,0.01,including_summaries_sensitivity,leave_one_solvent_out,toluene,ridge_raw,0.24,0.0
toluene:26,toluene:0.015,toluene,0.015,including_summaries_sensitivity,leave_one_solvent_out,toluene,ridge_raw,0.18,0.0
toluene:27,toluene:0.015,toluene,0.015,including_summaries_sensitivity,leave_one_solvent_out,toluene,ridge_raw,0.1499999999999999,0.0
toluene:28,toluene:0.015,toluene,0.015,including_summaries_sensitivity,leave_one_solvent_out,toluene,ridge_raw,0.16,0.0
toluene:29,toluene:0.025,toluene,0.025,including_summaries_sensitivity,leave_one_solvent_out,toluene,ridge_raw,0.1799999999999999,0.0
toluene:30,toluene:0.025,toluene,0.025,including_summaries_sensitivity,leave_one_solvent_out,toluene,ridge_raw,0.18,0.0
toluene:31,toluene:0.025,toluene,0.025,including_summaries_sensitivity,leave_one_solvent_out,toluene,ridge_raw,0.17,0.0
toluene:32,toluene:0.05,toluene,0.05,including_summaries_sensitivity,leave_one_solvent_out,toluene,ridge_raw,0.3,0.0
toluene:33,toluene:0.05,toluene,0.05,including_summaries_sensitivity,leave_one_solvent_out,toluene,ridge_raw,0.25,0.0
toluene:34,toluene:0.05,toluene,0.05,including_summaries_sensitivity,leave_one_solvent_out,toluene,ridge_raw,0.31,0.0
toluene:35,toluene:0.1,toluene,0.1,including_summaries_sensitivity,leave_one_solvent_out,toluene,ridge_raw,0.15,0.0
toluene:36,toluene:0.1,toluene,0.1,including_summaries_sensitivity,leave_one_solvent_out,toluene,ridge_raw,0.19,0.0
toluene:37,toluene:0.1,toluene,0.1,including_summaries_sensitivity,leave_one_solvent_out,toluene,ridge_raw,0.18,0.0
toluene:38,toluene:0.25,toluene,0.25,including_summaries_sensitivity,leave_one_solvent_out,toluene,ridge_raw,0.26,0.0
toluene:39,toluene:0.25,toluene,0.25,including_summaries_sensitivity,leave_one_solvent_out,toluene,ridge_raw,0.31,0.0
toluene:40,toluene:0.25,toluene,0.25,including_summaries_sensitivity,leave_one_solvent_out,toluene,ridge_raw,0.39,0.0
toluene:41,toluene:10,toluene,10.0,including_summaries_sensitivity,leave_one_solvent_out,toluene,ridge_raw,0.0999999999999999,3.091876300967608
toluene:42,toluene:10,toluene,10.0,including_summaries_sensitivity,leave_one_solvent_out,toluene,ridge_raw,0.0999999999999999,3.091876300967608
toluene:43,toluene:10,toluene,10.0,including_summaries_sensitivity,leave_one_solvent_out,toluene,ridge_raw,0.14,3.091876300967608
toluene:45,toluene:40,toluene,40.0,including_summaries_sensitivity,leave_one_solvent_out,toluene,ridge_raw,0.15,22.640069287349217
toluene:46,toluene:40,toluene,40.0,including_summaries_sensitivity,leave_one_solvent_out,toluene,ridge_raw,0.12,22.640069287349217
toluene:47,toluene:50,toluene,50.0,including_summaries_sensitivity,leave_one_solvent_out,toluene,ridge_raw,0.2099999999999999,29.156133616143084
toluene:48,toluene:50,toluene,50.0,including_summaries_sensitivity,leave_one_solvent_out,toluene,ridge_raw,0.1899999999999999,29.156133616143084
toluene:49,toluene:50,toluene,50.0,including_summaries_sensitivity,leave_one_solvent_out,toluene,ridge_raw,0.1799999999999999,29.156133616143084
toluene:50,toluene:50,toluene,50.0,including_summaries_sensitivity,leave_one_solvent_out,toluene,ridge_raw,0.17,29.156133616143084
toluene:51,toluene:50,toluene,50.0,including_summaries_sensitivity,leave_one_solvent_out,toluene,ridge_raw,0.14,29.156133616143084
toluene:52,toluene:50,toluene,50.0,including_summaries_sensitivity,leave_one_solvent_out,toluene,ridge_raw,0.12,29.156133616143084
toluene:2,toluene:0.0025,toluene,0.0025,including_summaries_sensitivity,leave_one_solvent_out,toluene,ridge_log_interactions,0.13,0.4287061309849171
toluene:3,toluene:0.005,toluene,0.005,including_summaries_sensitivity,leave_one_solvent_out,toluene,ridge_log_interactions,0.09,0.4353704114805412
toluene:4,toluene:0.01,toluene,0.01,including_summaries_sensitivity,leave_one_solvent_out,toluene,ridge_log_interactions,0.29,0.448649382832966
toluene:5,toluene:0.015,toluene,0.015,including_summaries_sensitivity,leave_one_solvent_out,toluene,ridge_log_interactions,0.1599999999999999,0.4618627787510305
toluene:6,toluene:0.025,toluene,0.025,including_summaries_sensitivity,leave_one_solvent_out,toluene,ridge_log_interactions,0.17,0.4880954127492221
toluene:7,toluene:0.05,toluene,0.05,including_summaries_sensitivity,leave_one_solvent_out,toluene,ridge_log_interactions,0.24,0.5525734058740819
toluene:8,toluene:0.1,toluene,0.1,including_summaries_sensitivity,leave_one_solvent_out,toluene,ridge_log_interactions,0.38,0.677047348317322
toluene:9,toluene:0.25,toluene,0.25,including_summaries_sensitivity,leave_one_solvent_out,toluene,ridge_log_interactions,0.31,1.0190920254414586
toluene:10,toluene:0.5,toluene,0.5,including_summaries_sensitivity,leave_one_solvent_out,toluene,ridge_log_interactions,0.47,1.506931134195122
toluene:11,toluene:0.9,toluene,0.9,including_summaries_sensitivity,leave_one_solvent_out,toluene,ridge_log_interactions,0.44,2.1394382981205973
toluene:12,toluene:1.5,toluene,1.5,including_summaries_sensitivity,leave_one_solvent_out,toluene,ridge_log_interactions,0.2599999999999999,2.873750951931552
toluene:13,toluene:2,toluene,2.0,including_summaries_sensitivity,leave_one_solvent_out,toluene,ridge_log_interactions,0.29,3.361590060685215
toluene:14,toluene:10,toluene,10.0,including_summaries_sensitivity,leave_one_solvent_out,toluene,ridge_log_interactions,0.41,6.838090942658396
toluene:15,toluene:40,toluene,40.0,including_summaries_sensitivity,leave_one_solvent_out,toluene,ridge_log_interactions,0.18,10.35845686007048
toluene:16,toluene:50,toluene,50.0,including_summaries_sensitivity,leave_one_solvent_out,toluene,ridge_log_interactions,0.1699999999999999,10.942439505906712
toluene:17,toluene:0.0025,toluene,0.0025,including_summaries_sensitivity,leave_one_solvent_out,toluene,ridge_log_interactions,0.13,0.4287061309849171
toluene:18,toluene:0.0025,toluene,0.0025,including_summaries_sensitivity,leave_one_solvent_out,toluene,ridge_log_interactions,0.14,0.4287061309849171
toluene:19,toluene:0.0025,toluene,0.0025,including_summaries_sensitivity,leave_one_solvent_out,toluene,ridge_log_interactions,0.14,0.4287061309849171
toluene:20,toluene:0.005,toluene,0.005,including_summaries_sensitivity,leave_one_solvent_out,toluene,ridge_log_interactions,0.09,0.4353704114805412
toluene:21,toluene:0.005,toluene,0.005,including_summaries_sensitivity,leave_one_solvent_out,toluene,ridge_log_interactions,0.1,0.4353704114805412
toluene:22,toluene:0.005,toluene,0.005,including_summaries_sensitivity,leave_one_solvent_out,toluene,ridge_log_interactions,0.09,0.4353704114805412
toluene:23,toluene:0.01,toluene,0.01,including_summaries_sensitivity,leave_one_solvent_out,toluene,ridge_log_interactions,0.3,0.448649382832966
toluene:24,toluene:0.01,toluene,0.01,including_summaries_sensitivity,leave_one_solvent_out,toluene,ridge_log_interactions,0.31,0.448649382832966
toluene:25,toluene:0.01,toluene,0.01,including_summaries_sensitivity,leave_one_solvent_out,toluene,ridge_log_interactions,0.24,0.448649382832966
toluene:26,toluene:0.015,toluene,0.015,including_summaries_sensitivity,leave_one_solvent_out,toluene,ridge_log_interactions,0.18,0.4618627787510305
toluene:27,toluene:0.015,toluene,0.015,including_summaries_sensitivity,leave_one_solvent_out,toluene,ridge_log_interactions,0.1499999999999999,0.4618627787510305
toluene:28,toluene:0.015,toluene,0.015,including_summaries_sensitivity,leave_one_solvent_out,toluene,ridge_log_interactions,0.16,0.4618627787510305
toluene:29,toluene:0.025,toluene,0.025,including_summaries_sensitivity,leave_one_solvent_out,toluene,ridge_log_interactions,0.1799999999999999,0.4880954127492221
toluene:30,toluene:0.025,toluene,0.025,including_summaries_sensitivity,leave_one_solvent_out,toluene,ridge_log_interactions,0.18,0.4880954127492221
toluene:31,toluene:0.025,toluene,0.025,including_summaries_sensitivity,leave_one_solvent_out,toluene,ridge_log_interactions,0.17,0.4880954127492221
toluene:32,toluene:0.05,toluene,0.05,including_summaries_sensitivity,leave_one_solvent_out,toluene,ridge_log_interactions,0.3,0.5525734058740819
toluene:33,toluene:0.05,toluene,0.05,including_summaries_sensitivity,leave_one_solvent_out,toluene,ridge_log_interactions,0.25,0.5525734058740819
toluene:34,toluene:0.05,toluene,0.05,including_summaries_sensitivity,leave_one_solvent_out,toluene,ridge_log_interactions,0.31,0.5525734058740819
toluene:35,toluene:0.1,toluene,0.1,including_summaries_sensitivity,leave_one_solvent_out,toluene,ridge_log_interactions,0.15,0.677047348317322
toluene:36,toluene:0.1,toluene,0.1,including_summaries_sensitivity,leave_one_solvent_out,toluene,ridge_log_interactions,0.19,0.677047348317322
toluene:37,toluene:0.1,toluene,0.1,including_summaries_sensitivity,leave_one_solvent_out,toluene,ridge_log_interactions,0.18,0.677047348317322
toluene:38,toluene:0.25,toluene,0.25,including_summaries_sensitivity,leave_one_solvent_out,toluene,ridge_log_interactions,0.26,1.0190920254414586
toluene:39,toluene:0.25,toluene,0.25,including_summaries_sensitivity,leave_one_solvent_out,toluene,ridge_log_interactions,0.31,1.0190920254414586
toluene:40,toluene:0.25,toluene,0.25,including_summaries_sensitivity,leave_one_solvent_out,toluene,ridge_log_interactions,0.39,1.0190920254414586
toluene:41,toluene:10,toluene,10.0,including_summaries_sensitivity,leave_one_solvent_out,toluene,ridge_log_interactions,0.0999999999999999,6.838090942658396
toluene:42,toluene:10,toluene,10.0,including_summaries_sensitivity,leave_one_solvent_out,toluene,ridge_log_interactions,0.0999999999999999,6.838090942658396
toluene:43,toluene:10,toluene,10.0,including_summaries_sensitivity,leave_one_solvent_out,toluene,ridge_log_interactions,0.14,6.838090942658396
toluene:45,toluene:40,toluene,40.0,including_summaries_sensitivity,leave_one_solvent_out,toluene,ridge_log_interactions,0.15,10.35845686007048
toluene:46,toluene:40,toluene,40.0,including_summaries_sensitivity,leave_one_solvent_out,toluene,ridge_log_interactions,0.12,10.35845686007048
toluene:47,toluene:50,toluene,50.0,including_summaries_sensitivity,leave_one_solvent_out,toluene,ridge_log_interactions,0.2099999999999999,10.942439505906712
toluene:48,toluene:50,toluene,50.0,including_summaries_sensitivity,leave_one_solvent_out,toluene,ridge_log_interactions,0.1899999999999999,10.942439505906712
toluene:49,toluene:50,toluene,50.0,including_summaries_sensitivity,leave_one_solvent_out,toluene,ridge_log_interactions,0.1799999999999999,10.942439505906712
toluene:50,toluene:50,toluene,50.0,including_summaries_sensitivity,leave_one_solvent_out,toluene,ridge_log_interactions,0.17,10.942439505906712
toluene:51,toluene:50,toluene,50.0,including_summaries_sensitivity,leave_one_solvent_out,toluene,ridge_log_interactions,0.14,10.942439505906712
toluene:52,toluene:50,toluene,50.0,including_summaries_sensitivity,leave_one_solvent_out,toluene,ridge_log_interactions,0.12,10.942439505906712
toluene:2,toluene:0.0025,toluene,0.0025,including_summaries_sensitivity,leave_one_solvent_out,toluene,rf_raw,0.13,0.0740519115606615
toluene:3,toluene:0.005,toluene,0.005,including_summaries_sensitivity,leave_one_solvent_out,toluene,rf_raw,0.09,0.0740519115606615
toluene:4,toluene:0.01,toluene,0.01,including_summaries_sensitivity,leave_one_solvent_out,toluene,rf_raw,0.29,0.0740519115606615
toluene:5,toluene:0.015,toluene,0.015,including_summaries_sensitivity,leave_one_solvent_out,toluene,rf_raw,0.1599999999999999,0.0740519115606615
toluene:6,toluene:0.025,toluene,0.025,including_summaries_sensitivity,leave_one_solvent_out,toluene,rf_raw,0.17,0.0740519115606615
toluene:7,toluene:0.05,toluene,0.05,including_summaries_sensitivity,leave_one_solvent_out,toluene,rf_raw,0.24,0.1560081535866094
toluene:8,toluene:0.1,toluene,0.1,including_summaries_sensitivity,leave_one_solvent_out,toluene,rf_raw,0.38,0.4031333856421354
toluene:9,toluene:0.25,toluene,0.25,including_summaries_sensitivity,leave_one_solvent_out,toluene,rf_raw,0.31,0.6085581185481186
toluene:10,toluene:0.5,toluene,0.5,including_summaries_sensitivity,leave_one_solvent_out,toluene,rf_raw,0.47,1.0158080555555549
toluene:11,toluene:0.9,toluene,0.9,including_summaries_sensitivity,leave_one_solvent_out,toluene,rf_raw,0.44,0.9914559722222231
toluene:12,toluene:1.5,toluene,1.5,including_summaries_sensitivity,leave_one_solvent_out,toluene,rf_raw,0.2599999999999999,1.6014776190476194
toluene:13,toluene:2,toluene,2.0,including_summaries_sensitivity,leave_one_solvent_out,toluene,rf_raw,0.29,1.8804847420634936
toluene:14,toluene:10,toluene,10.0,including_summaries_sensitivity,leave_one_solvent_out,toluene,rf_raw,0.41,5.429677440476194
toluene:15,toluene:40,toluene,40.0,including_summaries_sensitivity,leave_one_solvent_out,toluene,rf_raw,0.18,5.429677440476194
toluene:16,toluene:50,toluene,50.0,including_summaries_sensitivity,leave_one_solvent_out,toluene,rf_raw,0.1699999999999999,5.429677440476194
toluene:17,toluene:0.0025,toluene,0.0025,including_summaries_sensitivity,leave_one_solvent_out,toluene,rf_raw,0.13,0.0740519115606615
toluene:18,toluene:0.0025,toluene,0.0025,including_summaries_sensitivity,leave_one_solvent_out,toluene,rf_raw,0.14,0.0740519115606615
toluene:19,toluene:0.0025,toluene,0.0025,including_summaries_sensitivity,leave_one_solvent_out,toluene,rf_raw,0.14,0.0740519115606615
toluene:20,toluene:0.005,toluene,0.005,including_summaries_sensitivity,leave_one_solvent_out,toluene,rf_raw,0.09,0.0740519115606615
toluene:21,toluene:0.005,toluene,0.005,including_summaries_sensitivity,leave_one_solvent_out,toluene,rf_raw,0.1,0.0740519115606615
toluene:22,toluene:0.005,toluene,0.005,including_summaries_sensitivity,leave_one_solvent_out,toluene,rf_raw,0.09,0.0740519115606615
toluene:23,toluene:0.01,toluene,0.01,including_summaries_sensitivity,leave_one_solvent_out,toluene,rf_raw,0.3,0.0740519115606615
toluene:24,toluene:0.01,toluene,0.01,including_summaries_sensitivity,leave_one_solvent_out,toluene,rf_raw,0.31,0.0740519115606615
toluene:25,toluene:0.01,toluene,0.01,including_summaries_sensitivity,leave_one_solvent_out,toluene,rf_raw,0.24,0.0740519115606615
toluene:26,toluene:0.015,toluene,0.015,including_summaries_sensitivity,leave_one_solvent_out,toluene,rf_raw,0.18,0.0740519115606615
toluene:27,toluene:0.015,toluene,0.015,including_summaries_sensitivity,leave_one_solvent_out,toluene,rf_raw,0.1499999999999999,0.0740519115606615
toluene:28,toluene:0.015,toluene,0.015,including_summaries_sensitivity,leave_one_solvent_out,toluene,rf_raw,0.16,0.0740519115606615
toluene:29,toluene:0.025,toluene,0.025,including_summaries_sensitivity,leave_one_solvent_out,toluene,rf_raw,0.1799999999999999,0.0740519115606615
toluene:30,toluene:0.025,toluene,0.025,including_summaries_sensitivity,leave_one_solvent_out,toluene,rf_raw,0.18,0.0740519115606615
toluene:31,toluene:0.025,toluene,0.025,including_summaries_sensitivity,leave_one_solvent_out,toluene,rf_raw,0.17,0.0740519115606615
toluene:32,toluene:0.05,toluene,0.05,including_summaries_sensitivity,leave_one_solvent_out,toluene,rf_raw,0.3,0.1560081535866094
toluene:33,toluene:0.05,toluene,0.05,including_summaries_sensitivity,leave_one_solvent_out,toluene,rf_raw,0.25,0.1560081535866094
toluene:34,toluene:0.05,toluene,0.05,including_summaries_sensitivity,leave_one_solvent_out,toluene,rf_raw,0.31,0.1560081535866094
toluene:35,toluene:0.1,toluene,0.1,including_summaries_sensitivity,leave_one_solvent_out,toluene,rf_raw,0.15,0.4031333856421354
toluene:36,toluene:0.1,toluene,0.1,including_summaries_sensitivity,leave_one_solvent_out,toluene,rf_raw,0.19,0.4031333856421354
toluene:37,toluene:0.1,toluene,0.1,including_summaries_sensitivity,leave_one_solvent_out,toluene,rf_raw,0.18,0.4031333856421354
toluene:38,toluene:0.25,toluene,0.25,including_summaries_sensitivity,leave_one_solvent_out,toluene,rf_raw,0.26,0.6085581185481186
toluene:39,toluene:0.25,toluene,0.25,including_summaries_sensitivity,leave_one_solvent_out,toluene,rf_raw,0.31,0.6085581185481186
toluene:40,toluene:0.25,toluene,0.25,including_summaries_sensitivity,leave_one_solvent_out,toluene,rf_raw,0.39,0.6085581185481186
toluene:41,toluene:10,toluene,10.0,including_summaries_sensitivity,leave_one_solvent_out,toluene,rf_raw,0.0999999999999999,5.429677440476194
toluene:42,toluene:10,toluene,10.0,including_summaries_sensitivity,leave_one_solvent_out,toluene,rf_raw,0.0999999999999999,5.429677440476194
toluene:43,toluene:10,toluene,10.0,including_summaries_sensitivity,leave_one_solvent_out,toluene,rf_raw,0.14,5.429677440476194
toluene:45,toluene:40,toluene,40.0,including_summaries_sensitivity,leave_one_solvent_out,toluene,rf_raw,0.15,5.429677440476194
toluene:46,toluene:40,toluene,40.0,including_summaries_sensitivity,leave_one_solvent_out,toluene,rf_raw,0.12,5.429677440476194
toluene:47,toluene:50,toluene,50.0,including_summaries_sensitivity,leave_one_solvent_out,toluene,rf_raw,0.2099999999999999,5.429677440476194
toluene:48,toluene:50,toluene,50.0,including_summaries_sensitivity,leave_one_solvent_out,toluene,rf_raw,0.1899999999999999,5.429677440476194
toluene:49,toluene:50,toluene,50.0,including_summaries_sensitivity,leave_one_solvent_out,toluene,rf_raw,0.1799999999999999,5.429677440476194
toluene:50,toluene:50,toluene,50.0,including_summaries_sensitivity,leave_one_solvent_out,toluene,rf_raw,0.17,5.429677440476194
toluene:51,toluene:50,toluene,50.0,including_summaries_sensitivity,leave_one_solvent_out,toluene,rf_raw,0.14,5.429677440476194
toluene:52,toluene:50,toluene,50.0,including_summaries_sensitivity,leave_one_solvent_out,toluene,rf_raw,0.12,5.429677440476194
toluene:2,toluene:0.0025,toluene,0.0025,including_summaries_sensitivity,leave_one_solvent_out,toluene,rf_log_interactions,0.13,0.0739919115606615
toluene:3,toluene:0.005,toluene,0.005,including_summaries_sensitivity,leave_one_solvent_out,toluene,rf_log_interactions,0.09,0.0739919115606615
toluene:4,toluene:0.01,toluene,0.01,including_summaries_sensitivity,leave_one_solvent_out,toluene,rf_log_interactions,0.29,0.0739919115606615
toluene:5,toluene:0.015,toluene,0.015,including_summaries_sensitivity,leave_one_solvent_out,toluene,rf_log_interactions,0.1599999999999999,0.0739919115606615
toluene:6,toluene:0.025,toluene,0.025,including_summaries_sensitivity,leave_one_solvent_out,toluene,rf_log_interactions,0.17,0.1096673124098123
toluene:7,toluene:0.05,toluene,0.05,including_summaries_sensitivity,leave_one_solvent_out,toluene,rf_log_interactions,0.24,0.2396172655122655
toluene:8,toluene:0.1,toluene,0.1,including_summaries_sensitivity,leave_one_solvent_out,toluene,rf_log_interactions,0.38,0.5020608577533573
toluene:9,toluene:0.25,toluene,0.25,including_summaries_sensitivity,leave_one_solvent_out,toluene,rf_log_interactions,0.31,0.7005925609113112
toluene:10,toluene:0.5,toluene,0.5,including_summaries_sensitivity,leave_one_solvent_out,toluene,rf_log_interactions,0.47,0.9360784920634916
toluene:11,toluene:0.9,toluene,0.9,including_summaries_sensitivity,leave_one_solvent_out,toluene,rf_log_interactions,0.44,2.174893452380953
toluene:12,toluene:1.5,toluene,1.5,including_summaries_sensitivity,leave_one_solvent_out,toluene,rf_log_interactions,0.2599999999999999,2.407715178571428
toluene:13,toluene:2,toluene,2.0,including_summaries_sensitivity,leave_one_solvent_out,toluene,rf_log_interactions,0.29,2.6086459126984143
toluene:14,toluene:10,toluene,10.0,including_summaries_sensitivity,leave_one_solvent_out,toluene,rf_log_interactions,0.41,8.601007577561326
toluene:15,toluene:40,toluene,40.0,including_summaries_sensitivity,leave_one_solvent_out,toluene,rf_log_interactions,0.18,9.436496327561326
toluene:16,toluene:50,toluene,50.0,including_summaries_sensitivity,leave_one_solvent_out,toluene,rf_log_interactions,0.1699999999999999,9.436496327561326
toluene:17,toluene:0.0025,toluene,0.0025,including_summaries_sensitivity,leave_one_solvent_out,toluene,rf_log_interactions,0.13,0.0739919115606615
toluene:18,toluene:0.0025,toluene,0.0025,including_summaries_sensitivity,leave_one_solvent_out,toluene,rf_log_interactions,0.14,0.0739919115606615
toluene:19,toluene:0.0025,toluene,0.0025,including_summaries_sensitivity,leave_one_solvent_out,toluene,rf_log_interactions,0.14,0.0739919115606615
toluene:20,toluene:0.005,toluene,0.005,including_summaries_sensitivity,leave_one_solvent_out,toluene,rf_log_interactions,0.09,0.0739919115606615
toluene:21,toluene:0.005,toluene,0.005,including_summaries_sensitivity,leave_one_solvent_out,toluene,rf_log_interactions,0.1,0.0739919115606615
toluene:22,toluene:0.005,toluene,0.005,including_summaries_sensitivity,leave_one_solvent_out,toluene,rf_log_interactions,0.09,0.0739919115606615
toluene:23,toluene:0.01,toluene,0.01,including_summaries_sensitivity,leave_one_solvent_out,toluene,rf_log_interactions,0.3,0.0739919115606615
toluene:24,toluene:0.01,toluene,0.01,including_summaries_sensitivity,leave_one_solvent_out,toluene,rf_log_interactions,0.31,0.0739919115606615
toluene:25,toluene:0.01,toluene,0.01,including_summaries_sensitivity,leave_one_solvent_out,toluene,rf_log_interactions,0.24,0.0739919115606615
toluene:26,toluene:0.015,toluene,0.015,including_summaries_sensitivity,leave_one_solvent_out,toluene,rf_log_interactions,0.18,0.0739919115606615
toluene:27,toluene:0.015,toluene,0.015,including_summaries_sensitivity,leave_one_solvent_out,toluene,rf_log_interactions,0.1499999999999999,0.0739919115606615
toluene:28,toluene:0.015,toluene,0.015,including_summaries_sensitivity,leave_one_solvent_out,toluene,rf_log_interactions,0.16,0.0739919115606615
toluene:29,toluene:0.025,toluene,0.025,including_summaries_sensitivity,leave_one_solvent_out,toluene,rf_log_interactions,0.1799999999999999,0.1096673124098123
toluene:30,toluene:0.025,toluene,0.025,including_summaries_sensitivity,leave_one_solvent_out,toluene,rf_log_interactions,0.18,0.1096673124098123
toluene:31,toluene:0.025,toluene,0.025,including_summaries_sensitivity,leave_one_solvent_out,toluene,rf_log_interactions,0.17,0.1096673124098123
toluene:32,toluene:0.05,toluene,0.05,including_summaries_sensitivity,leave_one_solvent_out,toluene,rf_log_interactions,0.3,0.2396172655122655
toluene:33,toluene:0.05,toluene,0.05,including_summaries_sensitivity,leave_one_solvent_out,toluene,rf_log_interactions,0.25,0.2396172655122655
toluene:34,toluene:0.05,toluene,0.05,including_summaries_sensitivity,leave_one_solvent_out,toluene,rf_log_interactions,0.31,0.2396172655122655
toluene:35,toluene:0.1,toluene,0.1,including_summaries_sensitivity,leave_one_solvent_out,toluene,rf_log_interactions,0.15,0.5020608577533573
toluene:36,toluene:0.1,toluene,0.1,including_summaries_sensitivity,leave_one_solvent_out,toluene,rf_log_interactions,0.19,0.5020608577533573
toluene:37,toluene:0.1,toluene,0.1,including_summaries_sensitivity,leave_one_solvent_out,toluene,rf_log_interactions,0.18,0.5020608577533573
toluene:38,toluene:0.25,toluene,0.25,including_summaries_sensitivity,leave_one_solvent_out,toluene,rf_log_interactions,0.26,0.7005925609113112
toluene:39,toluene:0.25,toluene,0.25,including_summaries_sensitivity,leave_one_solvent_out,toluene,rf_log_interactions,0.31,0.7005925609113112
toluene:40,toluene:0.25,toluene,0.25,including_summaries_sensitivity,leave_one_solvent_out,toluene,rf_log_interactions,0.39,0.7005925609113112
toluene:41,toluene:10,toluene,10.0,including_summaries_sensitivity,leave_one_solvent_out,toluene,rf_log_interactions,0.0999999999999999,8.601007577561326
toluene:42,toluene:10,toluene,10.0,including_summaries_sensitivity,leave_one_solvent_out,toluene,rf_log_interactions,0.0999999999999999,8.601007577561326
toluene:43,toluene:10,toluene,10.0,including_summaries_sensitivity,leave_one_solvent_out,toluene,rf_log_interactions,0.14,8.601007577561326
toluene:45,toluene:40,toluene,40.0,including_summaries_sensitivity,leave_one_solvent_out,toluene,rf_log_interactions,0.15,9.436496327561326
toluene:46,toluene:40,toluene,40.0,including_summaries_sensitivity,leave_one_solvent_out,toluene,rf_log_interactions,0.12,9.436496327561326
toluene:47,toluene:50,toluene,50.0,including_summaries_sensitivity,leave_one_solvent_out,toluene,rf_log_interactions,0.2099999999999999,9.436496327561326
toluene:48,toluene:50,toluene,50.0,including_summaries_sensitivity,leave_one_solvent_out,toluene,rf_log_interactions,0.1899999999999999,9.436496327561326
toluene:49,toluene:50,toluene,50.0,including_summaries_sensitivity,leave_one_solvent_out,toluene,rf_log_interactions,0.1799999999999999,9.436496327561326
toluene:50,toluene:50,toluene,50.0,including_summaries_sensitivity,leave_one_solvent_out,toluene,rf_log_interactions,0.17,9.436496327561326
toluene:51,toluene:50,toluene,50.0,including_summaries_sensitivity,leave_one_solvent_out,toluene,rf_log_interactions,0.14,9.436496327561326
toluene:52,toluene:50,toluene,50.0,including_summaries_sensitivity,leave_one_solvent_out,toluene,rf_log_interactions,0.12,9.436496327561326
hexane:2,hexane:0.02,hexane,0.02,including_summaries_sensitivity,ood_low_concentration,low,mean,0.0399999999999999,1.443939393939394
hexane:3,hexane:0.02,hexane,0.02,including_summaries_sensitivity,ood_low_concentration,low,mean,0.0599999999999999,1.443939393939394
hexane:4,hexane:0.02,hexane,0.02,including_summaries_sensitivity,ood_low_concentration,low,mean,0.0499999999999999,1.443939393939394
hexane:5,hexane:0.02,hexane,0.02,including_summaries_sensitivity,ood_low_concentration,low,mean,0.0899999999999999,1.443939393939394
hexane:6,hexane:0.02,hexane,0.02,including_summaries_sensitivity,ood_low_concentration,low,mean,0.1099999999999999,1.443939393939394
hexane:7,hexane:0.02,hexane,0.02,including_summaries_sensitivity,ood_low_concentration,low,mean,0.09,1.443939393939394
hexane:8,hexane:0.05,hexane,0.05,including_summaries_sensitivity,ood_low_concentration,low,mean,0.14,1.443939393939394
hexane:9,hexane:0.05,hexane,0.05,including_summaries_sensitivity,ood_low_concentration,low,mean,0.18,1.443939393939394
hexane:10,hexane:0.05,hexane,0.05,including_summaries_sensitivity,ood_low_concentration,low,mean,0.14,1.443939393939394
hexane:11,hexane:0.05,hexane,0.05,including_summaries_sensitivity,ood_low_concentration,low,mean,0.15,1.443939393939394
hexane:12,hexane:0.05,hexane,0.05,including_summaries_sensitivity,ood_low_concentration,low,mean,0.1499999999999999,1.443939393939394
hexane:13,hexane:0.05,hexane,0.05,including_summaries_sensitivity,ood_low_concentration,low,mean,0.1699999999999999,1.443939393939394
hexane:14,hexane:0.07,hexane,0.07,including_summaries_sensitivity,ood_low_concentration,low,mean,0.13,1.443939393939394
hexane:15,hexane:0.07,hexane,0.07,including_summaries_sensitivity,ood_low_concentration,low,mean,0.1499999999999999,1.443939393939394
hexane:16,hexane:0.07,hexane,0.07,including_summaries_sensitivity,ood_low_concentration,low,mean,0.1399999999999999,1.443939393939394
hexane:17,hexane:0.07,hexane,0.07,including_summaries_sensitivity,ood_low_concentration,low,mean,0.23,1.443939393939394
hexane:18,hexane:0.07,hexane,0.07,including_summaries_sensitivity,ood_low_concentration,low,mean,0.21,1.443939393939394
hexane:19,hexane:0.07,hexane,0.07,including_summaries_sensitivity,ood_low_concentration,low,mean,0.2199999999999999,1.443939393939394
hexane:20,hexane:0.09,hexane,0.09,including_summaries_sensitivity,ood_low_concentration,low,mean,0.3399999999999999,1.443939393939394
hexane:21,hexane:0.09,hexane,0.09,including_summaries_sensitivity,ood_low_concentration,low,mean,0.3199999999999999,1.443939393939394
hexane:22,hexane:0.09,hexane,0.09,including_summaries_sensitivity,ood_low_concentration,low,mean,0.3299999999999999,1.443939393939394
toluene:2,toluene:0.0025,toluene,0.0025,including_summaries_sensitivity,ood_low_concentration,low,mean,0.13,1.443939393939394
toluene:3,toluene:0.005,toluene,0.005,including_summaries_sensitivity,ood_low_concentration,low,mean,0.09,1.443939393939394
toluene:4,toluene:0.01,toluene,0.01,including_summaries_sensitivity,ood_low_concentration,low,mean,0.29,1.443939393939394
toluene:17,toluene:0.0025,toluene,0.0025,including_summaries_sensitivity,ood_low_concentration,low,mean,0.13,1.443939393939394
toluene:18,toluene:0.0025,toluene,0.0025,including_summaries_sensitivity,ood_low_concentration,low,mean,0.14,1.443939393939394
toluene:19,toluene:0.0025,toluene,0.0025,including_summaries_sensitivity,ood_low_concentration,low,mean,0.14,1.443939393939394
toluene:20,toluene:0.005,toluene,0.005,including_summaries_sensitivity,ood_low_concentration,low,mean,0.09,1.443939393939394
toluene:21,toluene:0.005,toluene,0.005,including_summaries_sensitivity,ood_low_concentration,low,mean,0.1,1.443939393939394
toluene:22,toluene:0.005,toluene,0.005,including_summaries_sensitivity,ood_low_concentration,low,mean,0.09,1.443939393939394
toluene:23,toluene:0.01,toluene,0.01,including_summaries_sensitivity,ood_low_concentration,low,mean,0.3,1.443939393939394
toluene:24,toluene:0.01,toluene,0.01,including_summaries_sensitivity,ood_low_concentration,low,mean,0.31,1.443939393939394
toluene:25,toluene:0.01,toluene,0.01,including_summaries_sensitivity,ood_low_concentration,low,mean,0.24,1.443939393939394
ethyl_acetate:2,ethyl_acetate:0.1,ethyl_acetate,0.1,including_summaries_sensitivity,ood_low_concentration,low,mean,0.53,1.443939393939394
ethyl_acetate:3,ethyl_acetate:0.1,ethyl_acetate,0.1,including_summaries_sensitivity,ood_low_concentration,low,mean,0.54,1.443939393939394
ethyl_acetate:4,ethyl_acetate:0.1,ethyl_acetate,0.1,including_summaries_sensitivity,ood_low_concentration,low,mean,0.54,1.443939393939394
ethyl_acetate:5,ethyl_acetate:0.15,ethyl_acetate,0.15,including_summaries_sensitivity,ood_low_concentration,low,mean,0.6699999999999999,1.443939393939394
ethyl_acetate:6,ethyl_acetate:0.15,ethyl_acetate,0.15,including_summaries_sensitivity,ood_low_concentration,low,mean,0.6499999999999999,1.443939393939394
ethyl_acetate:7,ethyl_acetate:0.15,ethyl_acetate,0.15,including_summaries_sensitivity,ood_low_concentration,low,mean,0.71,1.443939393939394
ethyl_acetate:14,ethyl_acetate:0.1,ethyl_acetate,0.1,including_summaries_sensitivity,ood_low_concentration,low,mean,0.26,1.443939393939394
ethyl_acetate:15,ethyl_acetate:0.1,ethyl_acetate,0.1,including_summaries_sensitivity,ood_low_concentration,low,mean,0.31,1.443939393939394
ethyl_acetate:16,ethyl_acetate:0.1,ethyl_acetate,0.1,including_summaries_sensitivity,ood_low_concentration,low,mean,0.33,1.443939393939394
hexane:2,hexane:0.02,hexane,0.02,including_summaries_sensitivity,ood_low_concentration,low,ridge_raw,0.0399999999999999,2.7732542980275303
hexane:3,hexane:0.02,hexane,0.02,including_summaries_sensitivity,ood_low_concentration,low,ridge_raw,0.0599999999999999,2.7732542980275303
hexane:4,hexane:0.02,hexane,0.02,including_summaries_sensitivity,ood_low_concentration,low,ridge_raw,0.0499999999999999,2.7732542980275303
hexane:5,hexane:0.02,hexane,0.02,including_summaries_sensitivity,ood_low_concentration,low,ridge_raw,0.0899999999999999,2.7732542980275303
hexane:6,hexane:0.02,hexane,0.02,including_summaries_sensitivity,ood_low_concentration,low,ridge_raw,0.1099999999999999,2.7732542980275303
hexane:7,hexane:0.02,hexane,0.02,including_summaries_sensitivity,ood_low_concentration,low,ridge_raw,0.09,2.7732542980275303
hexane:8,hexane:0.05,hexane,0.05,including_summaries_sensitivity,ood_low_concentration,low,ridge_raw,0.14,2.7737100304430102
hexane:9,hexane:0.05,hexane,0.05,including_summaries_sensitivity,ood_low_concentration,low,ridge_raw,0.18,2.7737100304430102
hexane:10,hexane:0.05,hexane,0.05,including_summaries_sensitivity,ood_low_concentration,low,ridge_raw,0.14,2.7737100304430102
hexane:11,hexane:0.05,hexane,0.05,including_summaries_sensitivity,ood_low_concentration,low,ridge_raw,0.15,2.7737100304430102
hexane:12,hexane:0.05,hexane,0.05,including_summaries_sensitivity,ood_low_concentration,low,ridge_raw,0.1499999999999999,2.7737100304430102
hexane:13,hexane:0.05,hexane,0.05,including_summaries_sensitivity,ood_low_concentration,low,ridge_raw,0.1699999999999999,2.7737100304430102
hexane:14,hexane:0.07,hexane,0.07,including_summaries_sensitivity,ood_low_concentration,low,ridge_raw,0.13,2.7740138520533297
hexane:15,hexane:0.07,hexane,0.07,including_summaries_sensitivity,ood_low_concentration,low,ridge_raw,0.1499999999999999,2.7740138520533297
hexane:16,hexane:0.07,hexane,0.07,including_summaries_sensitivity,ood_low_concentration,low,ridge_raw,0.1399999999999999,2.7740138520533297
hexane:17,hexane:0.07,hexane,0.07,including_summaries_sensitivity,ood_low_concentration,low,ridge_raw,0.23,2.7740138520533297
hexane:18,hexane:0.07,hexane,0.07,including_summaries_sensitivity,ood_low_concentration,low,ridge_raw,0.21,2.7740138520533297
hexane:19,hexane:0.07,hexane,0.07,including_summaries_sensitivity,ood_low_concentration,low,ridge_raw,0.2199999999999999,2.7740138520533297
hexane:20,hexane:0.09,hexane,0.09,including_summaries_sensitivity,ood_low_concentration,low,ridge_raw,0.3399999999999999,2.7743176736636497
hexane:21,hexane:0.09,hexane,0.09,including_summaries_sensitivity,ood_low_concentration,low,ridge_raw,0.3199999999999999,2.7743176736636497
hexane:22,hexane:0.09,hexane,0.09,including_summaries_sensitivity,ood_low_concentration,low,ridge_raw,0.3299999999999999,2.7743176736636497
toluene:2,toluene:0.0025,toluene,0.0025,including_summaries_sensitivity,ood_low_concentration,low,ridge_raw,0.13,0.0532108225913166
toluene:3,toluene:0.005,toluene,0.005,including_summaries_sensitivity,ood_low_concentration,low,ridge_raw,0.09,0.0532488002926065
toluene:4,toluene:0.01,toluene,0.01,including_summaries_sensitivity,ood_low_concentration,low,ridge_raw,0.29,0.0533247556951865
toluene:17,toluene:0.0025,toluene,0.0025,including_summaries_sensitivity,ood_low_concentration,low,ridge_raw,0.13,0.0532108225913166
toluene:18,toluene:0.0025,toluene,0.0025,including_summaries_sensitivity,ood_low_concentration,low,ridge_raw,0.14,0.0532108225913166
toluene:19,toluene:0.0025,toluene,0.0025,including_summaries_sensitivity,ood_low_concentration,low,ridge_raw,0.14,0.0532108225913166
toluene:20,toluene:0.005,toluene,0.005,including_summaries_sensitivity,ood_low_concentration,low,ridge_raw,0.09,0.0532488002926065
toluene:21,toluene:0.005,toluene,0.005,including_summaries_sensitivity,ood_low_concentration,low,ridge_raw,0.1,0.0532488002926065
toluene:22,toluene:0.005,toluene,0.005,including_summaries_sensitivity,ood_low_concentration,low,ridge_raw,0.09,0.0532488002926065
toluene:23,toluene:0.01,toluene,0.01,including_summaries_sensitivity,ood_low_concentration,low,ridge_raw,0.3,0.0533247556951865
toluene:24,toluene:0.01,toluene,0.01,including_summaries_sensitivity,ood_low_concentration,low,ridge_raw,0.31,0.0533247556951865
toluene:25,toluene:0.01,toluene,0.01,including_summaries_sensitivity,ood_low_concentration,low,ridge_raw,0.24,0.0533247556951865
ethyl_acetate:2,ethyl_acetate:0.1,ethyl_acetate,0.1,including_summaries_sensitivity,ood_low_concentration,low,ridge_raw,0.53,1.1796181334006288
ethyl_acetate:3,ethyl_acetate:0.1,ethyl_acetate,0.1,including_summaries_sensitivity,ood_low_concentration,low,ridge_raw,0.54,1.1796181334006288
ethyl_acetate:4,ethyl_acetate:0.1,ethyl_acetate,0.1,including_summaries_sensitivity,ood_low_concentration,low,ridge_raw,0.54,1.1796181334006288
ethyl_acetate:5,ethyl_acetate:0.15,ethyl_acetate,0.15,including_summaries_sensitivity,ood_low_concentration,low,ridge_raw,0.6699999999999999,1.1803776874264282
ethyl_acetate:6,ethyl_acetate:0.15,ethyl_acetate,0.15,including_summaries_sensitivity,ood_low_concentration,low,ridge_raw,0.6499999999999999,1.1803776874264282
ethyl_acetate:7,ethyl_acetate:0.15,ethyl_acetate,0.15,including_summaries_sensitivity,ood_low_concentration,low,ridge_raw,0.71,1.1803776874264282
ethyl_acetate:14,ethyl_acetate:0.1,ethyl_acetate,0.1,including_summaries_sensitivity,ood_low_concentration,low,ridge_raw,0.26,1.1796181334006288
ethyl_acetate:15,ethyl_acetate:0.1,ethyl_acetate,0.1,including_summaries_sensitivity,ood_low_concentration,low,ridge_raw,0.31,1.1796181334006288
ethyl_acetate:16,ethyl_acetate:0.1,ethyl_acetate,0.1,including_summaries_sensitivity,ood_low_concentration,low,ridge_raw,0.33,1.1796181334006288
hexane:2,hexane:0.02,hexane,0.02,including_summaries_sensitivity,ood_low_concentration,low,ridge_log_interactions,0.0399999999999999,1.3737681747821755
hexane:3,hexane:0.02,hexane,0.02,including_summaries_sensitivity,ood_low_concentration,low,ridge_log_interactions,0.0599999999999999,1.3737681747821755
hexane:4,hexane:0.02,hexane,0.02,including_summaries_sensitivity,ood_low_concentration,low,ridge_log_interactions,0.0499999999999999,1.3737681747821755
hexane:5,hexane:0.02,hexane,0.02,including_summaries_sensitivity,ood_low_concentration,low,ridge_log_interactions,0.0899999999999999,1.3737681747821755
hexane:6,hexane:0.02,hexane,0.02,including_summaries_sensitivity,ood_low_concentration,low,ridge_log_interactions,0.1099999999999999,1.3737681747821755
hexane:7,hexane:0.02,hexane,0.02,including_summaries_sensitivity,ood_low_concentration,low,ridge_log_interactions,0.09,1.3737681747821755
hexane:8,hexane:0.05,hexane,0.05,including_summaries_sensitivity,ood_low_concentration,low,ridge_log_interactions,0.14,1.4229365133850242
hexane:9,hexane:0.05,hexane,0.05,including_summaries_sensitivity,ood_low_concentration,low,ridge_log_interactions,0.18,1.4229365133850242
hexane:10,hexane:0.05,hexane,0.05,including_summaries_sensitivity,ood_low_concentration,low,ridge_log_interactions,0.14,1.4229365133850242
hexane:11,hexane:0.05,hexane,0.05,including_summaries_sensitivity,ood_low_concentration,low,ridge_log_interactions,0.15,1.4229365133850242
hexane:12,hexane:0.05,hexane,0.05,including_summaries_sensitivity,ood_low_concentration,low,ridge_log_interactions,0.1499999999999999,1.4229365133850242
hexane:13,hexane:0.05,hexane,0.05,including_summaries_sensitivity,ood_low_concentration,low,ridge_log_interactions,0.1699999999999999,1.4229365133850242
hexane:14,hexane:0.07,hexane,0.07,including_summaries_sensitivity,ood_low_concentration,low,ridge_log_interactions,0.13,1.4549410272302992
hexane:15,hexane:0.07,hexane,0.07,including_summaries_sensitivity,ood_low_concentration,low,ridge_log_interactions,0.1499999999999999,1.4549410272302992
hexane:16,hexane:0.07,hexane,0.07,including_summaries_sensitivity,ood_low_concentration,low,ridge_log_interactions,0.1399999999999999,1.4549410272302992
hexane:17,hexane:0.07,hexane,0.07,including_summaries_sensitivity,ood_low_concentration,low,ridge_log_interactions,0.23,1.4549410272302992
hexane:18,hexane:0.07,hexane,0.07,including_summaries_sensitivity,ood_low_concentration,low,ridge_log_interactions,0.21,1.4549410272302992
hexane:19,hexane:0.07,hexane,0.07,including_summaries_sensitivity,ood_low_concentration,low,ridge_log_interactions,0.2199999999999999,1.4549410272302992
hexane:20,hexane:0.09,hexane,0.09,including_summaries_sensitivity,ood_low_concentration,low,ridge_log_interactions,0.3399999999999999,1.4863528306961546
hexane:21,hexane:0.09,hexane,0.09,including_summaries_sensitivity,ood_low_concentration,low,ridge_log_interactions,0.3199999999999999,1.4863528306961546
hexane:22,hexane:0.09,hexane,0.09,including_summaries_sensitivity,ood_low_concentration,low,ridge_log_interactions,0.3299999999999999,1.4863528306961546
toluene:2,toluene:0.0025,toluene,0.0025,including_summaries_sensitivity,ood_low_concentration,low,ridge_log_interactions,0.13,0.0
toluene:3,toluene:0.005,toluene,0.005,including_summaries_sensitivity,ood_low_concentration,low,ridge_log_interactions,0.09,0.0
toluene:4,toluene:0.01,toluene,0.01,including_summaries_sensitivity,ood_low_concentration,low,ridge_log_interactions,0.29,0.0
toluene:17,toluene:0.0025,toluene,0.0025,including_summaries_sensitivity,ood_low_concentration,low,ridge_log_interactions,0.13,0.0
toluene:18,toluene:0.0025,toluene,0.0025,including_summaries_sensitivity,ood_low_concentration,low,ridge_log_interactions,0.14,0.0
toluene:19,toluene:0.0025,toluene,0.0025,including_summaries_sensitivity,ood_low_concentration,low,ridge_log_interactions,0.14,0.0
toluene:20,toluene:0.005,toluene,0.005,including_summaries_sensitivity,ood_low_concentration,low,ridge_log_interactions,0.09,0.0
toluene:21,toluene:0.005,toluene,0.005,including_summaries_sensitivity,ood_low_concentration,low,ridge_log_interactions,0.1,0.0
toluene:22,toluene:0.005,toluene,0.005,including_summaries_sensitivity,ood_low_concentration,low,ridge_log_interactions,0.09,0.0
toluene:23,toluene:0.01,toluene,0.01,including_summaries_sensitivity,ood_low_concentration,low,ridge_log_interactions,0.3,0.0
toluene:24,toluene:0.01,toluene,0.01,including_summaries_sensitivity,ood_low_concentration,low,ridge_log_interactions,0.31,0.0
toluene:25,toluene:0.01,toluene,0.01,including_summaries_sensitivity,ood_low_concentration,low,ridge_log_interactions,0.24,0.0
ethyl_acetate:2,ethyl_acetate:0.1,ethyl_acetate,0.1,including_summaries_sensitivity,ood_low_concentration,low,ridge_log_interactions,0.53,1.1596883320863056
ethyl_acetate:3,ethyl_acetate:0.1,ethyl_acetate,0.1,including_summaries_sensitivity,ood_low_concentration,low,ridge_log_interactions,0.54,1.1596883320863056
ethyl_acetate:4,ethyl_acetate:0.1,ethyl_acetate,0.1,including_summaries_sensitivity,ood_low_concentration,low,ridge_log_interactions,0.54,1.1596883320863056
ethyl_acetate:5,ethyl_acetate:0.15,ethyl_acetate,0.15,including_summaries_sensitivity,ood_low_concentration,low,ridge_log_interactions,0.6699999999999999,1.159154572785834
ethyl_acetate:6,ethyl_acetate:0.15,ethyl_acetate,0.15,including_summaries_sensitivity,ood_low_concentration,low,ridge_log_interactions,0.6499999999999999,1.159154572785834
ethyl_acetate:7,ethyl_acetate:0.15,ethyl_acetate,0.15,including_summaries_sensitivity,ood_low_concentration,low,ridge_log_interactions,0.71,1.159154572785834
ethyl_acetate:14,ethyl_acetate:0.1,ethyl_acetate,0.1,including_summaries_sensitivity,ood_low_concentration,low,ridge_log_interactions,0.26,1.1596883320863056
ethyl_acetate:15,ethyl_acetate:0.1,ethyl_acetate,0.1,including_summaries_sensitivity,ood_low_concentration,low,ridge_log_interactions,0.31,1.1596883320863056
ethyl_acetate:16,ethyl_acetate:0.1,ethyl_acetate,0.1,including_summaries_sensitivity,ood_low_concentration,low,ridge_log_interactions,0.33,1.1596883320863056
hexane:2,hexane:0.02,hexane,0.02,including_summaries_sensitivity,ood_low_concentration,low,rf_raw,0.0399999999999999,0.3577089357864358
hexane:3,hexane:0.02,hexane,0.02,including_summaries_sensitivity,ood_low_concentration,low,rf_raw,0.0599999999999999,0.3577089357864358
hexane:4,hexane:0.02,hexane,0.02,including_summaries_sensitivity,ood_low_concentration,low,rf_raw,0.0499999999999999,0.3577089357864358
hexane:5,hexane:0.02,hexane,0.02,including_summaries_sensitivity,ood_low_concentration,low,rf_raw,0.0899999999999999,0.3577089357864358
hexane:6,hexane:0.02,hexane,0.02,including_summaries_sensitivity,ood_low_concentration,low,rf_raw,0.1099999999999999,0.3577089357864358
hexane:7,hexane:0.02,hexane,0.02,including_summaries_sensitivity,ood_low_concentration,low,rf_raw,0.09,0.3577089357864358
hexane:8,hexane:0.05,hexane,0.05,including_summaries_sensitivity,ood_low_concentration,low,rf_raw,0.14,0.3646678805916306
hexane:9,hexane:0.05,hexane,0.05,including_summaries_sensitivity,ood_low_concentration,low,rf_raw,0.18,0.3646678805916306
hexane:10,hexane:0.05,hexane,0.05,including_summaries_sensitivity,ood_low_concentration,low,rf_raw,0.14,0.3646678805916306
hexane:11,hexane:0.05,hexane,0.05,including_summaries_sensitivity,ood_low_concentration,low,rf_raw,0.15,0.3646678805916306
hexane:12,hexane:0.05,hexane,0.05,including_summaries_sensitivity,ood_low_concentration,low,rf_raw,0.1499999999999999,0.3646678805916306
hexane:13,hexane:0.05,hexane,0.05,including_summaries_sensitivity,ood_low_concentration,low,rf_raw,0.1699999999999999,0.3646678805916306
hexane:14,hexane:0.07,hexane,0.07,including_summaries_sensitivity,ood_low_concentration,low,rf_raw,0.13,0.3646678805916306
hexane:15,hexane:0.07,hexane,0.07,including_summaries_sensitivity,ood_low_concentration,low,rf_raw,0.1499999999999999,0.3646678805916306
hexane:16,hexane:0.07,hexane,0.07,including_summaries_sensitivity,ood_low_concentration,low,rf_raw,0.1399999999999999,0.3646678805916306
hexane:17,hexane:0.07,hexane,0.07,including_summaries_sensitivity,ood_low_concentration,low,rf_raw,0.23,0.3646678805916306
hexane:18,hexane:0.07,hexane,0.07,including_summaries_sensitivity,ood_low_concentration,low,rf_raw,0.21,0.3646678805916306
hexane:19,hexane:0.07,hexane,0.07,including_summaries_sensitivity,ood_low_concentration,low,rf_raw,0.2199999999999999,0.3646678805916306
hexane:20,hexane:0.09,hexane,0.09,including_summaries_sensitivity,ood_low_concentration,low,rf_raw,0.3399999999999999,0.3655852417027417
hexane:21,hexane:0.09,hexane,0.09,including_summaries_sensitivity,ood_low_concentration,low,rf_raw,0.3199999999999999,0.3655852417027417
hexane:22,hexane:0.09,hexane,0.09,including_summaries_sensitivity,ood_low_concentration,low,rf_raw,0.3299999999999999,0.3655852417027417
toluene:2,toluene:0.0025,toluene,0.0025,including_summaries_sensitivity,ood_low_concentration,low,rf_raw,0.13,0.1643349404761906
toluene:3,toluene:0.005,toluene,0.005,including_summaries_sensitivity,ood_low_concentration,low,rf_raw,0.09,0.1643349404761906
toluene:4,toluene:0.01,toluene,0.01,including_summaries_sensitivity,ood_low_concentration,low,rf_raw,0.29,0.1643349404761906
toluene:17,toluene:0.0025,toluene,0.0025,including_summaries_sensitivity,ood_low_concentration,low,rf_raw,0.13,0.1643349404761906
toluene:18,toluene:0.0025,toluene,0.0025,including_summaries_sensitivity,ood_low_concentration,low,rf_raw,0.14,0.1643349404761906
toluene:19,toluene:0.0025,toluene,0.0025,including_summaries_sensitivity,ood_low_concentration,low,rf_raw,0.14,0.1643349404761906
toluene:20,toluene:0.005,toluene,0.005,including_summaries_sensitivity,ood_low_concentration,low,rf_raw,0.09,0.1643349404761906
toluene:21,toluene:0.005,toluene,0.005,including_summaries_sensitivity,ood_low_concentration,low,rf_raw,0.1,0.1643349404761906
toluene:22,toluene:0.005,toluene,0.005,including_summaries_sensitivity,ood_low_concentration,low,rf_raw,0.09,0.1643349404761906
toluene:23,toluene:0.01,toluene,0.01,including_summaries_sensitivity,ood_low_concentration,low,rf_raw,0.3,0.1643349404761906
toluene:24,toluene:0.01,toluene,0.01,including_summaries_sensitivity,ood_low_concentration,low,rf_raw,0.31,0.1643349404761906
toluene:25,toluene:0.01,toluene,0.01,including_summaries_sensitivity,ood_low_concentration,low,rf_raw,0.24,0.1643349404761906
ethyl_acetate:2,ethyl_acetate:0.1,ethyl_acetate,0.1,including_summaries_sensitivity,ood_low_concentration,low,rf_raw,0.53,0.5641199675324677
ethyl_acetate:3,ethyl_acetate:0.1,ethyl_acetate,0.1,including_summaries_sensitivity,ood_low_concentration,low,rf_raw,0.54,0.5641199675324677
ethyl_acetate:4,ethyl_acetate:0.1,ethyl_acetate,0.1,including_summaries_sensitivity,ood_low_concentration,low,rf_raw,0.54,0.5641199675324677
ethyl_acetate:5,ethyl_acetate:0.15,ethyl_acetate,0.15,including_summaries_sensitivity,ood_low_concentration,low,rf_raw,0.6699999999999999,0.6346464844877346
ethyl_acetate:6,ethyl_acetate:0.15,ethyl_acetate,0.15,including_summaries_sensitivity,ood_low_concentration,low,rf_raw,0.6499999999999999,0.6346464844877346
ethyl_acetate:7,ethyl_acetate:0.15,ethyl_acetate,0.15,including_summaries_sensitivity,ood_low_concentration,low,rf_raw,0.71,0.6346464844877346
ethyl_acetate:14,ethyl_acetate:0.1,ethyl_acetate,0.1,including_summaries_sensitivity,ood_low_concentration,low,rf_raw,0.26,0.5641199675324677
ethyl_acetate:15,ethyl_acetate:0.1,ethyl_acetate,0.1,including_summaries_sensitivity,ood_low_concentration,low,rf_raw,0.31,0.5641199675324677
ethyl_acetate:16,ethyl_acetate:0.1,ethyl_acetate,0.1,including_summaries_sensitivity,ood_low_concentration,low,rf_raw,0.33,0.5641199675324677
hexane:2,hexane:0.02,hexane,0.02,including_summaries_sensitivity,ood_low_concentration,low,rf_log_interactions,0.0399999999999999,0.3463889790764791
hexane:3,hexane:0.02,hexane,0.02,including_summaries_sensitivity,ood_low_concentration,low,rf_log_interactions,0.0599999999999999,0.3463889790764791
hexane:4,hexane:0.02,hexane,0.02,including_summaries_sensitivity,ood_low_concentration,low,rf_log_interactions,0.0499999999999999,0.3463889790764791
hexane:5,hexane:0.02,hexane,0.02,including_summaries_sensitivity,ood_low_concentration,low,rf_log_interactions,0.0899999999999999,0.3463889790764791
hexane:6,hexane:0.02,hexane,0.02,including_summaries_sensitivity,ood_low_concentration,low,rf_log_interactions,0.1099999999999999,0.3463889790764791
hexane:7,hexane:0.02,hexane,0.02,including_summaries_sensitivity,ood_low_concentration,low,rf_log_interactions,0.09,0.3463889790764791
hexane:8,hexane:0.05,hexane,0.05,including_summaries_sensitivity,ood_low_concentration,low,rf_log_interactions,0.14,0.3532888455988457
hexane:9,hexane:0.05,hexane,0.05,including_summaries_sensitivity,ood_low_concentration,low,rf_log_interactions,0.18,0.3532888455988457
hexane:10,hexane:0.05,hexane,0.05,including_summaries_sensitivity,ood_low_concentration,low,rf_log_interactions,0.14,0.3532888455988457
hexane:11,hexane:0.05,hexane,0.05,including_summaries_sensitivity,ood_low_concentration,low,rf_log_interactions,0.15,0.3532888455988457
hexane:12,hexane:0.05,hexane,0.05,including_summaries_sensitivity,ood_low_concentration,low,rf_log_interactions,0.1499999999999999,0.3532888455988457
hexane:13,hexane:0.05,hexane,0.05,including_summaries_sensitivity,ood_low_concentration,low,rf_log_interactions,0.1699999999999999,0.3532888455988457
hexane:14,hexane:0.07,hexane,0.07,including_summaries_sensitivity,ood_low_concentration,low,rf_log_interactions,0.13,0.3596342027417029
hexane:15,hexane:0.07,hexane,0.07,including_summaries_sensitivity,ood_low_concentration,low,rf_log_interactions,0.1499999999999999,0.3596342027417029
hexane:16,hexane:0.07,hexane,0.07,including_summaries_sensitivity,ood_low_concentration,low,rf_log_interactions,0.1399999999999999,0.3596342027417029
hexane:17,hexane:0.07,hexane,0.07,including_summaries_sensitivity,ood_low_concentration,low,rf_log_interactions,0.23,0.3596342027417029
hexane:18,hexane:0.07,hexane,0.07,including_summaries_sensitivity,ood_low_concentration,low,rf_log_interactions,0.21,0.3596342027417029
hexane:19,hexane:0.07,hexane,0.07,including_summaries_sensitivity,ood_low_concentration,low,rf_log_interactions,0.2199999999999999,0.3596342027417029
hexane:20,hexane:0.09,hexane,0.09,including_summaries_sensitivity,ood_low_concentration,low,rf_log_interactions,0.3399999999999999,0.3648156854256855
hexane:21,hexane:0.09,hexane,0.09,including_summaries_sensitivity,ood_low_concentration,low,rf_log_interactions,0.3199999999999999,0.3648156854256855
hexane:22,hexane:0.09,hexane,0.09,including_summaries_sensitivity,ood_low_concentration,low,rf_log_interactions,0.3299999999999999,0.3648156854256855
toluene:2,toluene:0.0025,toluene,0.0025,including_summaries_sensitivity,ood_low_concentration,low,rf_log_interactions,0.13,0.1643349404761906
toluene:3,toluene:0.005,toluene,0.005,including_summaries_sensitivity,ood_low_concentration,low,rf_log_interactions,0.09,0.1643349404761906
toluene:4,toluene:0.01,toluene,0.01,including_summaries_sensitivity,ood_low_concentration,low,rf_log_interactions,0.29,0.1643349404761906
toluene:17,toluene:0.0025,toluene,0.0025,including_summaries_sensitivity,ood_low_concentration,low,rf_log_interactions,0.13,0.1643349404761906
toluene:18,toluene:0.0025,toluene,0.0025,including_summaries_sensitivity,ood_low_concentration,low,rf_log_interactions,0.14,0.1643349404761906
toluene:19,toluene:0.0025,toluene,0.0025,including_summaries_sensitivity,ood_low_concentration,low,rf_log_interactions,0.14,0.1643349404761906
toluene:20,toluene:0.005,toluene,0.005,including_summaries_sensitivity,ood_low_concentration,low,rf_log_interactions,0.09,0.1643349404761906
toluene:21,toluene:0.005,toluene,0.005,including_summaries_sensitivity,ood_low_concentration,low,rf_log_interactions,0.1,0.1643349404761906
toluene:22,toluene:0.005,toluene,0.005,including_summaries_sensitivity,ood_low_concentration,low,rf_log_interactions,0.09,0.1643349404761906
toluene:23,toluene:0.01,toluene,0.01,including_summaries_sensitivity,ood_low_concentration,low,rf_log_interactions,0.3,0.1643349404761906
toluene:24,toluene:0.01,toluene,0.01,including_summaries_sensitivity,ood_low_concentration,low,rf_log_interactions,0.31,0.1643349404761906
toluene:25,toluene:0.01,toluene,0.01,including_summaries_sensitivity,ood_low_concentration,low,rf_log_interactions,0.24,0.1643349404761906
ethyl_acetate:2,ethyl_acetate:0.1,ethyl_acetate,0.1,including_summaries_sensitivity,ood_low_concentration,low,rf_log_interactions,0.53,0.5323363275613276
ethyl_acetate:3,ethyl_acetate:0.1,ethyl_acetate,0.1,including_summaries_sensitivity,ood_low_concentration,low,rf_log_interactions,0.54,0.5323363275613276
ethyl_acetate:4,ethyl_acetate:0.1,ethyl_acetate,0.1,including_summaries_sensitivity,ood_low_concentration,low,rf_log_interactions,0.54,0.5323363275613276
ethyl_acetate:5,ethyl_acetate:0.15,ethyl_acetate,0.15,including_summaries_sensitivity,ood_low_concentration,low,rf_log_interactions,0.6699999999999999,0.6106303625541128
ethyl_acetate:6,ethyl_acetate:0.15,ethyl_acetate,0.15,including_summaries_sensitivity,ood_low_concentration,low,rf_log_interactions,0.6499999999999999,0.6106303625541128
ethyl_acetate:7,ethyl_acetate:0.15,ethyl_acetate,0.15,including_summaries_sensitivity,ood_low_concentration,low,rf_log_interactions,0.71,0.6106303625541128
ethyl_acetate:14,ethyl_acetate:0.1,ethyl_acetate,0.1,including_summaries_sensitivity,ood_low_concentration,low,rf_log_interactions,0.26,0.5323363275613276
ethyl_acetate:15,ethyl_acetate:0.1,ethyl_acetate,0.1,including_summaries_sensitivity,ood_low_concentration,low,rf_log_interactions,0.31,0.5323363275613276
ethyl_acetate:16,ethyl_acetate:0.1,ethyl_acetate,0.1,including_summaries_sensitivity,ood_low_concentration,low,rf_log_interactions,0.33,0.5323363275613276
hexane:50,hexane:3,hexane,3.0,including_summaries_sensitivity,ood_high_concentration,high,mean,3.73,0.6207207207207205
hexane:51,hexane:3,hexane,3.0,including_summaries_sensitivity,ood_high_concentration,high,mean,3.65,0.6207207207207205
hexane:52,hexane:3,hexane,3.0,including_summaries_sensitivity,ood_high_concentration,high,mean,3.64,0.6207207207207205
hexane:53,hexane:5,hexane,5.0,including_summaries_sensitivity,ood_high_concentration,high,mean,5.890000000000001,0.6207207207207205
hexane:54,hexane:5,hexane,5.0,including_summaries_sensitivity,ood_high_concentration,high,mean,5.9,0.6207207207207205
hexane:55,hexane:5,hexane,5.0,including_summaries_sensitivity,ood_high_concentration,high,mean,6.0,0.6207207207207205
hexane:56,hexane:7,hexane,7.0,including_summaries_sensitivity,ood_high_concentration,high,mean,9.3,0.6207207207207205
hexane:57,hexane:7,hexane,7.0,including_summaries_sensitivity,ood_high_concentration,high,mean,9.33,0.6207207207207205
hexane:58,hexane:7,hexane,7.0,including_summaries_sensitivity,ood_high_concentration,high,mean,9.24,0.6207207207207205
hexane:59,hexane:10,hexane,10.0,including_summaries_sensitivity,ood_high_concentration,high,mean,12.67,0.6207207207207205
toluene:14,toluene:10,toluene,10.0,including_summaries_sensitivity,ood_high_concentration,high,mean,0.41,0.6207207207207205
toluene:15,toluene:40,toluene,40.0,including_summaries_sensitivity,ood_high_concentration,high,mean,0.18,0.6207207207207205
toluene:16,toluene:50,toluene,50.0,including_summaries_sensitivity,ood_high_concentration,high,mean,0.1699999999999999,0.6207207207207205
toluene:41,toluene:10,toluene,10.0,including_summaries_sensitivity,ood_high_concentration,high,mean,0.0999999999999999,0.6207207207207205
toluene:42,toluene:10,toluene,10.0,including_summaries_sensitivity,ood_high_concentration,high,mean,0.0999999999999999,0.6207207207207205
toluene:43,toluene:10,toluene,10.0,including_summaries_sensitivity,ood_high_concentration,high,mean,0.14,0.6207207207207205
toluene:45,toluene:40,toluene,40.0,including_summaries_sensitivity,ood_high_concentration,high,mean,0.15,0.6207207207207205
toluene:46,toluene:40,toluene,40.0,including_summaries_sensitivity,ood_high_concentration,high,mean,0.12,0.6207207207207205
toluene:47,toluene:50,toluene,50.0,including_summaries_sensitivity,ood_high_concentration,high,mean,0.2099999999999999,0.6207207207207205
toluene:48,toluene:50,toluene,50.0,including_summaries_sensitivity,ood_high_concentration,high,mean,0.1899999999999999,0.6207207207207205
toluene:49,toluene:50,toluene,50.0,including_summaries_sensitivity,ood_high_concentration,high,mean,0.1799999999999999,0.6207207207207205
toluene:50,toluene:50,toluene,50.0,including_summaries_sensitivity,ood_high_concentration,high,mean,0.17,0.6207207207207205
toluene:51,toluene:50,toluene,50.0,including_summaries_sensitivity,ood_high_concentration,high,mean,0.14,0.6207207207207205
toluene:52,toluene:50,toluene,50.0,including_summaries_sensitivity,ood_high_concentration,high,mean,0.12,0.6207207207207205
ethyl_acetate:29,ethyl_acetate:5,ethyl_acetate,5.0,including_summaries_sensitivity,ood_high_concentration,high,mean,1.5699999999999998,0.6207207207207205
ethyl_acetate:30,ethyl_acetate:5,ethyl_acetate,5.0,including_summaries_sensitivity,ood_high_concentration,high,mean,1.26,0.6207207207207205
ethyl_acetate:31,ethyl_acetate:5,ethyl_acetate,5.0,including_summaries_sensitivity,ood_high_concentration,high,mean,1.34,0.6207207207207205
ethyl_acetate:32,ethyl_acetate:10,ethyl_acetate,10.0,including_summaries_sensitivity,ood_high_concentration,high,mean,2.43,0.6207207207207205
ethyl_acetate:33,ethyl_acetate:10,ethyl_acetate,10.0,including_summaries_sensitivity,ood_high_concentration,high,mean,2.5700000000000003,0.6207207207207205
ethyl_acetate:34,ethyl_acetate:10,ethyl_acetate,10.0,including_summaries_sensitivity,ood_high_concentration,high,mean,3.18,0.6207207207207205
hexane:50,hexane:3,hexane,3.0,including_summaries_sensitivity,ood_high_concentration,high,ridge_raw,3.73,2.400192118456906
hexane:51,hexane:3,hexane,3.0,including_summaries_sensitivity,ood_high_concentration,high,ridge_raw,3.65,2.400192118456906
hexane:52,hexane:3,hexane,3.0,including_summaries_sensitivity,ood_high_concentration,high,ridge_raw,3.64,2.400192118456906
hexane:53,hexane:5,hexane,5.0,including_summaries_sensitivity,ood_high_concentration,high,ridge_raw,5.890000000000001,3.673670740450605
hexane:54,hexane:5,hexane,5.0,including_summaries_sensitivity,ood_high_concentration,high,ridge_raw,5.9,3.673670740450605
hexane:55,hexane:5,hexane,5.0,including_summaries_sensitivity,ood_high_concentration,high,ridge_raw,6.0,3.673670740450605
hexane:56,hexane:7,hexane,7.0,including_summaries_sensitivity,ood_high_concentration,high,ridge_raw,9.3,4.947149362444305
hexane:57,hexane:7,hexane,7.0,including_summaries_sensitivity,ood_high_concentration,high,ridge_raw,9.33,4.947149362444305
hexane:58,hexane:7,hexane,7.0,including_summaries_sensitivity,ood_high_concentration,high,ridge_raw,9.24,4.947149362444305
hexane:59,hexane:10,hexane,10.0,including_summaries_sensitivity,ood_high_concentration,high,ridge_raw,12.67,6.8573672954348535
toluene:14,toluene:10,toluene,10.0,including_summaries_sensitivity,ood_high_concentration,high,ridge_raw,0.41,6.478925811977935
toluene:15,toluene:40,toluene,40.0,including_summaries_sensitivity,ood_high_concentration,high,ridge_raw,0.18,25.58110514188342
toluene:16,toluene:50,toluene,50.0,including_summaries_sensitivity,ood_high_concentration,high,ridge_raw,0.1699999999999999,31.94849825185192
toluene:41,toluene:10,toluene,10.0,including_summaries_sensitivity,ood_high_concentration,high,ridge_raw,0.0999999999999999,6.478925811977935
toluene:42,toluene:10,toluene,10.0,including_summaries_sensitivity,ood_high_concentration,high,ridge_raw,0.0999999999999999,6.478925811977935
toluene:43,toluene:10,toluene,10.0,including_summaries_sensitivity,ood_high_concentration,high,ridge_raw,0.14,6.478925811977935
toluene:45,toluene:40,toluene,40.0,including_summaries_sensitivity,ood_high_concentration,high,ridge_raw,0.15,25.58110514188342
toluene:46,toluene:40,toluene,40.0,including_summaries_sensitivity,ood_high_concentration,high,ridge_raw,0.12,25.58110514188342
toluene:47,toluene:50,toluene,50.0,including_summaries_sensitivity,ood_high_concentration,high,ridge_raw,0.2099999999999999,31.94849825185192
toluene:48,toluene:50,toluene,50.0,including_summaries_sensitivity,ood_high_concentration,high,ridge_raw,0.1899999999999999,31.94849825185192
toluene:49,toluene:50,toluene,50.0,including_summaries_sensitivity,ood_high_concentration,high,ridge_raw,0.1799999999999999,31.94849825185192
toluene:50,toluene:50,toluene,50.0,including_summaries_sensitivity,ood_high_concentration,high,ridge_raw,0.17,31.94849825185192
toluene:51,toluene:50,toluene,50.0,including_summaries_sensitivity,ood_high_concentration,high,ridge_raw,0.14,31.94849825185192
toluene:52,toluene:50,toluene,50.0,including_summaries_sensitivity,ood_high_concentration,high,ridge_raw,0.12,31.94849825185192
ethyl_acetate:29,ethyl_acetate:5,ethyl_acetate,5.0,including_summaries_sensitivity,ood_high_concentration,high,ridge_raw,1.5699999999999998,3.437813538775201
ethyl_acetate:30,ethyl_acetate:5,ethyl_acetate,5.0,including_summaries_sensitivity,ood_high_concentration,high,ridge_raw,1.26,3.437813538775201
ethyl_acetate:31,ethyl_acetate:5,ethyl_acetate,5.0,including_summaries_sensitivity,ood_high_concentration,high,ridge_raw,1.34,3.437813538775201
ethyl_acetate:32,ethyl_acetate:10,ethyl_acetate,10.0,including_summaries_sensitivity,ood_high_concentration,high,ridge_raw,2.43,6.621510093759449
ethyl_acetate:33,ethyl_acetate:10,ethyl_acetate,10.0,including_summaries_sensitivity,ood_high_concentration,high,ridge_raw,2.5700000000000003,6.621510093759449
ethyl_acetate:34,ethyl_acetate:10,ethyl_acetate,10.0,including_summaries_sensitivity,ood_high_concentration,high,ridge_raw,3.18,6.621510093759449
hexane:50,hexane:3,hexane,3.0,including_summaries_sensitivity,ood_high_concentration,high,ridge_log_interactions,3.73,2.9564964446844195
hexane:51,hexane:3,hexane,3.0,including_summaries_sensitivity,ood_high_concentration,high,ridge_log_interactions,3.65,2.9564964446844195
hexane:52,hexane:3,hexane,3.0,including_summaries_sensitivity,ood_high_concentration,high,ridge_log_interactions,3.64,2.9564964446844195
hexane:53,hexane:5,hexane,5.0,including_summaries_sensitivity,ood_high_concentration,high,ridge_log_interactions,5.890000000000001,3.768823217896959
hexane:54,hexane:5,hexane,5.0,including_summaries_sensitivity,ood_high_concentration,high,ridge_log_interactions,5.9,3.768823217896959
hexane:55,hexane:5,hexane,5.0,including_summaries_sensitivity,ood_high_concentration,high,ridge_log_interactions,6.0,3.768823217896959
hexane:56,hexane:7,hexane,7.0,including_summaries_sensitivity,ood_high_concentration,high,ridge_log_interactions,9.3,4.345178235758349
hexane:57,hexane:7,hexane,7.0,including_summaries_sensitivity,ood_high_concentration,high,ridge_log_interactions,9.33,4.345178235758349
hexane:58,hexane:7,hexane,7.0,including_summaries_sensitivity,ood_high_concentration,high,ridge_log_interactions,9.24,4.345178235758349
hexane:59,hexane:10,hexane,10.0,including_summaries_sensitivity,ood_high_concentration,high,ridge_log_interactions,12.67,4.983182558803585
toluene:14,toluene:10,toluene,10.0,including_summaries_sensitivity,ood_high_concentration,high,ridge_log_interactions,0.41,2.743075700456544
toluene:15,toluene:40,toluene,40.0,including_summaries_sensitivity,ood_high_concentration,high,ridge_log_interactions,0.18,4.199480740527976
toluene:16,toluene:50,toluene,50.0,including_summaries_sensitivity,ood_high_concentration,high,ridge_log_interactions,0.1699999999999999,4.441079281322672
toluene:41,toluene:10,toluene,10.0,including_summaries_sensitivity,ood_high_concentration,high,ridge_log_interactions,0.0999999999999999,2.743075700456544
toluene:42,toluene:10,toluene,10.0,including_summaries_sensitivity,ood_high_concentration,high,ridge_log_interactions,0.0999999999999999,2.743075700456544
toluene:43,toluene:10,toluene,10.0,including_summaries_sensitivity,ood_high_concentration,high,ridge_log_interactions,0.14,2.743075700456544
toluene:45,toluene:40,toluene,40.0,including_summaries_sensitivity,ood_high_concentration,high,ridge_log_interactions,0.15,4.199480740527976
toluene:46,toluene:40,toluene,40.0,including_summaries_sensitivity,ood_high_concentration,high,ridge_log_interactions,0.12,4.199480740527976
toluene:47,toluene:50,toluene,50.0,including_summaries_sensitivity,ood_high_concentration,high,ridge_log_interactions,0.2099999999999999,4.441079281322672
toluene:48,toluene:50,toluene,50.0,including_summaries_sensitivity,ood_high_concentration,high,ridge_log_interactions,0.1899999999999999,4.441079281322672
toluene:49,toluene:50,toluene,50.0,including_summaries_sensitivity,ood_high_concentration,high,ridge_log_interactions,0.1799999999999999,4.441079281322672
toluene:50,toluene:50,toluene,50.0,including_summaries_sensitivity,ood_high_concentration,high,ridge_log_interactions,0.17,4.441079281322672
toluene:51,toluene:50,toluene,50.0,including_summaries_sensitivity,ood_high_concentration,high,ridge_log_interactions,0.14,4.441079281322672
toluene:52,toluene:50,toluene,50.0,including_summaries_sensitivity,ood_high_concentration,high,ridge_log_interactions,0.12,4.441079281322672
ethyl_acetate:29,ethyl_acetate:5,ethyl_acetate,5.0,including_summaries_sensitivity,ood_high_concentration,high,ridge_log_interactions,1.5699999999999998,1.4660607291937515
ethyl_acetate:30,ethyl_acetate:5,ethyl_acetate,5.0,including_summaries_sensitivity,ood_high_concentration,high,ridge_log_interactions,1.26,1.4660607291937515
ethyl_acetate:31,ethyl_acetate:5,ethyl_acetate,5.0,including_summaries_sensitivity,ood_high_concentration,high,ridge_log_interactions,1.34,1.4660607291937515
ethyl_acetate:32,ethyl_acetate:10,ethyl_acetate,10.0,including_summaries_sensitivity,ood_high_concentration,high,ridge_log_interactions,2.43,1.8003885653162888
ethyl_acetate:33,ethyl_acetate:10,ethyl_acetate,10.0,including_summaries_sensitivity,ood_high_concentration,high,ridge_log_interactions,2.5700000000000003,1.8003885653162883
ethyl_acetate:34,ethyl_acetate:10,ethyl_acetate,10.0,including_summaries_sensitivity,ood_high_concentration,high,ridge_log_interactions,3.18,1.8003885653162883
hexane:50,hexane:3,hexane,3.0,including_summaries_sensitivity,ood_high_concentration,high,rf_raw,3.73,2.962590122655123
hexane:51,hexane:3,hexane,3.0,including_summaries_sensitivity,ood_high_concentration,high,rf_raw,3.65,2.962590122655123
hexane:52,hexane:3,hexane,3.0,including_summaries_sensitivity,ood_high_concentration,high,rf_raw,3.64,2.962590122655123
hexane:53,hexane:5,hexane,5.0,including_summaries_sensitivity,ood_high_concentration,high,rf_raw,5.890000000000001,2.962590122655123
hexane:54,hexane:5,hexane,5.0,including_summaries_sensitivity,ood_high_concentration,high,rf_raw,5.9,2.962590122655123
hexane:55,hexane:5,hexane,5.0,including_summaries_sensitivity,ood_high_concentration,high,rf_raw,6.0,2.962590122655123
hexane:56,hexane:7,hexane,7.0,including_summaries_sensitivity,ood_high_concentration,high,rf_raw,9.3,2.962590122655123
hexane:57,hexane:7,hexane,7.0,including_summaries_sensitivity,ood_high_concentration,high,rf_raw,9.33,2.962590122655123
hexane:58,hexane:7,hexane,7.0,including_summaries_sensitivity,ood_high_concentration,high,rf_raw,9.24,2.962590122655123
hexane:59,hexane:10,hexane,10.0,including_summaries_sensitivity,ood_high_concentration,high,rf_raw,12.67,2.962590122655123
toluene:14,toluene:10,toluene,10.0,including_summaries_sensitivity,ood_high_concentration,high,rf_raw,0.41,0.8851541973304476
toluene:15,toluene:40,toluene,40.0,including_summaries_sensitivity,ood_high_concentration,high,rf_raw,0.18,0.8851541973304476
toluene:16,toluene:50,toluene,50.0,including_summaries_sensitivity,ood_high_concentration,high,rf_raw,0.1699999999999999,0.8851541973304476
toluene:41,toluene:10,toluene,10.0,including_summaries_sensitivity,ood_high_concentration,high,rf_raw,0.0999999999999999,0.8851541973304476
toluene:42,toluene:10,toluene,10.0,including_summaries_sensitivity,ood_high_concentration,high,rf_raw,0.0999999999999999,0.8851541973304476
toluene:43,toluene:10,toluene,10.0,including_summaries_sensitivity,ood_high_concentration,high,rf_raw,0.14,0.8851541973304476
toluene:45,toluene:40,toluene,40.0,including_summaries_sensitivity,ood_high_concentration,high,rf_raw,0.15,0.8851541973304476
toluene:46,toluene:40,toluene,40.0,including_summaries_sensitivity,ood_high_concentration,high,rf_raw,0.12,0.8851541973304476
toluene:47,toluene:50,toluene,50.0,including_summaries_sensitivity,ood_high_concentration,high,rf_raw,0.2099999999999999,0.8851541973304476
toluene:48,toluene:50,toluene,50.0,including_summaries_sensitivity,ood_high_concentration,high,rf_raw,0.1899999999999999,0.8851541973304476
toluene:49,toluene:50,toluene,50.0,including_summaries_sensitivity,ood_high_concentration,high,rf_raw,0.1799999999999999,0.8851541973304476
toluene:50,toluene:50,toluene,50.0,including_summaries_sensitivity,ood_high_concentration,high,rf_raw,0.17,0.8851541973304476
toluene:51,toluene:50,toluene,50.0,including_summaries_sensitivity,ood_high_concentration,high,rf_raw,0.14,0.8851541973304476
toluene:52,toluene:50,toluene,50.0,including_summaries_sensitivity,ood_high_concentration,high,rf_raw,0.12,0.8851541973304476
ethyl_acetate:29,ethyl_acetate:5,ethyl_acetate,5.0,including_summaries_sensitivity,ood_high_concentration,high,rf_raw,1.5699999999999998,1.170378125901876
ethyl_acetate:30,ethyl_acetate:5,ethyl_acetate,5.0,including_summaries_sensitivity,ood_high_concentration,high,rf_raw,1.26,1.170378125901876
ethyl_acetate:31,ethyl_acetate:5,ethyl_acetate,5.0,including_summaries_sensitivity,ood_high_concentration,high,rf_raw,1.34,1.170378125901876
ethyl_acetate:32,ethyl_acetate:10,ethyl_acetate,10.0,including_summaries_sensitivity,ood_high_concentration,high,rf_raw,2.43,1.170378125901876
ethyl_acetate:33,ethyl_acetate:10,ethyl_acetate,10.0,including_summaries_sensitivity,ood_high_concentration,high,rf_raw,2.5700000000000003,1.170378125901876
ethyl_acetate:34,ethyl_acetate:10,ethyl_acetate,10.0,including_summaries_sensitivity,ood_high_concentration,high,rf_raw,3.18,1.170378125901876
hexane:50,hexane:3,hexane,3.0,including_summaries_sensitivity,ood_high_concentration,high,rf_log_interactions,3.73,2.9743878012265514
hexane:51,hexane:3,hexane,3.0,including_summaries_sensitivity,ood_high_concentration,high,rf_log_interactions,3.65,2.9743878012265514
hexane:52,hexane:3,hexane,3.0,including_summaries_sensitivity,ood_high_concentration,high,rf_log_interactions,3.64,2.9743878012265514
hexane:53,hexane:5,hexane,5.0,including_summaries_sensitivity,ood_high_concentration,high,rf_log_interactions,5.890000000000001,2.9743878012265514
hexane:54,hexane:5,hexane,5.0,including_summaries_sensitivity,ood_high_concentration,high,rf_log_interactions,5.9,2.9743878012265514
hexane:55,hexane:5,hexane,5.0,including_summaries_sensitivity,ood_high_concentration,high,rf_log_interactions,6.0,2.9743878012265514
hexane:56,hexane:7,hexane,7.0,including_summaries_sensitivity,ood_high_concentration,high,rf_log_interactions,9.3,2.9743878012265514
hexane:57,hexane:7,hexane,7.0,including_summaries_sensitivity,ood_high_concentration,high,rf_log_interactions,9.33,2.9743878012265514
hexane:58,hexane:7,hexane,7.0,including_summaries_sensitivity,ood_high_concentration,high,rf_log_interactions,9.24,2.9743878012265514
hexane:59,hexane:10,hexane,10.0,including_summaries_sensitivity,ood_high_concentration,high,rf_log_interactions,12.67,2.9743878012265514
toluene:14,toluene:10,toluene,10.0,including_summaries_sensitivity,ood_high_concentration,high,rf_log_interactions,0.41,2.968412801226552
toluene:15,toluene:40,toluene,40.0,including_summaries_sensitivity,ood_high_concentration,high,rf_log_interactions,0.18,2.968412801226552
toluene:16,toluene:50,toluene,50.0,including_summaries_sensitivity,ood_high_concentration,high,rf_log_interactions,0.1699999999999999,2.968412801226552
toluene:41,toluene:10,toluene,10.0,including_summaries_sensitivity,ood_high_concentration,high,rf_log_interactions,0.0999999999999999,2.968412801226552
toluene:42,toluene:10,toluene,10.0,including_summaries_sensitivity,ood_high_concentration,high,rf_log_interactions,0.0999999999999999,2.968412801226552
toluene:43,toluene:10,toluene,10.0,including_summaries_sensitivity,ood_high_concentration,high,rf_log_interactions,0.14,2.968412801226552
toluene:45,toluene:40,toluene,40.0,including_summaries_sensitivity,ood_high_concentration,high,rf_log_interactions,0.15,2.968412801226552
toluene:46,toluene:40,toluene,40.0,including_summaries_sensitivity,ood_high_concentration,high,rf_log_interactions,0.12,2.968412801226552
toluene:47,toluene:50,toluene,50.0,including_summaries_sensitivity,ood_high_concentration,high,rf_log_interactions,0.2099999999999999,2.968412801226552
toluene:48,toluene:50,toluene,50.0,including_summaries_sensitivity,ood_high_concentration,high,rf_log_interactions,0.1899999999999999,2.968412801226552
toluene:49,toluene:50,toluene,50.0,including_summaries_sensitivity,ood_high_concentration,high,rf_log_interactions,0.1799999999999999,2.968412801226552
toluene:50,toluene:50,toluene,50.0,including_summaries_sensitivity,ood_high_concentration,high,rf_log_interactions,0.17,2.968412801226552
toluene:51,toluene:50,toluene,50.0,including_summaries_sensitivity,ood_high_concentration,high,rf_log_interactions,0.14,2.968412801226552
toluene:52,toluene:50,toluene,50.0,including_summaries_sensitivity,ood_high_concentration,high,rf_log_interactions,0.12,2.968412801226552
ethyl_acetate:29,ethyl_acetate:5,ethyl_acetate,5.0,including_summaries_sensitivity,ood_high_concentration,high,rf_log_interactions,1.5699999999999998,1.138930357142857
ethyl_acetate:30,ethyl_acetate:5,ethyl_acetate,5.0,including_summaries_sensitivity,ood_high_concentration,high,rf_log_interactions,1.26,1.138930357142857
ethyl_acetate:31,ethyl_acetate:5,ethyl_acetate,5.0,including_summaries_sensitivity,ood_high_concentration,high,rf_log_interactions,1.34,1.138930357142857
ethyl_acetate:32,ethyl_acetate:10,ethyl_acetate,10.0,including_summaries_sensitivity,ood_high_concentration,high,rf_log_interactions,2.43,1.1333578571428573
ethyl_acetate:33,ethyl_acetate:10,ethyl_acetate,10.0,including_summaries_sensitivity,ood_high_concentration,high,rf_log_interactions,2.5700000000000003,1.1333578571428573
ethyl_acetate:34,ethyl_acetate:10,ethyl_acetate,10.0,including_summaries_sensitivity,ood_high_concentration,high,rf_log_interactions,3.18,1.1333578571428573
